	gene	sample	q_value	diversity
1	FOXJ2	SRR14800481	q_0.000	0.666666666666667
2	TMEM38A	SRR14800481	q_0.000	1
3	CCNE1	SRR14800481	q_0.000	0.333333333333333
4	MCOLN1	SRR14800481	q_0.000	1
5	FBXO3	SRR14800481	q_0.000	1
6	SLC25A16	SRR14800481	q_0.000	0.8
7	ZNF710	SRR14800481	q_0.000	1
8	TM7SF2	SRR14800481	q_0.000	1
9	UBP1	SRR14800481	q_0.000	1
10	SPICE1	SRR14800481	q_0.000	1
11	NPY1R	SRR14800481	q_0.000	1
12	CENPV	SRR14800481	q_0.000	1
13	METTL26	SRR14800481	q_0.000	0.6
14	MCC	SRR14800481	q_0.000	1
15	REG3A	SRR14800481	q_0.000	NA
16	USP38	SRR14800481	q_0.000	1
17	CYP2W1	SRR14800481	q_0.000	1
18	NFKBIB	SRR14800481	q_0.000	1
19	ING3	SRR14800481	q_0.000	0.8
20	HIGD1A	SRR14800481	q_0.000	1
21	DUOXA2	SRR14800481	q_0.000	0
22	CCDC149	SRR14800481	q_0.000	0.5
23	FAXDC2	SRR14800481	q_0.000	1
24	THOC6	SRR14800481	q_0.000	1
25	POLR2J4	SRR14800481	q_0.000	1
26	SYNM	SRR14800481	q_0.000	0
27	SPNS2	SRR14800481	q_0.000	1
28	SRPRA	SRR14800481	q_0.000	1
29	LINC03040	SRR14800481	q_0.000	0.5
30	RAP1GDS1	SRR14800481	q_0.000	0.857142857142857
31	ZNF493	SRR14800481	q_0.000	1
32	VRK2	SRR14800481	q_0.000	1
33	PMEPA1	SRR14800481	q_0.000	1
34	CXCL12	SRR14800481	q_0.000	1
35	EXOC1	SRR14800481	q_0.000	0.75
36	FAM114A2	SRR14800481	q_0.000	0.8
37	ANGEL2	SRR14800481	q_0.000	1
38	TMEM183A	SRR14800481	q_0.000	0.833333333333333
39	HDAC2	SRR14800481	q_0.000	0.4
40	ATG5	SRR14800481	q_0.000	1
41	SH3PXD2A	SRR14800481	q_0.000	1
42	IFIT3	SRR14800481	q_0.000	1
43	PBX2	SRR14800481	q_0.000	1
44	IRF3	SRR14800481	q_0.000	0.75
45	SPIRE2	SRR14800481	q_0.000	1
46	CYBB	SRR14800481	q_0.000	1
47	ASMTL	SRR14800481	q_0.000	1
48	ETFRF1	SRR14800481	q_0.000	1
49	PDE7A	SRR14800481	q_0.000	1
50	CDH24	SRR14800481	q_0.000	1
51	RELCH	SRR14800481	q_0.000	1
52	ZFP90	SRR14800481	q_0.000	0.6
53	SAR1B	SRR14800481	q_0.000	0.75
54	PPP1R2	SRR14800481	q_0.000	1
55	ENSG00000254706	SRR14800481	q_0.000	1
56	GSKIP	SRR14800481	q_0.000	1
57	GDI1	SRR14800481	q_0.000	1
58	PNPT1	SRR14800481	q_0.000	0.25
59	ZNF714	SRR14800481	q_0.000	1
60	SLC9A7	SRR14800481	q_0.000	0
61	DNAJC24	SRR14800481	q_0.000	1
62	TLN2	SRR14800481	q_0.000	0.875
63	SRP72	SRR14800481	q_0.000	0.75
64	NSA2	SRR14800481	q_0.000	1
65	THY1	SRR14800481	q_0.000	0.5
66	PICALM	SRR14800481	q_0.000	0.75
67	GLB1L2	SRR14800481	q_0.000	1
68	SNHG10	SRR14800481	q_0.000	1
69	MEF2A	SRR14800481	q_0.000	1
70	GIPR	SRR14800481	q_0.000	1
71	LINC02362	SRR14800481	q_0.000	0.8
72	ENSG00000274322	SRR14800481	q_0.000	1
73	ENSG00000291072	SRR14800481	q_0.000	1
74	A4GALT	SRR14800481	q_0.000	1
75	EPB41L4A-AS1	SRR14800481	q_0.000	1
76	NCF1C	SRR14800481	q_0.000	0.5
77	FOXJ2	SRR14800480	q_0.000	1
78	TMEM38A	SRR14800480	q_0.000	1
79	CCNE1	SRR14800480	q_0.000	0.666666666666667
80	MCOLN1	SRR14800480	q_0.000	1
81	FBXO3	SRR14800480	q_0.000	1
82	SLC25A16	SRR14800480	q_0.000	0.8
83	ZNF710	SRR14800480	q_0.000	1
84	TM7SF2	SRR14800480	q_0.000	1
85	UBP1	SRR14800480	q_0.000	0.666666666666667
86	SPICE1	SRR14800480	q_0.000	1
87	NPY1R	SRR14800480	q_0.000	1
88	CENPV	SRR14800480	q_0.000	1
89	METTL26	SRR14800480	q_0.000	0.6
90	MCC	SRR14800480	q_0.000	1
91	REG3A	SRR14800480	q_0.000	1
92	USP38	SRR14800480	q_0.000	1
93	CYP2W1	SRR14800480	q_0.000	1
94	NFKBIB	SRR14800480	q_0.000	1
95	ING3	SRR14800480	q_0.000	1
96	HIGD1A	SRR14800480	q_0.000	1
97	DUOXA2	SRR14800480	q_0.000	0
98	CCDC149	SRR14800480	q_0.000	1
99	FAXDC2	SRR14800480	q_0.000	1
100	THOC6	SRR14800480	q_0.000	1
101	POLR2J4	SRR14800480	q_0.000	0.833333333333333
102	SYNM	SRR14800480	q_0.000	1
103	SPNS2	SRR14800480	q_0.000	1
104	SRPRA	SRR14800480	q_0.000	1
105	LINC03040	SRR14800480	q_0.000	0.5
106	RAP1GDS1	SRR14800480	q_0.000	0.714285714285714
107	ZNF493	SRR14800480	q_0.000	1
108	VRK2	SRR14800480	q_0.000	1
109	PMEPA1	SRR14800480	q_0.000	1
110	CXCL12	SRR14800480	q_0.000	1
111	EXOC1	SRR14800480	q_0.000	0.5
112	FAM114A2	SRR14800480	q_0.000	0.4
113	ANGEL2	SRR14800480	q_0.000	0.833333333333333
114	TMEM183A	SRR14800480	q_0.000	0.833333333333333
115	HDAC2	SRR14800480	q_0.000	0.8
116	ATG5	SRR14800480	q_0.000	1
117	SH3PXD2A	SRR14800480	q_0.000	1
118	IFIT3	SRR14800480	q_0.000	1
119	PBX2	SRR14800480	q_0.000	0.75
120	IRF3	SRR14800480	q_0.000	1
121	SPIRE2	SRR14800480	q_0.000	1
122	CYBB	SRR14800480	q_0.000	1
123	ASMTL	SRR14800480	q_0.000	1
124	ETFRF1	SRR14800480	q_0.000	1
125	PDE7A	SRR14800480	q_0.000	1
126	CDH24	SRR14800480	q_0.000	0.5
127	RELCH	SRR14800480	q_0.000	1
128	ZFP90	SRR14800480	q_0.000	0.8
129	SAR1B	SRR14800480	q_0.000	1
130	PPP1R2	SRR14800480	q_0.000	0.5
131	ENSG00000254706	SRR14800480	q_0.000	1
132	GSKIP	SRR14800480	q_0.000	0.5
133	GDI1	SRR14800480	q_0.000	1
134	PNPT1	SRR14800480	q_0.000	0.75
135	ZNF714	SRR14800480	q_0.000	1
136	SLC9A7	SRR14800480	q_0.000	1
137	DNAJC24	SRR14800480	q_0.000	1
138	TLN2	SRR14800480	q_0.000	1
139	SRP72	SRR14800480	q_0.000	1
140	NSA2	SRR14800480	q_0.000	0.666666666666667
141	THY1	SRR14800480	q_0.000	0.5
142	PICALM	SRR14800480	q_0.000	0.875
143	GLB1L2	SRR14800480	q_0.000	1
144	SNHG10	SRR14800480	q_0.000	0.666666666666667
145	MEF2A	SRR14800480	q_0.000	1
146	GIPR	SRR14800480	q_0.000	1
147	LINC02362	SRR14800480	q_0.000	1
148	ENSG00000274322	SRR14800480	q_0.000	1
149	ENSG00000291072	SRR14800480	q_0.000	1
150	A4GALT	SRR14800480	q_0.000	0.666666666666667
151	EPB41L4A-AS1	SRR14800480	q_0.000	0.75
152	NCF1C	SRR14800480	q_0.000	1
153	FOXJ2	SRR14800477	q_0.000	0.666666666666667
154	TMEM38A	SRR14800477	q_0.000	1
155	CCNE1	SRR14800477	q_0.000	0
156	MCOLN1	SRR14800477	q_0.000	1
157	FBXO3	SRR14800477	q_0.000	1
158	SLC25A16	SRR14800477	q_0.000	1
159	ZNF710	SRR14800477	q_0.000	1
160	TM7SF2	SRR14800477	q_0.000	1
161	UBP1	SRR14800477	q_0.000	1
162	SPICE1	SRR14800477	q_0.000	1
163	NPY1R	SRR14800477	q_0.000	0.666666666666667
164	CENPV	SRR14800477	q_0.000	1
165	METTL26	SRR14800477	q_0.000	0.8
166	MCC	SRR14800477	q_0.000	1
167	REG3A	SRR14800477	q_0.000	NA
168	USP38	SRR14800477	q_0.000	1
169	CYP2W1	SRR14800477	q_0.000	0
170	NFKBIB	SRR14800477	q_0.000	1
171	ING3	SRR14800477	q_0.000	0.8
172	HIGD1A	SRR14800477	q_0.000	1
173	DUOXA2	SRR14800477	q_0.000	NA
174	CCDC149	SRR14800477	q_0.000	1
175	FAXDC2	SRR14800477	q_0.000	1
176	THOC6	SRR14800477	q_0.000	1
177	POLR2J4	SRR14800477	q_0.000	1
178	SYNM	SRR14800477	q_0.000	1
179	SPNS2	SRR14800477	q_0.000	0
180	SRPRA	SRR14800477	q_0.000	1
181	LINC03040	SRR14800477	q_0.000	0
182	RAP1GDS1	SRR14800477	q_0.000	0.714285714285714
183	ZNF493	SRR14800477	q_0.000	1
184	VRK2	SRR14800477	q_0.000	1
185	PMEPA1	SRR14800477	q_0.000	1
186	CXCL12	SRR14800477	q_0.000	1
187	EXOC1	SRR14800477	q_0.000	1
188	FAM114A2	SRR14800477	q_0.000	0.8
189	ANGEL2	SRR14800477	q_0.000	1
190	TMEM183A	SRR14800477	q_0.000	0.833333333333333
191	HDAC2	SRR14800477	q_0.000	0.8
192	ATG5	SRR14800477	q_0.000	1
193	SH3PXD2A	SRR14800477	q_0.000	1
194	IFIT3	SRR14800477	q_0.000	0
195	PBX2	SRR14800477	q_0.000	0.75
196	IRF3	SRR14800477	q_0.000	1
197	SPIRE2	SRR14800477	q_0.000	1
198	CYBB	SRR14800477	q_0.000	1
199	ASMTL	SRR14800477	q_0.000	1
200	ETFRF1	SRR14800477	q_0.000	1
201	PDE7A	SRR14800477	q_0.000	1
202	CDH24	SRR14800477	q_0.000	0.5
203	RELCH	SRR14800477	q_0.000	1
204	ZFP90	SRR14800477	q_0.000	0.6
205	SAR1B	SRR14800477	q_0.000	1
206	PPP1R2	SRR14800477	q_0.000	0.5
207	ENSG00000254706	SRR14800477	q_0.000	1
208	GSKIP	SRR14800477	q_0.000	0.5
209	GDI1	SRR14800477	q_0.000	0.5
210	PNPT1	SRR14800477	q_0.000	1
211	ZNF714	SRR14800477	q_0.000	1
212	SLC9A7	SRR14800477	q_0.000	0
213	DNAJC24	SRR14800477	q_0.000	1
214	TLN2	SRR14800477	q_0.000	0.75
215	SRP72	SRR14800477	q_0.000	1
216	NSA2	SRR14800477	q_0.000	0.666666666666667
217	THY1	SRR14800477	q_0.000	0.5
218	PICALM	SRR14800477	q_0.000	0.75
219	GLB1L2	SRR14800477	q_0.000	1
220	SNHG10	SRR14800477	q_0.000	1
221	MEF2A	SRR14800477	q_0.000	1
222	GIPR	SRR14800477	q_0.000	1
223	LINC02362	SRR14800477	q_0.000	1
224	ENSG00000274322	SRR14800477	q_0.000	1
225	ENSG00000291072	SRR14800477	q_0.000	0.833333333333333
226	A4GALT	SRR14800477	q_0.000	0.666666666666667
227	EPB41L4A-AS1	SRR14800477	q_0.000	1
228	NCF1C	SRR14800477	q_0.000	1
229	FOXJ2	SRR14800476	q_0.000	0.666666666666667
230	TMEM38A	SRR14800476	q_0.000	1
231	CCNE1	SRR14800476	q_0.000	1
232	MCOLN1	SRR14800476	q_0.000	1
233	FBXO3	SRR14800476	q_0.000	1
234	SLC25A16	SRR14800476	q_0.000	0.8
235	ZNF710	SRR14800476	q_0.000	1
236	TM7SF2	SRR14800476	q_0.000	1
237	UBP1	SRR14800476	q_0.000	1
238	SPICE1	SRR14800476	q_0.000	1
239	NPY1R	SRR14800476	q_0.000	1
240	CENPV	SRR14800476	q_0.000	1
241	METTL26	SRR14800476	q_0.000	0.6
242	MCC	SRR14800476	q_0.000	1
243	REG3A	SRR14800476	q_0.000	0
244	USP38	SRR14800476	q_0.000	1
245	CYP2W1	SRR14800476	q_0.000	0
246	NFKBIB	SRR14800476	q_0.000	1
247	ING3	SRR14800476	q_0.000	0.8
248	HIGD1A	SRR14800476	q_0.000	1
249	DUOXA2	SRR14800476	q_0.000	0
250	CCDC149	SRR14800476	q_0.000	0.75
251	FAXDC2	SRR14800476	q_0.000	1
252	THOC6	SRR14800476	q_0.000	0.5
253	POLR2J4	SRR14800476	q_0.000	0.833333333333333
254	SYNM	SRR14800476	q_0.000	1
255	SPNS2	SRR14800476	q_0.000	1
256	SRPRA	SRR14800476	q_0.000	1
257	LINC03040	SRR14800476	q_0.000	0.5
258	RAP1GDS1	SRR14800476	q_0.000	0.571428571428571
259	ZNF493	SRR14800476	q_0.000	1
260	VRK2	SRR14800476	q_0.000	1
261	PMEPA1	SRR14800476	q_0.000	1
262	CXCL12	SRR14800476	q_0.000	1
263	EXOC1	SRR14800476	q_0.000	0.75
264	FAM114A2	SRR14800476	q_0.000	0.6
265	ANGEL2	SRR14800476	q_0.000	1
266	TMEM183A	SRR14800476	q_0.000	1
267	HDAC2	SRR14800476	q_0.000	1
268	ATG5	SRR14800476	q_0.000	1
269	SH3PXD2A	SRR14800476	q_0.000	1
270	IFIT3	SRR14800476	q_0.000	1
271	PBX2	SRR14800476	q_0.000	0.75
272	IRF3	SRR14800476	q_0.000	1
273	SPIRE2	SRR14800476	q_0.000	1
274	CYBB	SRR14800476	q_0.000	1
275	ASMTL	SRR14800476	q_0.000	1
276	ETFRF1	SRR14800476	q_0.000	1
277	PDE7A	SRR14800476	q_0.000	0.8
278	CDH24	SRR14800476	q_0.000	0.5
279	RELCH	SRR14800476	q_0.000	1
280	ZFP90	SRR14800476	q_0.000	0.8
281	SAR1B	SRR14800476	q_0.000	1
282	PPP1R2	SRR14800476	q_0.000	0.5
283	ENSG00000254706	SRR14800476	q_0.000	1
284	GSKIP	SRR14800476	q_0.000	0.5
285	GDI1	SRR14800476	q_0.000	1
286	PNPT1	SRR14800476	q_0.000	0.75
287	ZNF714	SRR14800476	q_0.000	1
288	SLC9A7	SRR14800476	q_0.000	1
289	DNAJC24	SRR14800476	q_0.000	1
290	TLN2	SRR14800476	q_0.000	0.875
291	SRP72	SRR14800476	q_0.000	1
292	NSA2	SRR14800476	q_0.000	1
293	THY1	SRR14800476	q_0.000	0.5
294	PICALM	SRR14800476	q_0.000	1
295	GLB1L2	SRR14800476	q_0.000	1
296	SNHG10	SRR14800476	q_0.000	1
297	MEF2A	SRR14800476	q_0.000	1
298	GIPR	SRR14800476	q_0.000	1
299	LINC02362	SRR14800476	q_0.000	1
300	ENSG00000274322	SRR14800476	q_0.000	1
301	ENSG00000291072	SRR14800476	q_0.000	1
302	A4GALT	SRR14800476	q_0.000	0.333333333333333
303	EPB41L4A-AS1	SRR14800476	q_0.000	0.75
304	NCF1C	SRR14800476	q_0.000	0.5
305	FOXJ2	SRR14800475	q_0.000	1
306	TMEM38A	SRR14800475	q_0.000	1
307	CCNE1	SRR14800475	q_0.000	0.333333333333333
308	MCOLN1	SRR14800475	q_0.000	1
309	FBXO3	SRR14800475	q_0.000	1
310	SLC25A16	SRR14800475	q_0.000	0.8
311	ZNF710	SRR14800475	q_0.000	1
312	TM7SF2	SRR14800475	q_0.000	0.5
313	UBP1	SRR14800475	q_0.000	1
314	SPICE1	SRR14800475	q_0.000	1
315	NPY1R	SRR14800475	q_0.000	0.333333333333333
316	CENPV	SRR14800475	q_0.000	1
317	METTL26	SRR14800475	q_0.000	0.8
318	MCC	SRR14800475	q_0.000	1
319	REG3A	SRR14800475	q_0.000	0
320	USP38	SRR14800475	q_0.000	0.833333333333333
321	CYP2W1	SRR14800475	q_0.000	0
322	NFKBIB	SRR14800475	q_0.000	1
323	ING3	SRR14800475	q_0.000	0.6
324	HIGD1A	SRR14800475	q_0.000	1
325	DUOXA2	SRR14800475	q_0.000	1
326	CCDC149	SRR14800475	q_0.000	1
327	FAXDC2	SRR14800475	q_0.000	1
328	THOC6	SRR14800475	q_0.000	1
329	POLR2J4	SRR14800475	q_0.000	1
330	SYNM	SRR14800475	q_0.000	1
331	SPNS2	SRR14800475	q_0.000	1
332	SRPRA	SRR14800475	q_0.000	0.5
333	LINC03040	SRR14800475	q_0.000	1
334	RAP1GDS1	SRR14800475	q_0.000	0.571428571428571
335	ZNF493	SRR14800475	q_0.000	1
336	VRK2	SRR14800475	q_0.000	1
337	PMEPA1	SRR14800475	q_0.000	1
338	CXCL12	SRR14800475	q_0.000	1
339	EXOC1	SRR14800475	q_0.000	0.5
340	FAM114A2	SRR14800475	q_0.000	0.8
341	ANGEL2	SRR14800475	q_0.000	0.666666666666667
342	TMEM183A	SRR14800475	q_0.000	1
343	HDAC2	SRR14800475	q_0.000	0.8
344	ATG5	SRR14800475	q_0.000	1
345	SH3PXD2A	SRR14800475	q_0.000	1
346	IFIT3	SRR14800475	q_0.000	1
347	PBX2	SRR14800475	q_0.000	1
348	IRF3	SRR14800475	q_0.000	1
349	SPIRE2	SRR14800475	q_0.000	0.8
350	CYBB	SRR14800475	q_0.000	1
351	ASMTL	SRR14800475	q_0.000	1
352	ETFRF1	SRR14800475	q_0.000	1
353	PDE7A	SRR14800475	q_0.000	1
354	CDH24	SRR14800475	q_0.000	0.5
355	RELCH	SRR14800475	q_0.000	0.714285714285714
356	ZFP90	SRR14800475	q_0.000	0.8
357	SAR1B	SRR14800475	q_0.000	0.75
358	PPP1R2	SRR14800475	q_0.000	1
359	ENSG00000254706	SRR14800475	q_0.000	1
360	GSKIP	SRR14800475	q_0.000	0.5
361	GDI1	SRR14800475	q_0.000	0.5
362	PNPT1	SRR14800475	q_0.000	0.5
363	ZNF714	SRR14800475	q_0.000	0.666666666666667
364	SLC9A7	SRR14800475	q_0.000	1
365	DNAJC24	SRR14800475	q_0.000	1
366	TLN2	SRR14800475	q_0.000	0.625
367	SRP72	SRR14800475	q_0.000	1
368	NSA2	SRR14800475	q_0.000	1
369	THY1	SRR14800475	q_0.000	0.5
370	PICALM	SRR14800475	q_0.000	0.875
371	GLB1L2	SRR14800475	q_0.000	1
372	SNHG10	SRR14800475	q_0.000	1
373	MEF2A	SRR14800475	q_0.000	0.75
374	GIPR	SRR14800475	q_0.000	NA
375	LINC02362	SRR14800475	q_0.000	0.6
376	ENSG00000274322	SRR14800475	q_0.000	0
377	ENSG00000291072	SRR14800475	q_0.000	0.833333333333333
378	A4GALT	SRR14800475	q_0.000	1
379	EPB41L4A-AS1	SRR14800475	q_0.000	0.5
380	NCF1C	SRR14800475	q_0.000	0.5
381	FOXJ2	SRR14800490	q_0.000	1
382	TMEM38A	SRR14800490	q_0.000	1
383	CCNE1	SRR14800490	q_0.000	NA
384	MCOLN1	SRR14800490	q_0.000	1
385	FBXO3	SRR14800490	q_0.000	0.8
386	SLC25A16	SRR14800490	q_0.000	0.8
387	ZNF710	SRR14800490	q_0.000	1
388	TM7SF2	SRR14800490	q_0.000	1
389	UBP1	SRR14800490	q_0.000	1
390	SPICE1	SRR14800490	q_0.000	1
391	NPY1R	SRR14800490	q_0.000	1
392	CENPV	SRR14800490	q_0.000	1
393	METTL26	SRR14800490	q_0.000	0.8
394	MCC	SRR14800490	q_0.000	1
395	REG3A	SRR14800490	q_0.000	NA
396	USP38	SRR14800490	q_0.000	0.833333333333333
397	CYP2W1	SRR14800490	q_0.000	0
398	NFKBIB	SRR14800490	q_0.000	1
399	ING3	SRR14800490	q_0.000	0.8
400	HIGD1A	SRR14800490	q_0.000	1
401	DUOXA2	SRR14800490	q_0.000	NA
402	CCDC149	SRR14800490	q_0.000	1
403	FAXDC2	SRR14800490	q_0.000	1
404	THOC6	SRR14800490	q_0.000	1
405	POLR2J4	SRR14800490	q_0.000	1
406	SYNM	SRR14800490	q_0.000	1
407	SPNS2	SRR14800490	q_0.000	0
408	SRPRA	SRR14800490	q_0.000	1
409	LINC03040	SRR14800490	q_0.000	0
410	RAP1GDS1	SRR14800490	q_0.000	0.571428571428571
411	ZNF493	SRR14800490	q_0.000	1
412	VRK2	SRR14800490	q_0.000	1
413	PMEPA1	SRR14800490	q_0.000	1
414	CXCL12	SRR14800490	q_0.000	1
415	EXOC1	SRR14800490	q_0.000	0.75
416	FAM114A2	SRR14800490	q_0.000	0.8
417	ANGEL2	SRR14800490	q_0.000	1
418	TMEM183A	SRR14800490	q_0.000	0.833333333333333
419	HDAC2	SRR14800490	q_0.000	0.8
420	ATG5	SRR14800490	q_0.000	1
421	SH3PXD2A	SRR14800490	q_0.000	1
422	IFIT3	SRR14800490	q_0.000	1
423	PBX2	SRR14800490	q_0.000	0.5
424	IRF3	SRR14800490	q_0.000	1
425	SPIRE2	SRR14800490	q_0.000	1
426	CYBB	SRR14800490	q_0.000	1
427	ASMTL	SRR14800490	q_0.000	1
428	ETFRF1	SRR14800490	q_0.000	1
429	PDE7A	SRR14800490	q_0.000	0.8
430	CDH24	SRR14800490	q_0.000	0.5
431	RELCH	SRR14800490	q_0.000	0.714285714285714
432	ZFP90	SRR14800490	q_0.000	0.8
433	SAR1B	SRR14800490	q_0.000	0.75
434	PPP1R2	SRR14800490	q_0.000	1
435	ENSG00000254706	SRR14800490	q_0.000	1
436	GSKIP	SRR14800490	q_0.000	0
437	GDI1	SRR14800490	q_0.000	1
438	PNPT1	SRR14800490	q_0.000	0.5
439	ZNF714	SRR14800490	q_0.000	0.333333333333333
440	SLC9A7	SRR14800490	q_0.000	1
441	DNAJC24	SRR14800490	q_0.000	0.8
442	TLN2	SRR14800490	q_0.000	0.75
443	SRP72	SRR14800490	q_0.000	1
444	NSA2	SRR14800490	q_0.000	0.666666666666667
445	THY1	SRR14800490	q_0.000	0.5
446	PICALM	SRR14800490	q_0.000	0.875
447	GLB1L2	SRR14800490	q_0.000	1
448	SNHG10	SRR14800490	q_0.000	0.666666666666667
449	MEF2A	SRR14800490	q_0.000	1
450	GIPR	SRR14800490	q_0.000	NA
451	LINC02362	SRR14800490	q_0.000	0.8
452	ENSG00000274322	SRR14800490	q_0.000	1
453	ENSG00000291072	SRR14800490	q_0.000	0.833333333333333
454	A4GALT	SRR14800490	q_0.000	1
455	EPB41L4A-AS1	SRR14800490	q_0.000	0.75
456	NCF1C	SRR14800490	q_0.000	0.5
457	FOXJ2	SRR14800489	q_0.000	1
458	TMEM38A	SRR14800489	q_0.000	1
459	CCNE1	SRR14800489	q_0.000	0.333333333333333
460	MCOLN1	SRR14800489	q_0.000	1
461	FBXO3	SRR14800489	q_0.000	1
462	SLC25A16	SRR14800489	q_0.000	0.6
463	ZNF710	SRR14800489	q_0.000	1
464	TM7SF2	SRR14800489	q_0.000	1
465	UBP1	SRR14800489	q_0.000	1
466	SPICE1	SRR14800489	q_0.000	0.666666666666667
467	NPY1R	SRR14800489	q_0.000	1
468	CENPV	SRR14800489	q_0.000	1
469	METTL26	SRR14800489	q_0.000	1
470	MCC	SRR14800489	q_0.000	1
471	REG3A	SRR14800489	q_0.000	NA
472	USP38	SRR14800489	q_0.000	1
473	CYP2W1	SRR14800489	q_0.000	0
474	NFKBIB	SRR14800489	q_0.000	1
475	ING3	SRR14800489	q_0.000	1
476	HIGD1A	SRR14800489	q_0.000	1
477	DUOXA2	SRR14800489	q_0.000	1
478	CCDC149	SRR14800489	q_0.000	1
479	FAXDC2	SRR14800489	q_0.000	1
480	THOC6	SRR14800489	q_0.000	1
481	POLR2J4	SRR14800489	q_0.000	0.833333333333333
482	SYNM	SRR14800489	q_0.000	1
483	SPNS2	SRR14800489	q_0.000	0
484	SRPRA	SRR14800489	q_0.000	1
485	LINC03040	SRR14800489	q_0.000	0
486	RAP1GDS1	SRR14800489	q_0.000	1
487	ZNF493	SRR14800489	q_0.000	1
488	VRK2	SRR14800489	q_0.000	1
489	PMEPA1	SRR14800489	q_0.000	1
490	CXCL12	SRR14800489	q_0.000	1
491	EXOC1	SRR14800489	q_0.000	1
492	FAM114A2	SRR14800489	q_0.000	0.8
493	ANGEL2	SRR14800489	q_0.000	1
494	TMEM183A	SRR14800489	q_0.000	1
495	HDAC2	SRR14800489	q_0.000	0.6
496	ATG5	SRR14800489	q_0.000	1
497	SH3PXD2A	SRR14800489	q_0.000	1
498	IFIT3	SRR14800489	q_0.000	1
499	PBX2	SRR14800489	q_0.000	0.75
500	IRF3	SRR14800489	q_0.000	1
501	SPIRE2	SRR14800489	q_0.000	1
502	CYBB	SRR14800489	q_0.000	1
503	ASMTL	SRR14800489	q_0.000	1
504	ETFRF1	SRR14800489	q_0.000	1
505	PDE7A	SRR14800489	q_0.000	0.8
506	CDH24	SRR14800489	q_0.000	0.5
507	RELCH	SRR14800489	q_0.000	1
508	ZFP90	SRR14800489	q_0.000	0.6
509	SAR1B	SRR14800489	q_0.000	1
510	PPP1R2	SRR14800489	q_0.000	1
511	ENSG00000254706	SRR14800489	q_0.000	1
512	GSKIP	SRR14800489	q_0.000	0
513	GDI1	SRR14800489	q_0.000	1
514	PNPT1	SRR14800489	q_0.000	0.75
515	ZNF714	SRR14800489	q_0.000	1
516	SLC9A7	SRR14800489	q_0.000	1
517	DNAJC24	SRR14800489	q_0.000	1
518	TLN2	SRR14800489	q_0.000	1
519	SRP72	SRR14800489	q_0.000	1
520	NSA2	SRR14800489	q_0.000	0.666666666666667
521	THY1	SRR14800489	q_0.000	1
522	PICALM	SRR14800489	q_0.000	0.875
523	GLB1L2	SRR14800489	q_0.000	1
524	SNHG10	SRR14800489	q_0.000	1
525	MEF2A	SRR14800489	q_0.000	1
526	GIPR	SRR14800489	q_0.000	1
527	LINC02362	SRR14800489	q_0.000	1
528	ENSG00000274322	SRR14800489	q_0.000	1
529	ENSG00000291072	SRR14800489	q_0.000	1
530	A4GALT	SRR14800489	q_0.000	0.666666666666667
531	EPB41L4A-AS1	SRR14800489	q_0.000	0.75
532	NCF1C	SRR14800489	q_0.000	1
533	FOXJ2	SRR14800488	q_0.000	0.333333333333333
534	TMEM38A	SRR14800488	q_0.000	1
535	CCNE1	SRR14800488	q_0.000	0.333333333333333
536	MCOLN1	SRR14800488	q_0.000	1
537	FBXO3	SRR14800488	q_0.000	0.8
538	SLC25A16	SRR14800488	q_0.000	1
539	ZNF710	SRR14800488	q_0.000	1
540	TM7SF2	SRR14800488	q_0.000	1
541	UBP1	SRR14800488	q_0.000	1
542	SPICE1	SRR14800488	q_0.000	1
543	NPY1R	SRR14800488	q_0.000	0.666666666666667
544	CENPV	SRR14800488	q_0.000	1
545	METTL26	SRR14800488	q_0.000	0.8
546	MCC	SRR14800488	q_0.000	1
547	REG3A	SRR14800488	q_0.000	0
548	USP38	SRR14800488	q_0.000	0.833333333333333
549	CYP2W1	SRR14800488	q_0.000	0
550	NFKBIB	SRR14800488	q_0.000	1
551	ING3	SRR14800488	q_0.000	0.8
552	HIGD1A	SRR14800488	q_0.000	1
553	DUOXA2	SRR14800488	q_0.000	0
554	CCDC149	SRR14800488	q_0.000	1
555	FAXDC2	SRR14800488	q_0.000	1
556	THOC6	SRR14800488	q_0.000	1
557	POLR2J4	SRR14800488	q_0.000	0.833333333333333
558	SYNM	SRR14800488	q_0.000	0
559	SPNS2	SRR14800488	q_0.000	0
560	SRPRA	SRR14800488	q_0.000	1
561	LINC03040	SRR14800488	q_0.000	0.5
562	RAP1GDS1	SRR14800488	q_0.000	0.714285714285714
563	ZNF493	SRR14800488	q_0.000	1
564	VRK2	SRR14800488	q_0.000	1
565	PMEPA1	SRR14800488	q_0.000	1
566	CXCL12	SRR14800488	q_0.000	1
567	EXOC1	SRR14800488	q_0.000	0.75
568	FAM114A2	SRR14800488	q_0.000	0.8
569	ANGEL2	SRR14800488	q_0.000	1
570	TMEM183A	SRR14800488	q_0.000	0.833333333333333
571	HDAC2	SRR14800488	q_0.000	0.8
572	ATG5	SRR14800488	q_0.000	1
573	SH3PXD2A	SRR14800488	q_0.000	1
574	IFIT3	SRR14800488	q_0.000	1
575	PBX2	SRR14800488	q_0.000	0.75
576	IRF3	SRR14800488	q_0.000	0.75
577	SPIRE2	SRR14800488	q_0.000	1
578	CYBB	SRR14800488	q_0.000	1
579	ASMTL	SRR14800488	q_0.000	1
580	ETFRF1	SRR14800488	q_0.000	1
581	PDE7A	SRR14800488	q_0.000	0.6
582	CDH24	SRR14800488	q_0.000	1
583	RELCH	SRR14800488	q_0.000	0.714285714285714
584	ZFP90	SRR14800488	q_0.000	0.6
585	SAR1B	SRR14800488	q_0.000	0.75
586	PPP1R2	SRR14800488	q_0.000	1
587	ENSG00000254706	SRR14800488	q_0.000	1
588	GSKIP	SRR14800488	q_0.000	1
589	GDI1	SRR14800488	q_0.000	1
590	PNPT1	SRR14800488	q_0.000	0.25
591	ZNF714	SRR14800488	q_0.000	1
592	SLC9A7	SRR14800488	q_0.000	1
593	DNAJC24	SRR14800488	q_0.000	1
594	TLN2	SRR14800488	q_0.000	1
595	SRP72	SRR14800488	q_0.000	0.75
596	NSA2	SRR14800488	q_0.000	1
597	THY1	SRR14800488	q_0.000	1
598	PICALM	SRR14800488	q_0.000	0.875
599	GLB1L2	SRR14800488	q_0.000	1
600	SNHG10	SRR14800488	q_0.000	1
601	MEF2A	SRR14800488	q_0.000	1
602	GIPR	SRR14800488	q_0.000	1
603	LINC02362	SRR14800488	q_0.000	0.8
604	ENSG00000274322	SRR14800488	q_0.000	1
605	ENSG00000291072	SRR14800488	q_0.000	1
606	A4GALT	SRR14800488	q_0.000	0.666666666666667
607	EPB41L4A-AS1	SRR14800488	q_0.000	1
608	NCF1C	SRR14800488	q_0.000	0
609	FOXJ2	SRR14800479	q_0.000	0.666666666666667
610	TMEM38A	SRR14800479	q_0.000	1
611	CCNE1	SRR14800479	q_0.000	1
612	MCOLN1	SRR14800479	q_0.000	1
613	FBXO3	SRR14800479	q_0.000	0.6
614	SLC25A16	SRR14800479	q_0.000	0.6
615	ZNF710	SRR14800479	q_0.000	1
616	TM7SF2	SRR14800479	q_0.000	1
617	UBP1	SRR14800479	q_0.000	1
618	SPICE1	SRR14800479	q_0.000	1
619	NPY1R	SRR14800479	q_0.000	0
620	CENPV	SRR14800479	q_0.000	1
621	METTL26	SRR14800479	q_0.000	0.8
622	MCC	SRR14800479	q_0.000	1
623	REG3A	SRR14800479	q_0.000	1
624	USP38	SRR14800479	q_0.000	0.833333333333333
625	CYP2W1	SRR14800479	q_0.000	1
626	NFKBIB	SRR14800479	q_0.000	1
627	ING3	SRR14800479	q_0.000	1
628	HIGD1A	SRR14800479	q_0.000	1
629	DUOXA2	SRR14800479	q_0.000	1
630	CCDC149	SRR14800479	q_0.000	0.75
631	FAXDC2	SRR14800479	q_0.000	1
632	THOC6	SRR14800479	q_0.000	1
633	POLR2J4	SRR14800479	q_0.000	0.833333333333333
634	SYNM	SRR14800479	q_0.000	0
635	SPNS2	SRR14800479	q_0.000	0
636	SRPRA	SRR14800479	q_0.000	1
637	LINC03040	SRR14800479	q_0.000	1
638	RAP1GDS1	SRR14800479	q_0.000	0.714285714285714
639	ZNF493	SRR14800479	q_0.000	1
640	VRK2	SRR14800479	q_0.000	1
641	PMEPA1	SRR14800479	q_0.000	1
642	CXCL12	SRR14800479	q_0.000	0.5
643	EXOC1	SRR14800479	q_0.000	0.5
644	FAM114A2	SRR14800479	q_0.000	0.8
645	ANGEL2	SRR14800479	q_0.000	1
646	TMEM183A	SRR14800479	q_0.000	0.5
647	HDAC2	SRR14800479	q_0.000	1
648	ATG5	SRR14800479	q_0.000	1
649	SH3PXD2A	SRR14800479	q_0.000	1
650	IFIT3	SRR14800479	q_0.000	0
651	PBX2	SRR14800479	q_0.000	1
652	IRF3	SRR14800479	q_0.000	0.75
653	SPIRE2	SRR14800479	q_0.000	1
654	CYBB	SRR14800479	q_0.000	0.5
655	ASMTL	SRR14800479	q_0.000	1
656	ETFRF1	SRR14800479	q_0.000	1
657	PDE7A	SRR14800479	q_0.000	0.8
658	CDH24	SRR14800479	q_0.000	1
659	RELCH	SRR14800479	q_0.000	0.857142857142857
660	ZFP90	SRR14800479	q_0.000	0.6
661	SAR1B	SRR14800479	q_0.000	0.5
662	PPP1R2	SRR14800479	q_0.000	1
663	ENSG00000254706	SRR14800479	q_0.000	0
664	GSKIP	SRR14800479	q_0.000	1
665	GDI1	SRR14800479	q_0.000	1
666	PNPT1	SRR14800479	q_0.000	0.5
667	ZNF714	SRR14800479	q_0.000	1
668	SLC9A7	SRR14800479	q_0.000	0
669	DNAJC24	SRR14800479	q_0.000	1
670	TLN2	SRR14800479	q_0.000	0.75
671	SRP72	SRR14800479	q_0.000	0.75
672	NSA2	SRR14800479	q_0.000	1
673	THY1	SRR14800479	q_0.000	1
674	PICALM	SRR14800479	q_0.000	0.875
675	GLB1L2	SRR14800479	q_0.000	1
676	SNHG10	SRR14800479	q_0.000	1
677	MEF2A	SRR14800479	q_0.000	0.75
678	GIPR	SRR14800479	q_0.000	1
679	LINC02362	SRR14800479	q_0.000	0.6
680	ENSG00000274322	SRR14800479	q_0.000	1
681	ENSG00000291072	SRR14800479	q_0.000	0.833333333333333
682	A4GALT	SRR14800479	q_0.000	0.666666666666667
683	EPB41L4A-AS1	SRR14800479	q_0.000	0.75
684	NCF1C	SRR14800479	q_0.000	0
685	FOXJ2	SRR14800478	q_0.000	0.666666666666667
686	TMEM38A	SRR14800478	q_0.000	0
687	CCNE1	SRR14800478	q_0.000	1
688	MCOLN1	SRR14800478	q_0.000	1
689	FBXO3	SRR14800478	q_0.000	1
690	SLC25A16	SRR14800478	q_0.000	1
691	ZNF710	SRR14800478	q_0.000	1
692	TM7SF2	SRR14800478	q_0.000	1
693	UBP1	SRR14800478	q_0.000	1
694	SPICE1	SRR14800478	q_0.000	1
695	NPY1R	SRR14800478	q_0.000	0
696	CENPV	SRR14800478	q_0.000	1
697	METTL26	SRR14800478	q_0.000	1
698	MCC	SRR14800478	q_0.000	1
699	REG3A	SRR14800478	q_0.000	1
700	USP38	SRR14800478	q_0.000	1
701	CYP2W1	SRR14800478	q_0.000	1
702	NFKBIB	SRR14800478	q_0.000	1
703	ING3	SRR14800478	q_0.000	0.8
704	HIGD1A	SRR14800478	q_0.000	1
705	DUOXA2	SRR14800478	q_0.000	1
706	CCDC149	SRR14800478	q_0.000	0.75
707	FAXDC2	SRR14800478	q_0.000	1
708	THOC6	SRR14800478	q_0.000	1
709	POLR2J4	SRR14800478	q_0.000	0.833333333333333
710	SYNM	SRR14800478	q_0.000	1
711	SPNS2	SRR14800478	q_0.000	1
712	SRPRA	SRR14800478	q_0.000	1
713	LINC03040	SRR14800478	q_0.000	1
714	RAP1GDS1	SRR14800478	q_0.000	1
715	ZNF493	SRR14800478	q_0.000	1
716	VRK2	SRR14800478	q_0.000	1
717	PMEPA1	SRR14800478	q_0.000	1
718	CXCL12	SRR14800478	q_0.000	1
719	EXOC1	SRR14800478	q_0.000	1
720	FAM114A2	SRR14800478	q_0.000	0.6
721	ANGEL2	SRR14800478	q_0.000	1
722	TMEM183A	SRR14800478	q_0.000	1
723	HDAC2	SRR14800478	q_0.000	0.8
724	ATG5	SRR14800478	q_0.000	1
725	SH3PXD2A	SRR14800478	q_0.000	1
726	IFIT3	SRR14800478	q_0.000	1
727	PBX2	SRR14800478	q_0.000	1
728	IRF3	SRR14800478	q_0.000	1
729	SPIRE2	SRR14800478	q_0.000	1
730	CYBB	SRR14800478	q_0.000	1
731	ASMTL	SRR14800478	q_0.000	0
732	ETFRF1	SRR14800478	q_0.000	1
733	PDE7A	SRR14800478	q_0.000	1
734	CDH24	SRR14800478	q_0.000	1
735	RELCH	SRR14800478	q_0.000	0.857142857142857
736	ZFP90	SRR14800478	q_0.000	0.8
737	SAR1B	SRR14800478	q_0.000	1
738	PPP1R2	SRR14800478	q_0.000	1
739	ENSG00000254706	SRR14800478	q_0.000	1
740	GSKIP	SRR14800478	q_0.000	0.5
741	GDI1	SRR14800478	q_0.000	1
742	PNPT1	SRR14800478	q_0.000	1
743	ZNF714	SRR14800478	q_0.000	1
744	SLC9A7	SRR14800478	q_0.000	1
745	DNAJC24	SRR14800478	q_0.000	1
746	TLN2	SRR14800478	q_0.000	0.75
747	SRP72	SRR14800478	q_0.000	1
748	NSA2	SRR14800478	q_0.000	0.666666666666667
749	THY1	SRR14800478	q_0.000	1
750	PICALM	SRR14800478	q_0.000	1
751	GLB1L2	SRR14800478	q_0.000	1
752	SNHG10	SRR14800478	q_0.000	1
753	MEF2A	SRR14800478	q_0.000	1
754	GIPR	SRR14800478	q_0.000	1
755	LINC02362	SRR14800478	q_0.000	0.8
756	ENSG00000274322	SRR14800478	q_0.000	1
757	ENSG00000291072	SRR14800478	q_0.000	0.833333333333333
758	A4GALT	SRR14800478	q_0.000	1
759	EPB41L4A-AS1	SRR14800478	q_0.000	1
760	NCF1C	SRR14800478	q_0.000	0
761	FOXJ2	SRR14800487	q_0.000	1
762	TMEM38A	SRR14800487	q_0.000	1
763	CCNE1	SRR14800487	q_0.000	1
764	MCOLN1	SRR14800487	q_0.000	1
765	FBXO3	SRR14800487	q_0.000	1
766	SLC25A16	SRR14800487	q_0.000	1
767	ZNF710	SRR14800487	q_0.000	1
768	TM7SF2	SRR14800487	q_0.000	1
769	UBP1	SRR14800487	q_0.000	1
770	SPICE1	SRR14800487	q_0.000	1
771	NPY1R	SRR14800487	q_0.000	1
772	CENPV	SRR14800487	q_0.000	1
773	METTL26	SRR14800487	q_0.000	1
774	MCC	SRR14800487	q_0.000	1
775	REG3A	SRR14800487	q_0.000	1
776	USP38	SRR14800487	q_0.000	1
777	CYP2W1	SRR14800487	q_0.000	0
778	NFKBIB	SRR14800487	q_0.000	1
779	ING3	SRR14800487	q_0.000	1
780	HIGD1A	SRR14800487	q_0.000	0.5
781	DUOXA2	SRR14800487	q_0.000	1
782	CCDC149	SRR14800487	q_0.000	1
783	FAXDC2	SRR14800487	q_0.000	1
784	THOC6	SRR14800487	q_0.000	1
785	POLR2J4	SRR14800487	q_0.000	0.833333333333333
786	SYNM	SRR14800487	q_0.000	1
787	SPNS2	SRR14800487	q_0.000	1
788	SRPRA	SRR14800487	q_0.000	1
789	LINC03040	SRR14800487	q_0.000	1
790	RAP1GDS1	SRR14800487	q_0.000	0.857142857142857
791	ZNF493	SRR14800487	q_0.000	1
792	VRK2	SRR14800487	q_0.000	1
793	PMEPA1	SRR14800487	q_0.000	1
794	CXCL12	SRR14800487	q_0.000	1
795	EXOC1	SRR14800487	q_0.000	1
796	FAM114A2	SRR14800487	q_0.000	0.6
797	ANGEL2	SRR14800487	q_0.000	1
798	TMEM183A	SRR14800487	q_0.000	0.833333333333333
799	HDAC2	SRR14800487	q_0.000	1
800	ATG5	SRR14800487	q_0.000	1
801	SH3PXD2A	SRR14800487	q_0.000	1
802	IFIT3	SRR14800487	q_0.000	1
803	PBX2	SRR14800487	q_0.000	0.75
804	IRF3	SRR14800487	q_0.000	0.75
805	SPIRE2	SRR14800487	q_0.000	1
806	CYBB	SRR14800487	q_0.000	1
807	ASMTL	SRR14800487	q_0.000	1
808	ETFRF1	SRR14800487	q_0.000	1
809	PDE7A	SRR14800487	q_0.000	1
810	CDH24	SRR14800487	q_0.000	0.5
811	RELCH	SRR14800487	q_0.000	0.857142857142857
812	ZFP90	SRR14800487	q_0.000	0.6
813	SAR1B	SRR14800487	q_0.000	1
814	PPP1R2	SRR14800487	q_0.000	1
815	ENSG00000254706	SRR14800487	q_0.000	1
816	GSKIP	SRR14800487	q_0.000	1
817	GDI1	SRR14800487	q_0.000	1
818	PNPT1	SRR14800487	q_0.000	1
819	ZNF714	SRR14800487	q_0.000	1
820	SLC9A7	SRR14800487	q_0.000	1
821	DNAJC24	SRR14800487	q_0.000	1
822	TLN2	SRR14800487	q_0.000	0.75
823	SRP72	SRR14800487	q_0.000	1
824	NSA2	SRR14800487	q_0.000	0.666666666666667
825	THY1	SRR14800487	q_0.000	1
826	PICALM	SRR14800487	q_0.000	0.875
827	GLB1L2	SRR14800487	q_0.000	1
828	SNHG10	SRR14800487	q_0.000	1
829	MEF2A	SRR14800487	q_0.000	1
830	GIPR	SRR14800487	q_0.000	1
831	LINC02362	SRR14800487	q_0.000	1
832	ENSG00000274322	SRR14800487	q_0.000	1
833	ENSG00000291072	SRR14800487	q_0.000	0.833333333333333
834	A4GALT	SRR14800487	q_0.000	1
835	EPB41L4A-AS1	SRR14800487	q_0.000	1
836	NCF1C	SRR14800487	q_0.000	0.5
837	FOXJ2	SRR14800486	q_0.000	0.333333333333333
838	TMEM38A	SRR14800486	q_0.000	1
839	CCNE1	SRR14800486	q_0.000	1
840	MCOLN1	SRR14800486	q_0.000	1
841	FBXO3	SRR14800486	q_0.000	1
842	SLC25A16	SRR14800486	q_0.000	0.8
843	ZNF710	SRR14800486	q_0.000	1
844	TM7SF2	SRR14800486	q_0.000	0.5
845	UBP1	SRR14800486	q_0.000	1
846	SPICE1	SRR14800486	q_0.000	1
847	NPY1R	SRR14800486	q_0.000	1
848	CENPV	SRR14800486	q_0.000	1
849	METTL26	SRR14800486	q_0.000	0.6
850	MCC	SRR14800486	q_0.000	1
851	REG3A	SRR14800486	q_0.000	1
852	USP38	SRR14800486	q_0.000	1
853	CYP2W1	SRR14800486	q_0.000	0
854	NFKBIB	SRR14800486	q_0.000	1
855	ING3	SRR14800486	q_0.000	1
856	HIGD1A	SRR14800486	q_0.000	0.5
857	DUOXA2	SRR14800486	q_0.000	1
858	CCDC149	SRR14800486	q_0.000	1
859	FAXDC2	SRR14800486	q_0.000	1
860	THOC6	SRR14800486	q_0.000	1
861	POLR2J4	SRR14800486	q_0.000	0.833333333333333
862	SYNM	SRR14800486	q_0.000	1
863	SPNS2	SRR14800486	q_0.000	0
864	SRPRA	SRR14800486	q_0.000	1
865	LINC03040	SRR14800486	q_0.000	1
866	RAP1GDS1	SRR14800486	q_0.000	1
867	ZNF493	SRR14800486	q_0.000	0.8
868	VRK2	SRR14800486	q_0.000	1
869	PMEPA1	SRR14800486	q_0.000	1
870	CXCL12	SRR14800486	q_0.000	1
871	EXOC1	SRR14800486	q_0.000	1
872	FAM114A2	SRR14800486	q_0.000	1
873	ANGEL2	SRR14800486	q_0.000	1
874	TMEM183A	SRR14800486	q_0.000	0.833333333333333
875	HDAC2	SRR14800486	q_0.000	1
876	ATG5	SRR14800486	q_0.000	1
877	SH3PXD2A	SRR14800486	q_0.000	1
878	IFIT3	SRR14800486	q_0.000	1
879	PBX2	SRR14800486	q_0.000	0.5
880	IRF3	SRR14800486	q_0.000	1
881	SPIRE2	SRR14800486	q_0.000	1
882	CYBB	SRR14800486	q_0.000	1
883	ASMTL	SRR14800486	q_0.000	1
884	ETFRF1	SRR14800486	q_0.000	1
885	PDE7A	SRR14800486	q_0.000	0.8
886	CDH24	SRR14800486	q_0.000	0.5
887	RELCH	SRR14800486	q_0.000	1
888	ZFP90	SRR14800486	q_0.000	0.4
889	SAR1B	SRR14800486	q_0.000	1
890	PPP1R2	SRR14800486	q_0.000	0.5
891	ENSG00000254706	SRR14800486	q_0.000	0
892	GSKIP	SRR14800486	q_0.000	0.5
893	GDI1	SRR14800486	q_0.000	1
894	PNPT1	SRR14800486	q_0.000	0.75
895	ZNF714	SRR14800486	q_0.000	1
896	SLC9A7	SRR14800486	q_0.000	1
897	DNAJC24	SRR14800486	q_0.000	1
898	TLN2	SRR14800486	q_0.000	0.875
899	SRP72	SRR14800486	q_0.000	1
900	NSA2	SRR14800486	q_0.000	0.666666666666667
901	THY1	SRR14800486	q_0.000	1
902	PICALM	SRR14800486	q_0.000	0.875
903	GLB1L2	SRR14800486	q_0.000	1
904	SNHG10	SRR14800486	q_0.000	1
905	MEF2A	SRR14800486	q_0.000	0.5
906	GIPR	SRR14800486	q_0.000	1
907	LINC02362	SRR14800486	q_0.000	1
908	ENSG00000274322	SRR14800486	q_0.000	1
909	ENSG00000291072	SRR14800486	q_0.000	1
910	A4GALT	SRR14800486	q_0.000	1
911	EPB41L4A-AS1	SRR14800486	q_0.000	0.5
912	NCF1C	SRR14800486	q_0.000	1
913	FOXJ2	SRR14800485	q_0.000	0.333333333333333
914	TMEM38A	SRR14800485	q_0.000	1
915	CCNE1	SRR14800485	q_0.000	0.333333333333333
916	MCOLN1	SRR14800485	q_0.000	1
917	FBXO3	SRR14800485	q_0.000	1
918	SLC25A16	SRR14800485	q_0.000	1
919	ZNF710	SRR14800485	q_0.000	1
920	TM7SF2	SRR14800485	q_0.000	0.5
921	UBP1	SRR14800485	q_0.000	1
922	SPICE1	SRR14800485	q_0.000	1
923	NPY1R	SRR14800485	q_0.000	0.666666666666667
924	CENPV	SRR14800485	q_0.000	1
925	METTL26	SRR14800485	q_0.000	0.8
926	MCC	SRR14800485	q_0.000	1
927	REG3A	SRR14800485	q_0.000	1
928	USP38	SRR14800485	q_0.000	1
929	CYP2W1	SRR14800485	q_0.000	1
930	NFKBIB	SRR14800485	q_0.000	1
931	ING3	SRR14800485	q_0.000	1
932	HIGD1A	SRR14800485	q_0.000	1
933	DUOXA2	SRR14800485	q_0.000	1
934	CCDC149	SRR14800485	q_0.000	0.5
935	FAXDC2	SRR14800485	q_0.000	0.75
936	THOC6	SRR14800485	q_0.000	1
937	POLR2J4	SRR14800485	q_0.000	0.5
938	SYNM	SRR14800485	q_0.000	1
939	SPNS2	SRR14800485	q_0.000	1
940	SRPRA	SRR14800485	q_0.000	1
941	LINC03040	SRR14800485	q_0.000	1
942	RAP1GDS1	SRR14800485	q_0.000	0.857142857142857
943	ZNF493	SRR14800485	q_0.000	1
944	VRK2	SRR14800485	q_0.000	1
945	PMEPA1	SRR14800485	q_0.000	1
946	CXCL12	SRR14800485	q_0.000	1
947	EXOC1	SRR14800485	q_0.000	0.5
948	FAM114A2	SRR14800485	q_0.000	0.8
949	ANGEL2	SRR14800485	q_0.000	1
950	TMEM183A	SRR14800485	q_0.000	0.833333333333333
951	HDAC2	SRR14800485	q_0.000	0.8
952	ATG5	SRR14800485	q_0.000	1
953	SH3PXD2A	SRR14800485	q_0.000	1
954	IFIT3	SRR14800485	q_0.000	1
955	PBX2	SRR14800485	q_0.000	0.75
956	IRF3	SRR14800485	q_0.000	1
957	SPIRE2	SRR14800485	q_0.000	1
958	CYBB	SRR14800485	q_0.000	1
959	ASMTL	SRR14800485	q_0.000	1
960	ETFRF1	SRR14800485	q_0.000	1
961	PDE7A	SRR14800485	q_0.000	0.8
962	CDH24	SRR14800485	q_0.000	1
963	RELCH	SRR14800485	q_0.000	0.857142857142857
964	ZFP90	SRR14800485	q_0.000	0.6
965	SAR1B	SRR14800485	q_0.000	0.75
966	PPP1R2	SRR14800485	q_0.000	1
967	ENSG00000254706	SRR14800485	q_0.000	1
968	GSKIP	SRR14800485	q_0.000	0.5
969	GDI1	SRR14800485	q_0.000	1
970	PNPT1	SRR14800485	q_0.000	0.75
971	ZNF714	SRR14800485	q_0.000	1
972	SLC9A7	SRR14800485	q_0.000	1
973	DNAJC24	SRR14800485	q_0.000	1
974	TLN2	SRR14800485	q_0.000	0.875
975	SRP72	SRR14800485	q_0.000	1
976	NSA2	SRR14800485	q_0.000	1
977	THY1	SRR14800485	q_0.000	1
978	PICALM	SRR14800485	q_0.000	0.875
979	GLB1L2	SRR14800485	q_0.000	1
980	SNHG10	SRR14800485	q_0.000	1
981	MEF2A	SRR14800485	q_0.000	0.75
982	GIPR	SRR14800485	q_0.000	0
983	LINC02362	SRR14800485	q_0.000	1
984	ENSG00000274322	SRR14800485	q_0.000	1
985	ENSG00000291072	SRR14800485	q_0.000	1
986	A4GALT	SRR14800485	q_0.000	1
987	EPB41L4A-AS1	SRR14800485	q_0.000	0.75
988	NCF1C	SRR14800485	q_0.000	1
989	FOXJ2	SRR14800484	q_0.000	0.666666666666667
990	TMEM38A	SRR14800484	q_0.000	1
991	CCNE1	SRR14800484	q_0.000	1
992	MCOLN1	SRR14800484	q_0.000	0.5
993	FBXO3	SRR14800484	q_0.000	1
994	SLC25A16	SRR14800484	q_0.000	1
995	ZNF710	SRR14800484	q_0.000	1
996	TM7SF2	SRR14800484	q_0.000	1
997	UBP1	SRR14800484	q_0.000	1
998	SPICE1	SRR14800484	q_0.000	1
999	NPY1R	SRR14800484	q_0.000	1
1000	CENPV	SRR14800484	q_0.000	1
1001	METTL26	SRR14800484	q_0.000	1
1002	MCC	SRR14800484	q_0.000	1
1003	REG3A	SRR14800484	q_0.000	1
1004	USP38	SRR14800484	q_0.000	0.666666666666667
1005	CYP2W1	SRR14800484	q_0.000	1
1006	NFKBIB	SRR14800484	q_0.000	1
1007	ING3	SRR14800484	q_0.000	1
1008	HIGD1A	SRR14800484	q_0.000	1
1009	DUOXA2	SRR14800484	q_0.000	1
1010	CCDC149	SRR14800484	q_0.000	0.75
1011	FAXDC2	SRR14800484	q_0.000	1
1012	THOC6	SRR14800484	q_0.000	1
1013	POLR2J4	SRR14800484	q_0.000	1
1014	SYNM	SRR14800484	q_0.000	1
1015	SPNS2	SRR14800484	q_0.000	0
1016	SRPRA	SRR14800484	q_0.000	1
1017	LINC03040	SRR14800484	q_0.000	1
1018	RAP1GDS1	SRR14800484	q_0.000	0.714285714285714
1019	ZNF493	SRR14800484	q_0.000	1
1020	VRK2	SRR14800484	q_0.000	1
1021	PMEPA1	SRR14800484	q_0.000	1
1022	CXCL12	SRR14800484	q_0.000	1
1023	EXOC1	SRR14800484	q_0.000	1
1024	FAM114A2	SRR14800484	q_0.000	0.8
1025	ANGEL2	SRR14800484	q_0.000	1
1026	TMEM183A	SRR14800484	q_0.000	0.833333333333333
1027	HDAC2	SRR14800484	q_0.000	1
1028	ATG5	SRR14800484	q_0.000	1
1029	SH3PXD2A	SRR14800484	q_0.000	1
1030	IFIT3	SRR14800484	q_0.000	1
1031	PBX2	SRR14800484	q_0.000	0.5
1032	IRF3	SRR14800484	q_0.000	1
1033	SPIRE2	SRR14800484	q_0.000	1
1034	CYBB	SRR14800484	q_0.000	1
1035	ASMTL	SRR14800484	q_0.000	1
1036	ETFRF1	SRR14800484	q_0.000	1
1037	PDE7A	SRR14800484	q_0.000	1
1038	CDH24	SRR14800484	q_0.000	1
1039	RELCH	SRR14800484	q_0.000	0.857142857142857
1040	ZFP90	SRR14800484	q_0.000	0.8
1041	SAR1B	SRR14800484	q_0.000	1
1042	PPP1R2	SRR14800484	q_0.000	0.5
1043	ENSG00000254706	SRR14800484	q_0.000	1
1044	GSKIP	SRR14800484	q_0.000	1
1045	GDI1	SRR14800484	q_0.000	1
1046	PNPT1	SRR14800484	q_0.000	1
1047	ZNF714	SRR14800484	q_0.000	0.666666666666667
1048	SLC9A7	SRR14800484	q_0.000	1
1049	DNAJC24	SRR14800484	q_0.000	1
1050	TLN2	SRR14800484	q_0.000	0.75
1051	SRP72	SRR14800484	q_0.000	1
1052	NSA2	SRR14800484	q_0.000	0.666666666666667
1053	THY1	SRR14800484	q_0.000	1
1054	PICALM	SRR14800484	q_0.000	0.875
1055	GLB1L2	SRR14800484	q_0.000	1
1056	SNHG10	SRR14800484	q_0.000	1
1057	MEF2A	SRR14800484	q_0.000	0.75
1058	GIPR	SRR14800484	q_0.000	0.5
1059	LINC02362	SRR14800484	q_0.000	0.8
1060	ENSG00000274322	SRR14800484	q_0.000	1
1061	ENSG00000291072	SRR14800484	q_0.000	1
1062	A4GALT	SRR14800484	q_0.000	1
1063	EPB41L4A-AS1	SRR14800484	q_0.000	1
1064	NCF1C	SRR14800484	q_0.000	1
1065	FOXJ2	SRR14800483	q_0.000	0.333333333333333
1066	TMEM38A	SRR14800483	q_0.000	1
1067	CCNE1	SRR14800483	q_0.000	0.666666666666667
1068	MCOLN1	SRR14800483	q_0.000	1
1069	FBXO3	SRR14800483	q_0.000	1
1070	SLC25A16	SRR14800483	q_0.000	0.8
1071	ZNF710	SRR14800483	q_0.000	1
1072	TM7SF2	SRR14800483	q_0.000	1
1073	UBP1	SRR14800483	q_0.000	1
1074	SPICE1	SRR14800483	q_0.000	1
1075	NPY1R	SRR14800483	q_0.000	0
1076	CENPV	SRR14800483	q_0.000	1
1077	METTL26	SRR14800483	q_0.000	0.8
1078	MCC	SRR14800483	q_0.000	1
1079	REG3A	SRR14800483	q_0.000	1
1080	USP38	SRR14800483	q_0.000	1
1081	CYP2W1	SRR14800483	q_0.000	1
1082	NFKBIB	SRR14800483	q_0.000	1
1083	ING3	SRR14800483	q_0.000	1
1084	HIGD1A	SRR14800483	q_0.000	1
1085	DUOXA2	SRR14800483	q_0.000	1
1086	CCDC149	SRR14800483	q_0.000	0.75
1087	FAXDC2	SRR14800483	q_0.000	0.5
1088	THOC6	SRR14800483	q_0.000	1
1089	POLR2J4	SRR14800483	q_0.000	1
1090	SYNM	SRR14800483	q_0.000	1
1091	SPNS2	SRR14800483	q_0.000	1
1092	SRPRA	SRR14800483	q_0.000	1
1093	LINC03040	SRR14800483	q_0.000	1
1094	RAP1GDS1	SRR14800483	q_0.000	1
1095	ZNF493	SRR14800483	q_0.000	1
1096	VRK2	SRR14800483	q_0.000	1
1097	PMEPA1	SRR14800483	q_0.000	1
1098	CXCL12	SRR14800483	q_0.000	1
1099	EXOC1	SRR14800483	q_0.000	1
1100	FAM114A2	SRR14800483	q_0.000	0.8
1101	ANGEL2	SRR14800483	q_0.000	0.833333333333333
1102	TMEM183A	SRR14800483	q_0.000	0.666666666666667
1103	HDAC2	SRR14800483	q_0.000	0.8
1104	ATG5	SRR14800483	q_0.000	1
1105	SH3PXD2A	SRR14800483	q_0.000	0.5
1106	IFIT3	SRR14800483	q_0.000	1
1107	PBX2	SRR14800483	q_0.000	0.75
1108	IRF3	SRR14800483	q_0.000	1
1109	SPIRE2	SRR14800483	q_0.000	1
1110	CYBB	SRR14800483	q_0.000	1
1111	ASMTL	SRR14800483	q_0.000	1
1112	ETFRF1	SRR14800483	q_0.000	1
1113	PDE7A	SRR14800483	q_0.000	1
1114	CDH24	SRR14800483	q_0.000	1
1115	RELCH	SRR14800483	q_0.000	0.857142857142857
1116	ZFP90	SRR14800483	q_0.000	0.8
1117	SAR1B	SRR14800483	q_0.000	0.75
1118	PPP1R2	SRR14800483	q_0.000	1
1119	ENSG00000254706	SRR14800483	q_0.000	1
1120	GSKIP	SRR14800483	q_0.000	0
1121	GDI1	SRR14800483	q_0.000	1
1122	PNPT1	SRR14800483	q_0.000	1
1123	ZNF714	SRR14800483	q_0.000	1
1124	SLC9A7	SRR14800483	q_0.000	0
1125	DNAJC24	SRR14800483	q_0.000	1
1126	TLN2	SRR14800483	q_0.000	0.75
1127	SRP72	SRR14800483	q_0.000	1
1128	NSA2	SRR14800483	q_0.000	0.666666666666667
1129	THY1	SRR14800483	q_0.000	1
1130	PICALM	SRR14800483	q_0.000	0.75
1131	GLB1L2	SRR14800483	q_0.000	1
1132	SNHG10	SRR14800483	q_0.000	1
1133	MEF2A	SRR14800483	q_0.000	1
1134	GIPR	SRR14800483	q_0.000	0.5
1135	LINC02362	SRR14800483	q_0.000	1
1136	ENSG00000274322	SRR14800483	q_0.000	1
1137	ENSG00000291072	SRR14800483	q_0.000	0.833333333333333
1138	A4GALT	SRR14800483	q_0.000	1
1139	EPB41L4A-AS1	SRR14800483	q_0.000	1
1140	NCF1C	SRR14800483	q_0.000	1
1141	FOXJ2	SRR14800482	q_0.000	0.666666666666667
1142	TMEM38A	SRR14800482	q_0.000	1
1143	CCNE1	SRR14800482	q_0.000	0.666666666666667
1144	MCOLN1	SRR14800482	q_0.000	0.5
1145	FBXO3	SRR14800482	q_0.000	1
1146	SLC25A16	SRR14800482	q_0.000	1
1147	ZNF710	SRR14800482	q_0.000	1
1148	TM7SF2	SRR14800482	q_0.000	1
1149	UBP1	SRR14800482	q_0.000	1
1150	SPICE1	SRR14800482	q_0.000	1
1151	NPY1R	SRR14800482	q_0.000	0.333333333333333
1152	CENPV	SRR14800482	q_0.000	1
1153	METTL26	SRR14800482	q_0.000	0.8
1154	MCC	SRR14800482	q_0.000	1
1155	REG3A	SRR14800482	q_0.000	1
1156	USP38	SRR14800482	q_0.000	1
1157	CYP2W1	SRR14800482	q_0.000	1
1158	NFKBIB	SRR14800482	q_0.000	0.5
1159	ING3	SRR14800482	q_0.000	1
1160	HIGD1A	SRR14800482	q_0.000	1
1161	DUOXA2	SRR14800482	q_0.000	1
1162	CCDC149	SRR14800482	q_0.000	0.75
1163	FAXDC2	SRR14800482	q_0.000	0.75
1164	THOC6	SRR14800482	q_0.000	1
1165	POLR2J4	SRR14800482	q_0.000	1
1166	SYNM	SRR14800482	q_0.000	0
1167	SPNS2	SRR14800482	q_0.000	1
1168	SRPRA	SRR14800482	q_0.000	1
1169	LINC03040	SRR14800482	q_0.000	1
1170	RAP1GDS1	SRR14800482	q_0.000	1
1171	ZNF493	SRR14800482	q_0.000	1
1172	VRK2	SRR14800482	q_0.000	1
1173	PMEPA1	SRR14800482	q_0.000	1
1174	CXCL12	SRR14800482	q_0.000	1
1175	EXOC1	SRR14800482	q_0.000	1
1176	FAM114A2	SRR14800482	q_0.000	0.8
1177	ANGEL2	SRR14800482	q_0.000	1
1178	TMEM183A	SRR14800482	q_0.000	0.833333333333333
1179	HDAC2	SRR14800482	q_0.000	0.8
1180	ATG5	SRR14800482	q_0.000	1
1181	SH3PXD2A	SRR14800482	q_0.000	1
1182	IFIT3	SRR14800482	q_0.000	1
1183	PBX2	SRR14800482	q_0.000	0.75
1184	IRF3	SRR14800482	q_0.000	0.75
1185	SPIRE2	SRR14800482	q_0.000	1
1186	CYBB	SRR14800482	q_0.000	0
1187	ASMTL	SRR14800482	q_0.000	1
1188	ETFRF1	SRR14800482	q_0.000	1
1189	PDE7A	SRR14800482	q_0.000	1
1190	CDH24	SRR14800482	q_0.000	1
1191	RELCH	SRR14800482	q_0.000	1
1192	ZFP90	SRR14800482	q_0.000	0.6
1193	SAR1B	SRR14800482	q_0.000	0.75
1194	PPP1R2	SRR14800482	q_0.000	0.5
1195	ENSG00000254706	SRR14800482	q_0.000	1
1196	GSKIP	SRR14800482	q_0.000	1
1197	GDI1	SRR14800482	q_0.000	1
1198	PNPT1	SRR14800482	q_0.000	0.5
1199	ZNF714	SRR14800482	q_0.000	1
1200	SLC9A7	SRR14800482	q_0.000	1
1201	DNAJC24	SRR14800482	q_0.000	1
1202	TLN2	SRR14800482	q_0.000	0.625
1203	SRP72	SRR14800482	q_0.000	0.75
1204	NSA2	SRR14800482	q_0.000	1
1205	THY1	SRR14800482	q_0.000	1
1206	PICALM	SRR14800482	q_0.000	0.75
1207	GLB1L2	SRR14800482	q_0.000	1
1208	SNHG10	SRR14800482	q_0.000	1
1209	MEF2A	SRR14800482	q_0.000	1
1210	GIPR	SRR14800482	q_0.000	1
1211	LINC02362	SRR14800482	q_0.000	0.6
1212	ENSG00000274322	SRR14800482	q_0.000	1
1213	ENSG00000291072	SRR14800482	q_0.000	1
1214	A4GALT	SRR14800482	q_0.000	1
1215	EPB41L4A-AS1	SRR14800482	q_0.000	1
1216	NCF1C	SRR14800482	q_0.000	0
1217	FOXJ2	SRR14800481	q_0.222	0.598185318375274
1218	TMEM38A	SRR14800481	q_0.222	0.912250035961006
1219	CCNE1	SRR14800481	q_0.222	0.326484044185465
1220	MCOLN1	SRR14800481	q_0.222	0.636325398256659
1221	FBXO3	SRR14800481	q_0.222	0.974645979641861
1222	SLC25A16	SRR14800481	q_0.222	0.795197991066537
1223	ZNF710	SRR14800481	q_0.222	0.960358122904495
1224	TM7SF2	SRR14800481	q_0.222	0.823352759970461
1225	UBP1	SRR14800481	q_0.222	0.846189106082242
1226	SPICE1	SRR14800481	q_0.222	0.935440097169561
1227	NPY1R	SRR14800481	q_0.222	0.793123206343657
1228	CENPV	SRR14800481	q_0.222	0.970988749219771
1229	METTL26	SRR14800481	q_0.222	0.581367591426891
1230	MCC	SRR14800481	q_0.222	0.512995424612413
1231	REG3A	SRR14800481	q_0.222	NA
1232	USP38	SRR14800481	q_0.222	0.961115115993587
1233	CYP2W1	SRR14800481	q_0.222	0.780255163217822
1234	NFKBIB	SRR14800481	q_0.222	0.989372114350732
1235	ING3	SRR14800481	q_0.222	0.820258039312346
1236	HIGD1A	SRR14800481	q_0.222	0.778261636781652
1237	DUOXA2	SRR14800481	q_0.222	0
1238	CCDC149	SRR14800481	q_0.222	0.487192421927149
1239	FAXDC2	SRR14800481	q_0.222	0.86913944071608
1240	THOC6	SRR14800481	q_0.222	0.748555012857048
1241	POLR2J4	SRR14800481	q_0.222	0.975908188787337
1242	SYNM	SRR14800481	q_0.222	0
1243	SPNS2	SRR14800481	q_0.222	0.979428889029826
1244	SRPRA	SRR14800481	q_0.222	0.711710789082415
1245	LINC03040	SRR14800481	q_0.222	0.483483900819063
1246	RAP1GDS1	SRR14800481	q_0.222	0.783814513248213
1247	ZNF493	SRR14800481	q_0.222	0.99272295593917
1248	VRK2	SRR14800481	q_0.222	0.932994802067331
1249	PMEPA1	SRR14800481	q_0.222	0.915487410827297
1250	CXCL12	SRR14800481	q_0.222	0.81918883770435
1251	EXOC1	SRR14800481	q_0.222	0.729106110092903
1252	FAM114A2	SRR14800481	q_0.222	0.751292510048167
1253	ANGEL2	SRR14800481	q_0.222	0.940967524238949
1254	TMEM183A	SRR14800481	q_0.222	0.79905183287745
1255	HDAC2	SRR14800481	q_0.222	0.44451343745491
1256	ATG5	SRR14800481	q_0.222	0.90503218546117
1257	SH3PXD2A	SRR14800481	q_0.222	0.956725169719516
1258	IFIT3	SRR14800481	q_0.222	0.939032734945737
1259	PBX2	SRR14800481	q_0.222	0.811094597561993
1260	IRF3	SRR14800481	q_0.222	0.751299966717185
1261	SPIRE2	SRR14800481	q_0.222	0.913953982403514
1262	CYBB	SRR14800481	q_0.222	0.908006859113099
1263	ASMTL	SRR14800481	q_0.222	0.799440827162114
1264	ETFRF1	SRR14800481	q_0.222	0.79380462513608
1265	PDE7A	SRR14800481	q_0.222	0.97786750333405
1266	CDH24	SRR14800481	q_0.222	0.988665969398669
1267	RELCH	SRR14800481	q_0.222	0.932287865645008
1268	ZFP90	SRR14800481	q_0.222	0.617477632207155
1269	SAR1B	SRR14800481	q_0.222	0.669445207626607
1270	PPP1R2	SRR14800481	q_0.222	0.739872509986517
1271	ENSG00000254706	SRR14800481	q_0.222	0.976208685132407
1272	GSKIP	SRR14800481	q_0.222	0.72884229158141
1273	GDI1	SRR14800481	q_0.222	0.760892303932739
1274	PNPT1	SRR14800481	q_0.222	0.257044148147958
1275	ZNF714	SRR14800481	q_0.222	0.965685276510765
1276	SLC9A7	SRR14800481	q_0.222	0
1277	DNAJC24	SRR14800481	q_0.222	0.909950207096319
1278	TLN2	SRR14800481	q_0.222	0.821829147250362
1279	SRP72	SRR14800481	q_0.222	0.699228947043746
1280	NSA2	SRR14800481	q_0.222	0.881642529856374
1281	THY1	SRR14800481	q_0.222	0.523322341998857
1282	PICALM	SRR14800481	q_0.222	0.724878868116321
1283	GLB1L2	SRR14800481	q_0.222	0.705714834873534
1284	SNHG10	SRR14800481	q_0.222	0.958015764476734
1285	MEF2A	SRR14800481	q_0.222	0.929685981807436
1286	GIPR	SRR14800481	q_0.222	0.957130943240028
1287	LINC02362	SRR14800481	q_0.222	0.794667840155085
1288	ENSG00000274322	SRR14800481	q_0.222	0.882092426244669
1289	ENSG00000291072	SRR14800481	q_0.222	0.950065072747471
1290	A4GALT	SRR14800481	q_0.222	0.823477476249061
1291	EPB41L4A-AS1	SRR14800481	q_0.222	0.952854382508137
1292	NCF1C	SRR14800481	q_0.222	0.522928412073294
1293	FOXJ2	SRR14800480	q_0.222	0.915413360756218
1294	TMEM38A	SRR14800480	q_0.222	0.835108379134305
1295	CCNE1	SRR14800480	q_0.222	0.64589800613024
1296	MCOLN1	SRR14800480	q_0.222	0.877546347851582
1297	FBXO3	SRR14800480	q_0.222	0.954815612449499
1298	SLC25A16	SRR14800480	q_0.222	0.771289229217166
1299	ZNF710	SRR14800480	q_0.222	0.961417637349674
1300	TM7SF2	SRR14800480	q_0.222	0.789411541517732
1301	UBP1	SRR14800480	q_0.222	0.636722555892291
1302	SPICE1	SRR14800480	q_0.222	0.942197687524577
1303	NPY1R	SRR14800480	q_0.222	0.937929152434368
1304	CENPV	SRR14800480	q_0.222	0.949135659147307
1305	METTL26	SRR14800480	q_0.222	0.599601134913392
1306	MCC	SRR14800480	q_0.222	0.775733723419576
1307	REG3A	SRR14800480	q_0.222	0.995141325337179
1308	USP38	SRR14800480	q_0.222	0.964664590350325
1309	CYP2W1	SRR14800480	q_0.222	0.828886935235311
1310	NFKBIB	SRR14800480	q_0.222	0.84911827914825
1311	ING3	SRR14800480	q_0.222	0.993595960342697
1312	HIGD1A	SRR14800480	q_0.222	0.968212164917917
1313	DUOXA2	SRR14800480	q_0.222	0
1314	CCDC149	SRR14800480	q_0.222	0.980820793720824
1315	FAXDC2	SRR14800480	q_0.222	0.947597649393712
1316	THOC6	SRR14800480	q_0.222	0.74999768482496
1317	POLR2J4	SRR14800480	q_0.222	0.845994157930796
1318	SYNM	SRR14800480	q_0.222	0.999909880988749
1319	SPNS2	SRR14800480	q_0.222	0.933249315454192
1320	SRPRA	SRR14800480	q_0.222	0.769114151214726
1321	LINC03040	SRR14800480	q_0.222	0.518111661364352
1322	RAP1GDS1	SRR14800480	q_0.222	0.717968111023077
1323	ZNF493	SRR14800480	q_0.222	0.973081918647781
1324	VRK2	SRR14800480	q_0.222	0.89033153424336
1325	PMEPA1	SRR14800480	q_0.222	0.885209227519057
1326	CXCL12	SRR14800480	q_0.222	0.811068067147384
1327	EXOC1	SRR14800480	q_0.222	0.511831017160796
1328	FAM114A2	SRR14800480	q_0.222	0.445015719714832
1329	ANGEL2	SRR14800480	q_0.222	0.802289231890119
1330	TMEM183A	SRR14800480	q_0.222	0.817075443864693
1331	HDAC2	SRR14800480	q_0.222	0.764722237197777
1332	ATG5	SRR14800480	q_0.222	0.901710482110068
1333	SH3PXD2A	SRR14800480	q_0.222	0.911674571526993
1334	IFIT3	SRR14800480	q_0.222	0.909890800734814
1335	PBX2	SRR14800480	q_0.222	0.736459958062752
1336	IRF3	SRR14800480	q_0.222	0.931783825807939
1337	SPIRE2	SRR14800480	q_0.222	0.93530636531654
1338	CYBB	SRR14800480	q_0.222	0.836234386468014
1339	ASMTL	SRR14800480	q_0.222	0.662300343887745
1340	ETFRF1	SRR14800480	q_0.222	0.900903171169746
1341	PDE7A	SRR14800480	q_0.222	0.979967767718008
1342	CDH24	SRR14800480	q_0.222	0.466261465781298
1343	RELCH	SRR14800480	q_0.222	0.977708798643633
1344	ZFP90	SRR14800480	q_0.222	0.771768338844513
1345	SAR1B	SRR14800480	q_0.222	0.903537726693888
1346	PPP1R2	SRR14800480	q_0.222	0.412264396568837
1347	ENSG00000254706	SRR14800480	q_0.222	0.756585127113711
1348	GSKIP	SRR14800480	q_0.222	0.498180695349047
1349	GDI1	SRR14800480	q_0.222	0.864223843875501
1350	PNPT1	SRR14800480	q_0.222	0.771527926889526
1351	ZNF714	SRR14800480	q_0.222	0.890282571914813
1352	SLC9A7	SRR14800480	q_0.222	0.813618800153059
1353	DNAJC24	SRR14800480	q_0.222	0.885626195830338
1354	TLN2	SRR14800480	q_0.222	0.948017960210638
1355	SRP72	SRR14800480	q_0.222	0.892491311502442
1356	NSA2	SRR14800480	q_0.222	0.539684474066067
1357	THY1	SRR14800480	q_0.222	0.528198045315362
1358	PICALM	SRR14800480	q_0.222	0.855180708345748
1359	GLB1L2	SRR14800480	q_0.222	0.74889643000195
1360	SNHG10	SRR14800480	q_0.222	0.614472512251603
1361	MEF2A	SRR14800480	q_0.222	0.936238646977966
1362	GIPR	SRR14800480	q_0.222	0.988453529772946
1363	LINC02362	SRR14800480	q_0.222	0.98836179601768
1364	ENSG00000274322	SRR14800480	q_0.222	0.850819482606749
1365	ENSG00000291072	SRR14800480	q_0.222	0.993668220475181
1366	A4GALT	SRR14800480	q_0.222	0.570131087551657
1367	EPB41L4A-AS1	SRR14800480	q_0.222	0.754163545027172
1368	NCF1C	SRR14800480	q_0.222	0.952017715587833
1369	FOXJ2	SRR14800477	q_0.222	0.652193371424851
1370	TMEM38A	SRR14800477	q_0.222	0.788337627030891
1371	CCNE1	SRR14800477	q_0.222	0
1372	MCOLN1	SRR14800477	q_0.222	0.893821435407145
1373	FBXO3	SRR14800477	q_0.222	0.994353832087319
1374	SLC25A16	SRR14800477	q_0.222	0.973195898555344
1375	ZNF710	SRR14800477	q_0.222	0.964380821427948
1376	TM7SF2	SRR14800477	q_0.222	0.839403206856083
1377	UBP1	SRR14800477	q_0.222	0.945130273342002
1378	SPICE1	SRR14800477	q_0.222	0.885948856468503
1379	NPY1R	SRR14800477	q_0.222	0.645107365713269
1380	CENPV	SRR14800477	q_0.222	0.977261527806311
1381	METTL26	SRR14800477	q_0.222	0.76752222372309
1382	MCC	SRR14800477	q_0.222	0.794673211282529
1383	REG3A	SRR14800477	q_0.222	NA
1384	USP38	SRR14800477	q_0.222	0.984259087767957
1385	CYP2W1	SRR14800477	q_0.222	0
1386	NFKBIB	SRR14800477	q_0.222	0.852296311662288
1387	ING3	SRR14800477	q_0.222	0.801870940380199
1388	HIGD1A	SRR14800477	q_0.222	0.929478717146925
1389	DUOXA2	SRR14800477	q_0.222	NA
1390	CCDC149	SRR14800477	q_0.222	0.955420620272094
1391	FAXDC2	SRR14800477	q_0.222	0.922455088470051
1392	THOC6	SRR14800477	q_0.222	0.578235730970449
1393	POLR2J4	SRR14800477	q_0.222	0.951455465905164
1394	SYNM	SRR14800477	q_0.222	0.999996093188904
1395	SPNS2	SRR14800477	q_0.222	0
1396	SRPRA	SRR14800477	q_0.222	0.800597014353863
1397	LINC03040	SRR14800477	q_0.222	0
1398	RAP1GDS1	SRR14800477	q_0.222	0.721087108258858
1399	ZNF493	SRR14800477	q_0.222	0.986159041665326
1400	VRK2	SRR14800477	q_0.222	0.979339916829086
1401	PMEPA1	SRR14800477	q_0.222	0.91065482372906
1402	CXCL12	SRR14800477	q_0.222	0.786746495787538
1403	EXOC1	SRR14800477	q_0.222	0.951242037601276
1404	FAM114A2	SRR14800477	q_0.222	0.777361427347917
1405	ANGEL2	SRR14800477	q_0.222	0.91873821948922
1406	TMEM183A	SRR14800477	q_0.222	0.843334285011138
1407	HDAC2	SRR14800477	q_0.222	0.772642961300541
1408	ATG5	SRR14800477	q_0.222	0.929433319828377
1409	SH3PXD2A	SRR14800477	q_0.222	0.931091936763537
1410	IFIT3	SRR14800477	q_0.222	0
1411	PBX2	SRR14800477	q_0.222	0.764602941811699
1412	IRF3	SRR14800477	q_0.222	0.909242077526539
1413	SPIRE2	SRR14800477	q_0.222	0.925538102014534
1414	CYBB	SRR14800477	q_0.222	0.886888938621235
1415	ASMTL	SRR14800477	q_0.222	0.909364975261767
1416	ETFRF1	SRR14800477	q_0.222	0.775765993226995
1417	PDE7A	SRR14800477	q_0.222	0.968636114275819
1418	CDH24	SRR14800477	q_0.222	0.373755834645564
1419	RELCH	SRR14800477	q_0.222	0.969980691468073
1420	ZFP90	SRR14800477	q_0.222	0.596677173411018
1421	SAR1B	SRR14800477	q_0.222	0.916638988275782
1422	PPP1R2	SRR14800477	q_0.222	0.466243865207996
1423	ENSG00000254706	SRR14800477	q_0.222	0.753257060876921
1424	GSKIP	SRR14800477	q_0.222	0.236918179490231
1425	GDI1	SRR14800477	q_0.222	0.431656448952155
1426	PNPT1	SRR14800477	q_0.222	0.984083722758683
1427	ZNF714	SRR14800477	q_0.222	0.892657697185438
1428	SLC9A7	SRR14800477	q_0.222	0
1429	DNAJC24	SRR14800477	q_0.222	0.891200403099658
1430	TLN2	SRR14800477	q_0.222	0.759305414348895
1431	SRP72	SRR14800477	q_0.222	0.949433331346281
1432	NSA2	SRR14800477	q_0.222	0.584716854640698
1433	THY1	SRR14800477	q_0.222	0.41460114631033
1434	PICALM	SRR14800477	q_0.222	0.756536739622401
1435	GLB1L2	SRR14800477	q_0.222	0.826611833088721
1436	SNHG10	SRR14800477	q_0.222	0.954491871358402
1437	MEF2A	SRR14800477	q_0.222	0.951393532116414
1438	GIPR	SRR14800477	q_0.222	0.913917066575107
1439	LINC02362	SRR14800477	q_0.222	0.992181606686882
1440	ENSG00000274322	SRR14800477	q_0.222	0.802875369781461
1441	ENSG00000291072	SRR14800477	q_0.222	0.755554786097225
1442	A4GALT	SRR14800477	q_0.222	0.621112245933269
1443	EPB41L4A-AS1	SRR14800477	q_0.222	0.909350316411214
1444	NCF1C	SRR14800477	q_0.222	0.968414323980392
1445	FOXJ2	SRR14800476	q_0.222	0.613470198284133
1446	TMEM38A	SRR14800476	q_0.222	0.960437941998505
1447	CCNE1	SRR14800476	q_0.222	0.954228461853626
1448	MCOLN1	SRR14800476	q_0.222	0.834764347646081
1449	FBXO3	SRR14800476	q_0.222	0.993576963037108
1450	SLC25A16	SRR14800476	q_0.222	0.792463828110045
1451	ZNF710	SRR14800476	q_0.222	0.936374092579737
1452	TM7SF2	SRR14800476	q_0.222	0.793112022166536
1453	UBP1	SRR14800476	q_0.222	0.972345633656102
1454	SPICE1	SRR14800476	q_0.222	0.890922380142908
1455	NPY1R	SRR14800476	q_0.222	0.937109834989258
1456	CENPV	SRR14800476	q_0.222	0.911942458747529
1457	METTL26	SRR14800476	q_0.222	0.614703993955025
1458	MCC	SRR14800476	q_0.222	0.849655484618974
1459	REG3A	SRR14800476	q_0.222	0
1460	USP38	SRR14800476	q_0.222	0.992520897092177
1461	CYP2W1	SRR14800476	q_0.222	0
1462	NFKBIB	SRR14800476	q_0.222	0.904761404313269
1463	ING3	SRR14800476	q_0.222	0.781340926986565
1464	HIGD1A	SRR14800476	q_0.222	0.962908852290023
1465	DUOXA2	SRR14800476	q_0.222	0
1466	CCDC149	SRR14800476	q_0.222	0.75414161342577
1467	FAXDC2	SRR14800476	q_0.222	0.870048255313861
1468	THOC6	SRR14800476	q_0.222	0.386511970315529
1469	POLR2J4	SRR14800476	q_0.222	0.836865123456187
1470	SYNM	SRR14800476	q_0.222	0.99820221553474
1471	SPNS2	SRR14800476	q_0.222	0.829074615611668
1472	SRPRA	SRR14800476	q_0.222	0.831049175390621
1473	LINC03040	SRR14800476	q_0.222	0.528752907174698
1474	RAP1GDS1	SRR14800476	q_0.222	0.60346352197618
1475	ZNF493	SRR14800476	q_0.222	0.976508633029632
1476	VRK2	SRR14800476	q_0.222	0.950193935399254
1477	PMEPA1	SRR14800476	q_0.222	0.936555376680209
1478	CXCL12	SRR14800476	q_0.222	0.751188818195784
1479	EXOC1	SRR14800476	q_0.222	0.725986597128436
1480	FAM114A2	SRR14800476	q_0.222	0.597928125842243
1481	ANGEL2	SRR14800476	q_0.222	0.900577460357019
1482	TMEM183A	SRR14800476	q_0.222	0.952824267860661
1483	HDAC2	SRR14800476	q_0.222	0.934685022854845
1484	ATG5	SRR14800476	q_0.222	0.897493875446121
1485	SH3PXD2A	SRR14800476	q_0.222	0.968382483194789
1486	IFIT3	SRR14800476	q_0.222	0.999994670010404
1487	PBX2	SRR14800476	q_0.222	0.728315074917655
1488	IRF3	SRR14800476	q_0.222	0.93452405236038
1489	SPIRE2	SRR14800476	q_0.222	0.926163003557309
1490	CYBB	SRR14800476	q_0.222	0.84700286261715
1491	ASMTL	SRR14800476	q_0.222	0.78447743545729
1492	ETFRF1	SRR14800476	q_0.222	0.78539300487418
1493	PDE7A	SRR14800476	q_0.222	0.802954676182607
1494	CDH24	SRR14800476	q_0.222	0.520094206575942
1495	RELCH	SRR14800476	q_0.222	0.975848092351057
1496	ZFP90	SRR14800476	q_0.222	0.762592671554909
1497	SAR1B	SRR14800476	q_0.222	0.859566947712618
1498	PPP1R2	SRR14800476	q_0.222	0.441821187247598
1499	ENSG00000254706	SRR14800476	q_0.222	0.955595123802658
1500	GSKIP	SRR14800476	q_0.222	0.5060837563215
1501	GDI1	SRR14800476	q_0.222	0.774249195913867
1502	PNPT1	SRR14800476	q_0.222	0.755787309818266
1503	ZNF714	SRR14800476	q_0.222	0.924664385756174
1504	SLC9A7	SRR14800476	q_0.222	0.985414707258565
1505	DNAJC24	SRR14800476	q_0.222	0.95871787541283
1506	TLN2	SRR14800476	q_0.222	0.869352715938731
1507	SRP72	SRR14800476	q_0.222	0.925270011783729
1508	NSA2	SRR14800476	q_0.222	0.758592063336205
1509	THY1	SRR14800476	q_0.222	0.444736266986294
1510	PICALM	SRR14800476	q_0.222	0.990283161871558
1511	GLB1L2	SRR14800476	q_0.222	0.8359653452503
1512	SNHG10	SRR14800476	q_0.222	0.97349875770246
1513	MEF2A	SRR14800476	q_0.222	0.894766389245046
1514	GIPR	SRR14800476	q_0.222	0.986931975774628
1515	LINC02362	SRR14800476	q_0.222	0.98168939934679
1516	ENSG00000274322	SRR14800476	q_0.222	0.797084397463901
1517	ENSG00000291072	SRR14800476	q_0.222	0.919502337957462
1518	A4GALT	SRR14800476	q_0.222	0.279767005814551
1519	EPB41L4A-AS1	SRR14800476	q_0.222	0.745476955310869
1520	NCF1C	SRR14800476	q_0.222	0.519406988343955
1521	FOXJ2	SRR14800475	q_0.222	0.873554378086044
1522	TMEM38A	SRR14800475	q_0.222	0.98175832558162
1523	CCNE1	SRR14800475	q_0.222	0.319834859834607
1524	MCOLN1	SRR14800475	q_0.222	0.878458000453312
1525	FBXO3	SRR14800475	q_0.222	0.958379824777469
1526	SLC25A16	SRR14800475	q_0.222	0.815611771769175
1527	ZNF710	SRR14800475	q_0.222	0.96935574131082
1528	TM7SF2	SRR14800475	q_0.222	0.382173423415798
1529	UBP1	SRR14800475	q_0.222	0.774569407226693
1530	SPICE1	SRR14800475	q_0.222	0.90896862447205
1531	NPY1R	SRR14800475	q_0.222	0.257697087255505
1532	CENPV	SRR14800475	q_0.222	0.899362249296979
1533	METTL26	SRR14800475	q_0.222	0.711377039082774
1534	MCC	SRR14800475	q_0.222	0.837441794324654
1535	REG3A	SRR14800475	q_0.222	0
1536	USP38	SRR14800475	q_0.222	0.823208445392296
1537	CYP2W1	SRR14800475	q_0.222	0
1538	NFKBIB	SRR14800475	q_0.222	0.905114834208949
1539	ING3	SRR14800475	q_0.222	0.630858776696093
1540	HIGD1A	SRR14800475	q_0.222	0.913010527239987
1541	DUOXA2	SRR14800475	q_0.222	0.930914304756466
1542	CCDC149	SRR14800475	q_0.222	0.96568124511612
1543	FAXDC2	SRR14800475	q_0.222	0.931970512160268
1544	THOC6	SRR14800475	q_0.222	0.959488076214558
1545	POLR2J4	SRR14800475	q_0.222	0.976245952446937
1546	SYNM	SRR14800475	q_0.222	0.999924547051039
1547	SPNS2	SRR14800475	q_0.222	0.932758790970923
1548	SRPRA	SRR14800475	q_0.222	0.414681945673045
1549	LINC03040	SRR14800475	q_0.222	0.983966603858843
1550	RAP1GDS1	SRR14800475	q_0.222	0.57306278486803
1551	ZNF493	SRR14800475	q_0.222	0.976486030640646
1552	VRK2	SRR14800475	q_0.222	0.904749956464074
1553	PMEPA1	SRR14800475	q_0.222	0.63989621370071
1554	CXCL12	SRR14800475	q_0.222	0.772130391436134
1555	EXOC1	SRR14800475	q_0.222	0.49281384172557
1556	FAM114A2	SRR14800475	q_0.222	0.723064827438332
1557	ANGEL2	SRR14800475	q_0.222	0.668453085350674
1558	TMEM183A	SRR14800475	q_0.222	0.985154343028758
1559	HDAC2	SRR14800475	q_0.222	0.739456657992285
1560	ATG5	SRR14800475	q_0.222	0.9768921112495
1561	SH3PXD2A	SRR14800475	q_0.222	0.668783715842697
1562	IFIT3	SRR14800475	q_0.222	0.901927346379167
1563	PBX2	SRR14800475	q_0.222	0.761927344642225
1564	IRF3	SRR14800475	q_0.222	0.892410088986439
1565	SPIRE2	SRR14800475	q_0.222	0.756214544282245
1566	CYBB	SRR14800475	q_0.222	0.857468745469148
1567	ASMTL	SRR14800475	q_0.222	0.768726838619902
1568	ETFRF1	SRR14800475	q_0.222	0.750976754623877
1569	PDE7A	SRR14800475	q_0.222	0.977287906962753
1570	CDH24	SRR14800475	q_0.222	0.523920374675148
1571	RELCH	SRR14800475	q_0.222	0.704921120130233
1572	ZFP90	SRR14800475	q_0.222	0.701076604392774
1573	SAR1B	SRR14800475	q_0.222	0.677113799865505
1574	PPP1R2	SRR14800475	q_0.222	0.907213360603367
1575	ENSG00000254706	SRR14800475	q_0.222	0.966237709445673
1576	GSKIP	SRR14800475	q_0.222	0.525887441630592
1577	GDI1	SRR14800475	q_0.222	0.417144277507323
1578	PNPT1	SRR14800475	q_0.222	0.532544264212799
1579	ZNF714	SRR14800475	q_0.222	0.597225210995058
1580	SLC9A7	SRR14800475	q_0.222	0.990456008153088
1581	DNAJC24	SRR14800475	q_0.222	0.82834217651233
1582	TLN2	SRR14800475	q_0.222	0.638556096326359
1583	SRP72	SRR14800475	q_0.222	0.947456016501508
1584	NSA2	SRR14800475	q_0.222	0.766287813041863
1585	THY1	SRR14800475	q_0.222	0.458827773460034
1586	PICALM	SRR14800475	q_0.222	0.866540368319896
1587	GLB1L2	SRR14800475	q_0.222	0.803187550165063
1588	SNHG10	SRR14800475	q_0.222	0.897097578098496
1589	MEF2A	SRR14800475	q_0.222	0.71489238008363
1590	GIPR	SRR14800475	q_0.222	NA
1591	LINC02362	SRR14800475	q_0.222	0.629261719704023
1592	ENSG00000274322	SRR14800475	q_0.222	0
1593	ENSG00000291072	SRR14800475	q_0.222	0.788876408370301
1594	A4GALT	SRR14800475	q_0.222	0.94481593488104
1595	EPB41L4A-AS1	SRR14800475	q_0.222	0.458406238657213
1596	NCF1C	SRR14800475	q_0.222	0.474485011229301
1597	FOXJ2	SRR14800490	q_0.222	0.898034872169299
1598	TMEM38A	SRR14800490	q_0.222	0.999885818662963
1599	CCNE1	SRR14800490	q_0.222	NA
1600	MCOLN1	SRR14800490	q_0.222	0.787936458358354
1601	FBXO3	SRR14800490	q_0.222	0.809042953174902
1602	SLC25A16	SRR14800490	q_0.222	0.796836877423744
1603	ZNF710	SRR14800490	q_0.222	0.972288836667587
1604	TM7SF2	SRR14800490	q_0.222	0.933152879279048
1605	UBP1	SRR14800490	q_0.222	0.887219962943661
1606	SPICE1	SRR14800490	q_0.222	0.921478169735218
1607	NPY1R	SRR14800490	q_0.222	0.868357935275139
1608	CENPV	SRR14800490	q_0.222	0.954955837728799
1609	METTL26	SRR14800490	q_0.222	0.708858666088062
1610	MCC	SRR14800490	q_0.222	0.847766100725916
1611	REG3A	SRR14800490	q_0.222	NA
1612	USP38	SRR14800490	q_0.222	0.822722251840804
1613	CYP2W1	SRR14800490	q_0.222	0
1614	NFKBIB	SRR14800490	q_0.222	0.878115304832039
1615	ING3	SRR14800490	q_0.222	0.820889939436926
1616	HIGD1A	SRR14800490	q_0.222	0.916643274767604
1617	DUOXA2	SRR14800490	q_0.222	NA
1618	CCDC149	SRR14800490	q_0.222	0.962330296801647
1619	FAXDC2	SRR14800490	q_0.222	0.879254041551175
1620	THOC6	SRR14800490	q_0.222	0.739244046163375
1621	POLR2J4	SRR14800490	q_0.222	0.988035455644274
1622	SYNM	SRR14800490	q_0.222	0.997093532102595
1623	SPNS2	SRR14800490	q_0.222	0
1624	SRPRA	SRR14800490	q_0.222	0.83841525348182
1625	LINC03040	SRR14800490	q_0.222	0
1626	RAP1GDS1	SRR14800490	q_0.222	0.597304220266657
1627	ZNF493	SRR14800490	q_0.222	0.96905377508389
1628	VRK2	SRR14800490	q_0.222	0.91886473390936
1629	PMEPA1	SRR14800490	q_0.222	0.610096050148616
1630	CXCL12	SRR14800490	q_0.222	0.838366161138012
1631	EXOC1	SRR14800490	q_0.222	0.736581315853979
1632	FAM114A2	SRR14800490	q_0.222	0.762773059728449
1633	ANGEL2	SRR14800490	q_0.222	0.955800054583743
1634	TMEM183A	SRR14800490	q_0.222	0.827999995742538
1635	HDAC2	SRR14800490	q_0.222	0.756405961336879
1636	ATG5	SRR14800490	q_0.222	0.89353197376121
1637	SH3PXD2A	SRR14800490	q_0.222	0.794578555676292
1638	IFIT3	SRR14800490	q_0.222	0.923194707756518
1639	PBX2	SRR14800490	q_0.222	0.493183369213297
1640	IRF3	SRR14800490	q_0.222	0.871509415894023
1641	SPIRE2	SRR14800490	q_0.222	0.960757325237061
1642	CYBB	SRR14800490	q_0.222	0.827272727879335
1643	ASMTL	SRR14800490	q_0.222	0.779641119701248
1644	ETFRF1	SRR14800490	q_0.222	0.795637213302335
1645	PDE7A	SRR14800490	q_0.222	0.767718453269642
1646	CDH24	SRR14800490	q_0.222	0.487553458458675
1647	RELCH	SRR14800490	q_0.222	0.724943299096212
1648	ZFP90	SRR14800490	q_0.222	0.819714634457245
1649	SAR1B	SRR14800490	q_0.222	0.671018106505418
1650	PPP1R2	SRR14800490	q_0.222	0.841537821404595
1651	ENSG00000254706	SRR14800490	q_0.222	0.778869330978045
1652	GSKIP	SRR14800490	q_0.222	0
1653	GDI1	SRR14800490	q_0.222	0.801343589169477
1654	PNPT1	SRR14800490	q_0.222	0.512320321397826
1655	ZNF714	SRR14800490	q_0.222	0.340595407077186
1656	SLC9A7	SRR14800490	q_0.222	0.727504725180132
1657	DNAJC24	SRR14800490	q_0.222	0.70905645287643
1658	TLN2	SRR14800490	q_0.222	0.768478536228194
1659	SRP72	SRR14800490	q_0.222	0.938737488962362
1660	NSA2	SRR14800490	q_0.222	0.553442713377416
1661	THY1	SRR14800490	q_0.222	0.441575876863075
1662	PICALM	SRR14800490	q_0.222	0.865872896131188
1663	GLB1L2	SRR14800490	q_0.222	0.898644746177908
1664	SNHG10	SRR14800490	q_0.222	0.684243661847655
1665	MEF2A	SRR14800490	q_0.222	0.877260201712081
1666	GIPR	SRR14800490	q_0.222	NA
1667	LINC02362	SRR14800490	q_0.222	0.784306880971835
1668	ENSG00000274322	SRR14800490	q_0.222	0.943677514816118
1669	ENSG00000291072	SRR14800490	q_0.222	0.741253384508441
1670	A4GALT	SRR14800490	q_0.222	0.929082496092231
1671	EPB41L4A-AS1	SRR14800490	q_0.222	0.757272114194
1672	NCF1C	SRR14800490	q_0.222	0.507318244207332
1673	FOXJ2	SRR14800489	q_0.222	0.864680900150471
1674	TMEM38A	SRR14800489	q_0.222	0.990926368771243
1675	CCNE1	SRR14800489	q_0.222	0.314354129901146
1676	MCOLN1	SRR14800489	q_0.222	0.802115626023081
1677	FBXO3	SRR14800489	q_0.222	0.982320394565807
1678	SLC25A16	SRR14800489	q_0.222	0.626768632645609
1679	ZNF710	SRR14800489	q_0.222	0.978798049782671
1680	TM7SF2	SRR14800489	q_0.222	0.763226111188308
1681	UBP1	SRR14800489	q_0.222	0.902572222753962
1682	SPICE1	SRR14800489	q_0.222	0.652324982905525
1683	NPY1R	SRR14800489	q_0.222	0.840843070584005
1684	CENPV	SRR14800489	q_0.222	0.963452639194944
1685	METTL26	SRR14800489	q_0.222	0.855613513811138
1686	MCC	SRR14800489	q_0.222	0.83218217247724
1687	REG3A	SRR14800489	q_0.222	NA
1688	USP38	SRR14800489	q_0.222	0.970069696492103
1689	CYP2W1	SRR14800489	q_0.222	0
1690	NFKBIB	SRR14800489	q_0.222	0.888887779901139
1691	ING3	SRR14800489	q_0.222	0.981743767815332
1692	HIGD1A	SRR14800489	q_0.222	0.935279219360651
1693	DUOXA2	SRR14800489	q_0.222	0.988983642677225
1694	CCDC149	SRR14800489	q_0.222	0.983139719055519
1695	FAXDC2	SRR14800489	q_0.222	0.907616964025459
1696	THOC6	SRR14800489	q_0.222	0.782166329339687
1697	POLR2J4	SRR14800489	q_0.222	0.835017513255857
1698	SYNM	SRR14800489	q_0.222	0.991698597731375
1699	SPNS2	SRR14800489	q_0.222	0
1700	SRPRA	SRR14800489	q_0.222	0.850741470952924
1701	LINC03040	SRR14800489	q_0.222	0
1702	RAP1GDS1	SRR14800489	q_0.222	0.962744830924568
1703	ZNF493	SRR14800489	q_0.222	0.965353029329984
1704	VRK2	SRR14800489	q_0.222	0.946722840929171
1705	PMEPA1	SRR14800489	q_0.222	0.888096069751614
1706	CXCL12	SRR14800489	q_0.222	0.834623703967846
1707	EXOC1	SRR14800489	q_0.222	0.987766788343414
1708	FAM114A2	SRR14800489	q_0.222	0.81245206947324
1709	ANGEL2	SRR14800489	q_0.222	0.93114369224058
1710	TMEM183A	SRR14800489	q_0.222	0.975074032505646
1711	HDAC2	SRR14800489	q_0.222	0.595745539095646
1712	ATG5	SRR14800489	q_0.222	0.916237851632396
1713	SH3PXD2A	SRR14800489	q_0.222	0.938849567674476
1714	IFIT3	SRR14800489	q_0.222	0.997554343192958
1715	PBX2	SRR14800489	q_0.222	0.685789850115434
1716	IRF3	SRR14800489	q_0.222	0.895230015745808
1717	SPIRE2	SRR14800489	q_0.222	0.954631736073007
1718	CYBB	SRR14800489	q_0.222	0.860205325163706
1719	ASMTL	SRR14800489	q_0.222	0.7707663933544
1720	ETFRF1	SRR14800489	q_0.222	0.822256962651761
1721	PDE7A	SRR14800489	q_0.222	0.750623429144014
1722	CDH24	SRR14800489	q_0.222	0.529181491061183
1723	RELCH	SRR14800489	q_0.222	0.92312964429449
1724	ZFP90	SRR14800489	q_0.222	0.618517541388111
1725	SAR1B	SRR14800489	q_0.222	0.88735484729216
1726	PPP1R2	SRR14800489	q_0.222	0.878375099256718
1727	ENSG00000254706	SRR14800489	q_0.222	0.992881621679146
1728	GSKIP	SRR14800489	q_0.222	0
1729	GDI1	SRR14800489	q_0.222	0.796178388587818
1730	PNPT1	SRR14800489	q_0.222	0.763005777760448
1731	ZNF714	SRR14800489	q_0.222	0.848387406237316
1732	SLC9A7	SRR14800489	q_0.222	0.85252178700941
1733	DNAJC24	SRR14800489	q_0.222	0.932105293364989
1734	TLN2	SRR14800489	q_0.222	0.960292461021726
1735	SRP72	SRR14800489	q_0.222	0.919671443791684
1736	NSA2	SRR14800489	q_0.222	0.580687959534146
1737	THY1	SRR14800489	q_0.222	0.830469641624493
1738	PICALM	SRR14800489	q_0.222	0.870837030492837
1739	GLB1L2	SRR14800489	q_0.222	0.803274993408682
1740	SNHG10	SRR14800489	q_0.222	0.882220569201284
1741	MEF2A	SRR14800489	q_0.222	0.946213483663972
1742	GIPR	SRR14800489	q_0.222	0.983747627215119
1743	LINC02362	SRR14800489	q_0.222	0.990813257226501
1744	ENSG00000274322	SRR14800489	q_0.222	0.724130690548985
1745	ENSG00000291072	SRR14800489	q_0.222	0.980802139786704
1746	A4GALT	SRR14800489	q_0.222	0.500919699939094
1747	EPB41L4A-AS1	SRR14800489	q_0.222	0.685331335407512
1748	NCF1C	SRR14800489	q_0.222	0.949584916561543
1749	FOXJ2	SRR14800488	q_0.222	0.27705928346462
1750	TMEM38A	SRR14800488	q_0.222	0.966524170207395
1751	CCNE1	SRR14800488	q_0.222	0.366592386062637
1752	MCOLN1	SRR14800488	q_0.222	0.764273882046627
1753	FBXO3	SRR14800488	q_0.222	0.807535305092234
1754	SLC25A16	SRR14800488	q_0.222	0.965227994797702
1755	ZNF710	SRR14800488	q_0.222	0.968945229753782
1756	TM7SF2	SRR14800488	q_0.222	0.870953546184015
1757	UBP1	SRR14800488	q_0.222	0.884920903119682
1758	SPICE1	SRR14800488	q_0.222	0.932670325547881
1759	NPY1R	SRR14800488	q_0.222	0.614618780818279
1760	CENPV	SRR14800488	q_0.222	0.970178974340623
1761	METTL26	SRR14800488	q_0.222	0.764463907937347
1762	MCC	SRR14800488	q_0.222	0.885596090114797
1763	REG3A	SRR14800488	q_0.222	0
1764	USP38	SRR14800488	q_0.222	0.827016856206549
1765	CYP2W1	SRR14800488	q_0.222	0
1766	NFKBIB	SRR14800488	q_0.222	0.921556886113802
1767	ING3	SRR14800488	q_0.222	0.798150104993866
1768	HIGD1A	SRR14800488	q_0.222	0.727483622434197
1769	DUOXA2	SRR14800488	q_0.222	0
1770	CCDC149	SRR14800488	q_0.222	0.883967748461025
1771	FAXDC2	SRR14800488	q_0.222	0.867804688882545
1772	THOC6	SRR14800488	q_0.222	0.80324311184941
1773	POLR2J4	SRR14800488	q_0.222	0.844028108835371
1774	SYNM	SRR14800488	q_0.222	0
1775	SPNS2	SRR14800488	q_0.222	0
1776	SRPRA	SRR14800488	q_0.222	0.783606289902509
1777	LINC03040	SRR14800488	q_0.222	0.507411192181494
1778	RAP1GDS1	SRR14800488	q_0.222	0.701330509429498
1779	ZNF493	SRR14800488	q_0.222	0.98508802054454
1780	VRK2	SRR14800488	q_0.222	0.965825163480111
1781	PMEPA1	SRR14800488	q_0.222	0.963369098255749
1782	CXCL12	SRR14800488	q_0.222	0.825715956274233
1783	EXOC1	SRR14800488	q_0.222	0.751765333895034
1784	FAM114A2	SRR14800488	q_0.222	0.785043507504655
1785	ANGEL2	SRR14800488	q_0.222	0.970072147996884
1786	TMEM183A	SRR14800488	q_0.222	0.742055530962042
1787	HDAC2	SRR14800488	q_0.222	0.800431190442601
1788	ATG5	SRR14800488	q_0.222	0.911767936271334
1789	SH3PXD2A	SRR14800488	q_0.222	0.915286808205891
1790	IFIT3	SRR14800488	q_0.222	0.997327511171195
1791	PBX2	SRR14800488	q_0.222	0.620739039615394
1792	IRF3	SRR14800488	q_0.222	0.758416356980494
1793	SPIRE2	SRR14800488	q_0.222	0.927773855639667
1794	CYBB	SRR14800488	q_0.222	0.912200437644819
1795	ASMTL	SRR14800488	q_0.222	0.593522130896086
1796	ETFRF1	SRR14800488	q_0.222	0.856624856079409
1797	PDE7A	SRR14800488	q_0.222	0.614294133825053
1798	CDH24	SRR14800488	q_0.222	0.903518790329922
1799	RELCH	SRR14800488	q_0.222	0.717305782023012
1800	ZFP90	SRR14800488	q_0.222	0.592615515240081
1801	SAR1B	SRR14800488	q_0.222	0.675243940978806
1802	PPP1R2	SRR14800488	q_0.222	0.762379908443883
1803	ENSG00000254706	SRR14800488	q_0.222	0.952450351658101
1804	GSKIP	SRR14800488	q_0.222	0.78045584336183
1805	GDI1	SRR14800488	q_0.222	0.791019451042519
1806	PNPT1	SRR14800488	q_0.222	0.284383679956735
1807	ZNF714	SRR14800488	q_0.222	0.844593984710191
1808	SLC9A7	SRR14800488	q_0.222	0.741242474928173
1809	DNAJC24	SRR14800488	q_0.222	0.863679978520572
1810	TLN2	SRR14800488	q_0.222	0.963668336127905
1811	SRP72	SRR14800488	q_0.222	0.638657405796088
1812	NSA2	SRR14800488	q_0.222	0.908612009949868
1813	THY1	SRR14800488	q_0.222	0.908017360983568
1814	PICALM	SRR14800488	q_0.222	0.854929742122837
1815	GLB1L2	SRR14800488	q_0.222	0.806161904200112
1816	SNHG10	SRR14800488	q_0.222	0.930842359542314
1817	MEF2A	SRR14800488	q_0.222	0.892190323068293
1818	GIPR	SRR14800488	q_0.222	0.998378003472954
1819	LINC02362	SRR14800488	q_0.222	0.812964555078071
1820	ENSG00000274322	SRR14800488	q_0.222	0.784021277522244
1821	ENSG00000291072	SRR14800488	q_0.222	0.9710099514176
1822	A4GALT	SRR14800488	q_0.222	0.528905556728673
1823	EPB41L4A-AS1	SRR14800488	q_0.222	0.924705565268049
1824	NCF1C	SRR14800488	q_0.222	0
1825	FOXJ2	SRR14800479	q_0.222	0.539337840424565
1826	TMEM38A	SRR14800479	q_0.222	0.965929910858939
1827	CCNE1	SRR14800479	q_0.222	0.986021605192956
1828	MCOLN1	SRR14800479	q_0.222	0.921830295066816
1829	FBXO3	SRR14800479	q_0.222	0.625844544283126
1830	SLC25A16	SRR14800479	q_0.222	0.629544373624035
1831	ZNF710	SRR14800479	q_0.222	0.914552549363425
1832	TM7SF2	SRR14800479	q_0.222	0.830882294728866
1833	UBP1	SRR14800479	q_0.222	0.939320626310574
1834	SPICE1	SRR14800479	q_0.222	0.966767943168279
1835	NPY1R	SRR14800479	q_0.222	0
1836	CENPV	SRR14800479	q_0.222	0.981477468103507
1837	METTL26	SRR14800479	q_0.222	0.788546107718976
1838	MCC	SRR14800479	q_0.222	0.743902705344681
1839	REG3A	SRR14800479	q_0.222	0.994935877062871
1840	USP38	SRR14800479	q_0.222	0.797566973331792
1841	CYP2W1	SRR14800479	q_0.222	0.796363615526345
1842	NFKBIB	SRR14800479	q_0.222	0.90628464686672
1843	ING3	SRR14800479	q_0.222	0.982399465839857
1844	HIGD1A	SRR14800479	q_0.222	0.890844767215165
1845	DUOXA2	SRR14800479	q_0.222	0.954701970000218
1846	CCDC149	SRR14800479	q_0.222	0.755377060323035
1847	FAXDC2	SRR14800479	q_0.222	0.961189285870881
1848	THOC6	SRR14800479	q_0.222	0.817506897887023
1849	POLR2J4	SRR14800479	q_0.222	0.831849725340175
1850	SYNM	SRR14800479	q_0.222	0
1851	SPNS2	SRR14800479	q_0.222	0
1852	SRPRA	SRR14800479	q_0.222	0.84718131591711
1853	LINC03040	SRR14800479	q_0.222	0.985333319913484
1854	RAP1GDS1	SRR14800479	q_0.222	0.727906550676091
1855	ZNF493	SRR14800479	q_0.222	0.955378965862357
1856	VRK2	SRR14800479	q_0.222	0.970534507272352
1857	PMEPA1	SRR14800479	q_0.222	0.872193148243217
1858	CXCL12	SRR14800479	q_0.222	0.516535975671631
1859	EXOC1	SRR14800479	q_0.222	0.51988035476788
1860	FAM114A2	SRR14800479	q_0.222	0.814034274371937
1861	ANGEL2	SRR14800479	q_0.222	0.956275566724063
1862	TMEM183A	SRR14800479	q_0.222	0.528928517522774
1863	HDAC2	SRR14800479	q_0.222	0.884906126714574
1864	ATG5	SRR14800479	q_0.222	0.916264346781558
1865	SH3PXD2A	SRR14800479	q_0.222	0.915279683701166
1866	IFIT3	SRR14800479	q_0.222	0
1867	PBX2	SRR14800479	q_0.222	0.886695815291574
1868	IRF3	SRR14800479	q_0.222	0.713288971088799
1869	SPIRE2	SRR14800479	q_0.222	0.933716519981264
1870	CYBB	SRR14800479	q_0.222	0.505278771542459
1871	ASMTL	SRR14800479	q_0.222	0.81834007903943
1872	ETFRF1	SRR14800479	q_0.222	0.927104739564918
1873	PDE7A	SRR14800479	q_0.222	0.747400523237385
1874	CDH24	SRR14800479	q_0.222	0.877274916330519
1875	RELCH	SRR14800479	q_0.222	0.836714250007833
1876	ZFP90	SRR14800479	q_0.222	0.628995457718856
1877	SAR1B	SRR14800479	q_0.222	0.480862194949183
1878	PPP1R2	SRR14800479	q_0.222	0.658957768148439
1879	ENSG00000254706	SRR14800479	q_0.222	0
1880	GSKIP	SRR14800479	q_0.222	0.764283796404347
1881	GDI1	SRR14800479	q_0.222	0.843560760478919
1882	PNPT1	SRR14800479	q_0.222	0.5364501137281
1883	ZNF714	SRR14800479	q_0.222	0.968334679216515
1884	SLC9A7	SRR14800479	q_0.222	0
1885	DNAJC24	SRR14800479	q_0.222	0.916127317713938
1886	TLN2	SRR14800479	q_0.222	0.761838292541857
1887	SRP72	SRR14800479	q_0.222	0.667420071467239
1888	NSA2	SRR14800479	q_0.222	0.891298089083812
1889	THY1	SRR14800479	q_0.222	0.943618265805358
1890	PICALM	SRR14800479	q_0.222	0.837377969345728
1891	GLB1L2	SRR14800479	q_0.222	0.823488081203479
1892	SNHG10	SRR14800479	q_0.222	0.892853934221409
1893	MEF2A	SRR14800479	q_0.222	0.733040435496089
1894	GIPR	SRR14800479	q_0.222	0.966189863339291
1895	LINC02362	SRR14800479	q_0.222	0.622971947286296
1896	ENSG00000274322	SRR14800479	q_0.222	0.664485555489242
1897	ENSG00000291072	SRR14800479	q_0.222	0.825428512594433
1898	A4GALT	SRR14800479	q_0.222	0.432117730028077
1899	EPB41L4A-AS1	SRR14800479	q_0.222	0.716762907916755
1900	NCF1C	SRR14800479	q_0.222	0
1901	FOXJ2	SRR14800478	q_0.222	0.565690045436273
1902	TMEM38A	SRR14800478	q_0.222	0
1903	CCNE1	SRR14800478	q_0.222	0.899857570062525
1904	MCOLN1	SRR14800478	q_0.222	0.772973108354959
1905	FBXO3	SRR14800478	q_0.222	0.961801260763602
1906	SLC25A16	SRR14800478	q_0.222	0.970801577561262
1907	ZNF710	SRR14800478	q_0.222	0.991404525662633
1908	TM7SF2	SRR14800478	q_0.222	0.804387774518332
1909	UBP1	SRR14800478	q_0.222	0.862548529615833
1910	SPICE1	SRR14800478	q_0.222	0.95843295221724
1911	NPY1R	SRR14800478	q_0.222	0
1912	CENPV	SRR14800478	q_0.222	0.933828576928969
1913	METTL26	SRR14800478	q_0.222	0.951622793003786
1914	MCC	SRR14800478	q_0.222	0.842346446835337
1915	REG3A	SRR14800478	q_0.222	0.997571765242922
1916	USP38	SRR14800478	q_0.222	0.972764015823874
1917	CYP2W1	SRR14800478	q_0.222	0.99726781976799
1918	NFKBIB	SRR14800478	q_0.222	0.805727694695543
1919	ING3	SRR14800478	q_0.222	0.78949707330761
1920	HIGD1A	SRR14800478	q_0.222	0.777304741952141
1921	DUOXA2	SRR14800478	q_0.222	0.665666829289609
1922	CCDC149	SRR14800478	q_0.222	0.745258937212549
1923	FAXDC2	SRR14800478	q_0.222	0.943815216143533
1924	THOC6	SRR14800478	q_0.222	0.729860243758653
1925	POLR2J4	SRR14800478	q_0.222	0.843611038048432
1926	SYNM	SRR14800478	q_0.222	0.999987523987454
1927	SPNS2	SRR14800478	q_0.222	0.850333573123925
1928	SRPRA	SRR14800478	q_0.222	0.649904721256348
1929	LINC03040	SRR14800478	q_0.222	0.990414565708246
1930	RAP1GDS1	SRR14800478	q_0.222	0.943934892757867
1931	ZNF493	SRR14800478	q_0.222	0.973104407757813
1932	VRK2	SRR14800478	q_0.222	0.931778126306073
1933	PMEPA1	SRR14800478	q_0.222	0.960302482035817
1934	CXCL12	SRR14800478	q_0.222	0.920367335978687
1935	EXOC1	SRR14800478	q_0.222	0.908588773553922
1936	FAM114A2	SRR14800478	q_0.222	0.635690894167018
1937	ANGEL2	SRR14800478	q_0.222	0.959705187806924
1938	TMEM183A	SRR14800478	q_0.222	0.978384183928948
1939	HDAC2	SRR14800478	q_0.222	0.741300962190891
1940	ATG5	SRR14800478	q_0.222	0.942139322562039
1941	SH3PXD2A	SRR14800478	q_0.222	0.840574065337959
1942	IFIT3	SRR14800478	q_0.222	0.943020636958523
1943	PBX2	SRR14800478	q_0.222	0.952589866868875
1944	IRF3	SRR14800478	q_0.222	0.92530773176175
1945	SPIRE2	SRR14800478	q_0.222	0.942087060962921
1946	CYBB	SRR14800478	q_0.222	0.798546533450682
1947	ASMTL	SRR14800478	q_0.222	0
1948	ETFRF1	SRR14800478	q_0.222	0.887511238178899
1949	PDE7A	SRR14800478	q_0.222	0.974054309108449
1950	CDH24	SRR14800478	q_0.222	0.937656757451623
1951	RELCH	SRR14800478	q_0.222	0.825690336252383
1952	ZFP90	SRR14800478	q_0.222	0.755219161377865
1953	SAR1B	SRR14800478	q_0.222	0.900643320395123
1954	PPP1R2	SRR14800478	q_0.222	0.787544394656481
1955	ENSG00000254706	SRR14800478	q_0.222	0.942691128439783
1956	GSKIP	SRR14800478	q_0.222	0.512085231225195
1957	GDI1	SRR14800478	q_0.222	0.825121754663702
1958	PNPT1	SRR14800478	q_0.222	0.989647139188711
1959	ZNF714	SRR14800478	q_0.222	0.942721924214785
1960	SLC9A7	SRR14800478	q_0.222	0.799174859036541
1961	DNAJC24	SRR14800478	q_0.222	0.916870398082538
1962	TLN2	SRR14800478	q_0.222	0.703850677326624
1963	SRP72	SRR14800478	q_0.222	0.914829731330792
1964	NSA2	SRR14800478	q_0.222	0.575067675299068
1965	THY1	SRR14800478	q_0.222	0.858066194390813
1966	PICALM	SRR14800478	q_0.222	0.958707701543132
1967	GLB1L2	SRR14800478	q_0.222	0.71862276795492
1968	SNHG10	SRR14800478	q_0.222	0.882372213499722
1969	MEF2A	SRR14800478	q_0.222	0.933645414100563
1970	GIPR	SRR14800478	q_0.222	0.985535388481388
1971	LINC02362	SRR14800478	q_0.222	0.73287423704611
1972	ENSG00000274322	SRR14800478	q_0.222	0.743604873045713
1973	ENSG00000291072	SRR14800478	q_0.222	0.829439146732428
1974	A4GALT	SRR14800478	q_0.222	0.804344878177564
1975	EPB41L4A-AS1	SRR14800478	q_0.222	0.960979424408186
1976	NCF1C	SRR14800478	q_0.222	0
1977	FOXJ2	SRR14800487	q_0.222	0.831392194407963
1978	TMEM38A	SRR14800487	q_0.222	0.934236284955337
1979	CCNE1	SRR14800487	q_0.222	0.895856203079409
1980	MCOLN1	SRR14800487	q_0.222	0.821330827605739
1981	FBXO3	SRR14800487	q_0.222	0.975863127150596
1982	SLC25A16	SRR14800487	q_0.222	0.933042269848638
1983	ZNF710	SRR14800487	q_0.222	0.976782011894764
1984	TM7SF2	SRR14800487	q_0.222	0.709992964760712
1985	UBP1	SRR14800487	q_0.222	0.872968022904089
1986	SPICE1	SRR14800487	q_0.222	0.983048501935282
1987	NPY1R	SRR14800487	q_0.222	0.929121619446276
1988	CENPV	SRR14800487	q_0.222	0.899429491874957
1989	METTL26	SRR14800487	q_0.222	0.950485438427995
1990	MCC	SRR14800487	q_0.222	0.89797245707022
1991	REG3A	SRR14800487	q_0.222	0.999938163445736
1992	USP38	SRR14800487	q_0.222	0.975704176800848
1993	CYP2W1	SRR14800487	q_0.222	0
1994	NFKBIB	SRR14800487	q_0.222	0.774395420182272
1995	ING3	SRR14800487	q_0.222	0.979260372480941
1996	HIGD1A	SRR14800487	q_0.222	0.437552170698245
1997	DUOXA2	SRR14800487	q_0.222	0.894110266170815
1998	CCDC149	SRR14800487	q_0.222	0.929504560474394
1999	FAXDC2	SRR14800487	q_0.222	0.820427797549223
2000	THOC6	SRR14800487	q_0.222	0.599994851068863
2001	POLR2J4	SRR14800487	q_0.222	0.848031204411724
2002	SYNM	SRR14800487	q_0.222	0.999040656351876
2003	SPNS2	SRR14800487	q_0.222	0.747507260859746
2004	SRPRA	SRR14800487	q_0.222	0.675846462543757
2005	LINC03040	SRR14800487	q_0.222	0.956764921797351
2006	RAP1GDS1	SRR14800487	q_0.222	0.825907027059101
2007	ZNF493	SRR14800487	q_0.222	0.967371797874557
2008	VRK2	SRR14800487	q_0.222	0.929223301156968
2009	PMEPA1	SRR14800487	q_0.222	0.797842811787962
2010	CXCL12	SRR14800487	q_0.222	0.844369584603731
2011	EXOC1	SRR14800487	q_0.222	0.969936059747619
2012	FAM114A2	SRR14800487	q_0.222	0.63425846013556
2013	ANGEL2	SRR14800487	q_0.222	0.965013555521386
2014	TMEM183A	SRR14800487	q_0.222	0.817390650450675
2015	HDAC2	SRR14800487	q_0.222	0.881587858683682
2016	ATG5	SRR14800487	q_0.222	0.947303525560311
2017	SH3PXD2A	SRR14800487	q_0.222	0.909221466034803
2018	IFIT3	SRR14800487	q_0.222	0.96251336369896
2019	PBX2	SRR14800487	q_0.222	0.60771893222289
2020	IRF3	SRR14800487	q_0.222	0.680929441569952
2021	SPIRE2	SRR14800487	q_0.222	0.9120763571061
2022	CYBB	SRR14800487	q_0.222	0.811840896769052
2023	ASMTL	SRR14800487	q_0.222	0.713429843128856
2024	ETFRF1	SRR14800487	q_0.222	0.779167470514623
2025	PDE7A	SRR14800487	q_0.222	0.933661562437012
2026	CDH24	SRR14800487	q_0.222	0.515629240592899
2027	RELCH	SRR14800487	q_0.222	0.83478172288072
2028	ZFP90	SRR14800487	q_0.222	0.59772420916406
2029	SAR1B	SRR14800487	q_0.222	0.915228633269044
2030	PPP1R2	SRR14800487	q_0.222	0.819335337018125
2031	ENSG00000254706	SRR14800487	q_0.222	0.820148659743312
2032	GSKIP	SRR14800487	q_0.222	0.464319743173197
2033	GDI1	SRR14800487	q_0.222	0.813293404290665
2034	PNPT1	SRR14800487	q_0.222	0.965805868487995
2035	ZNF714	SRR14800487	q_0.222	0.914732581834943
2036	SLC9A7	SRR14800487	q_0.222	0.935319987600709
2037	DNAJC24	SRR14800487	q_0.222	0.872876890824235
2038	TLN2	SRR14800487	q_0.222	0.729076244537974
2039	SRP72	SRR14800487	q_0.222	0.879394918706295
2040	NSA2	SRR14800487	q_0.222	0.46730216466173
2041	THY1	SRR14800487	q_0.222	0.740337668641106
2042	PICALM	SRR14800487	q_0.222	0.86153098852336
2043	GLB1L2	SRR14800487	q_0.222	0.7750377718282
2044	SNHG10	SRR14800487	q_0.222	0.893399938090129
2045	MEF2A	SRR14800487	q_0.222	0.936399324217535
2046	GIPR	SRR14800487	q_0.222	0.995130840513834
2047	LINC02362	SRR14800487	q_0.222	0.994311464537252
2048	ENSG00000274322	SRR14800487	q_0.222	0.711402523318904
2049	ENSG00000291072	SRR14800487	q_0.222	0.786001388608276
2050	A4GALT	SRR14800487	q_0.222	0.979409278600966
2051	EPB41L4A-AS1	SRR14800487	q_0.222	0.906695674983739
2052	NCF1C	SRR14800487	q_0.222	0.498063183653639
2053	FOXJ2	SRR14800486	q_0.222	0.250516965653553
2054	TMEM38A	SRR14800486	q_0.222	0.991140799532599
2055	CCNE1	SRR14800486	q_0.222	0.875782487567079
2056	MCOLN1	SRR14800486	q_0.222	0.787613590113935
2057	FBXO3	SRR14800486	q_0.222	0.9758793734291
2058	SLC25A16	SRR14800486	q_0.222	0.797524031250582
2059	ZNF710	SRR14800486	q_0.222	0.949236233485168
2060	TM7SF2	SRR14800486	q_0.222	0.420708672840828
2061	UBP1	SRR14800486	q_0.222	0.958153058464837
2062	SPICE1	SRR14800486	q_0.222	0.952321645106942
2063	NPY1R	SRR14800486	q_0.222	0.919451469937419
2064	CENPV	SRR14800486	q_0.222	0.936649567609722
2065	METTL26	SRR14800486	q_0.222	0.578117456712754
2066	MCC	SRR14800486	q_0.222	0.50511215652295
2067	REG3A	SRR14800486	q_0.222	0.891781065079914
2068	USP38	SRR14800486	q_0.222	0.979557924092751
2069	CYP2W1	SRR14800486	q_0.222	0
2070	NFKBIB	SRR14800486	q_0.222	0.954167910843411
2071	ING3	SRR14800486	q_0.222	0.982809740220092
2072	HIGD1A	SRR14800486	q_0.222	0.455625160901407
2073	DUOXA2	SRR14800486	q_0.222	0.783812662531776
2074	CCDC149	SRR14800486	q_0.222	0.961438643842504
2075	FAXDC2	SRR14800486	q_0.222	0.93417021272004
2076	THOC6	SRR14800486	q_0.222	0.694127994856758
2077	POLR2J4	SRR14800486	q_0.222	0.839311404955971
2078	SYNM	SRR14800486	q_0.222	0.999958213793001
2079	SPNS2	SRR14800486	q_0.222	0
2080	SRPRA	SRR14800486	q_0.222	0.793863069900359
2081	LINC03040	SRR14800486	q_0.222	0.969026850373386
2082	RAP1GDS1	SRR14800486	q_0.222	0.942861031729452
2083	ZNF493	SRR14800486	q_0.222	0.809816550331634
2084	VRK2	SRR14800486	q_0.222	0.918911814039064
2085	PMEPA1	SRR14800486	q_0.222	0.87036756096057
2086	CXCL12	SRR14800486	q_0.222	0.918451827371072
2087	EXOC1	SRR14800486	q_0.222	0.935213013938694
2088	FAM114A2	SRR14800486	q_0.222	0.957633203741561
2089	ANGEL2	SRR14800486	q_0.222	0.911866144819433
2090	TMEM183A	SRR14800486	q_0.222	0.83617142613846
2091	HDAC2	SRR14800486	q_0.222	0.924135698783659
2092	ATG5	SRR14800486	q_0.222	0.960333415399653
2093	SH3PXD2A	SRR14800486	q_0.222	0.931636264748827
2094	IFIT3	SRR14800486	q_0.222	0.962483404004311
2095	PBX2	SRR14800486	q_0.222	0.487380056079695
2096	IRF3	SRR14800486	q_0.222	0.941097331670837
2097	SPIRE2	SRR14800486	q_0.222	0.942154767659894
2098	CYBB	SRR14800486	q_0.222	0.90776036004461
2099	ASMTL	SRR14800486	q_0.222	0.949441094689817
2100	ETFRF1	SRR14800486	q_0.222	0.814967012638113
2101	PDE7A	SRR14800486	q_0.222	0.787816792113214
2102	CDH24	SRR14800486	q_0.222	0.503886877052192
2103	RELCH	SRR14800486	q_0.222	0.966523151194203
2104	ZFP90	SRR14800486	q_0.222	0.418524922825652
2105	SAR1B	SRR14800486	q_0.222	0.850967804897511
2106	PPP1R2	SRR14800486	q_0.222	0.430352681420838
2107	ENSG00000254706	SRR14800486	q_0.222	0
2108	GSKIP	SRR14800486	q_0.222	0.515651288731821
2109	GDI1	SRR14800486	q_0.222	0.82630684046291
2110	PNPT1	SRR14800486	q_0.222	0.734619482221201
2111	ZNF714	SRR14800486	q_0.222	0.88272195818743
2112	SLC9A7	SRR14800486	q_0.222	0.823650028848403
2113	DNAJC24	SRR14800486	q_0.222	0.957197666701851
2114	TLN2	SRR14800486	q_0.222	0.869524847486236
2115	SRP72	SRR14800486	q_0.222	0.924922957265687
2116	NSA2	SRR14800486	q_0.222	0.601028415969177
2117	THY1	SRR14800486	q_0.222	0.842640369217722
2118	PICALM	SRR14800486	q_0.222	0.865205634482724
2119	GLB1L2	SRR14800486	q_0.222	0.778830889120845
2120	SNHG10	SRR14800486	q_0.222	0.919967918399453
2121	MEF2A	SRR14800486	q_0.222	0.538978960764018
2122	GIPR	SRR14800486	q_0.222	0.981902302705554
2123	LINC02362	SRR14800486	q_0.222	0.979893310014965
2124	ENSG00000274322	SRR14800486	q_0.222	0.761282138130164
2125	ENSG00000291072	SRR14800486	q_0.222	0.955611460661985
2126	A4GALT	SRR14800486	q_0.222	0.809521969152553
2127	EPB41L4A-AS1	SRR14800486	q_0.222	0.520250848884716
2128	NCF1C	SRR14800486	q_0.222	0.994595063775411
2129	FOXJ2	SRR14800485	q_0.222	0.254229011940481
2130	TMEM38A	SRR14800485	q_0.222	0.918482160874916
2131	CCNE1	SRR14800485	q_0.222	0.341685719969788
2132	MCOLN1	SRR14800485	q_0.222	0.829841012477111
2133	FBXO3	SRR14800485	q_0.222	0.984106952455118
2134	SLC25A16	SRR14800485	q_0.222	0.971770231783076
2135	ZNF710	SRR14800485	q_0.222	0.994814235819768
2136	TM7SF2	SRR14800485	q_0.222	0.24115187342017
2137	UBP1	SRR14800485	q_0.222	0.903173167344134
2138	SPICE1	SRR14800485	q_0.222	0.966485089801326
2139	NPY1R	SRR14800485	q_0.222	0.607436233255601
2140	CENPV	SRR14800485	q_0.222	0.907081640189158
2141	METTL26	SRR14800485	q_0.222	0.774466838881119
2142	MCC	SRR14800485	q_0.222	0.90068474224526
2143	REG3A	SRR14800485	q_0.222	0.975826180213222
2144	USP38	SRR14800485	q_0.222	0.960752803961687
2145	CYP2W1	SRR14800485	q_0.222	0.811730768742293
2146	NFKBIB	SRR14800485	q_0.222	0.879913002603413
2147	ING3	SRR14800485	q_0.222	0.994518386724513
2148	HIGD1A	SRR14800485	q_0.222	0.805338770963059
2149	DUOXA2	SRR14800485	q_0.222	0.748097196956184
2150	CCDC149	SRR14800485	q_0.222	0.491803334860154
2151	FAXDC2	SRR14800485	q_0.222	0.687936730255304
2152	THOC6	SRR14800485	q_0.222	0.800735902469806
2153	POLR2J4	SRR14800485	q_0.222	0.537120520088175
2154	SYNM	SRR14800485	q_0.222	0.987606988837803
2155	SPNS2	SRR14800485	q_0.222	0.830358088095675
2156	SRPRA	SRR14800485	q_0.222	0.8013910718092
2157	LINC03040	SRR14800485	q_0.222	0.997756878221642
2158	RAP1GDS1	SRR14800485	q_0.222	0.858351248893565
2159	ZNF493	SRR14800485	q_0.222	0.981421139699188
2160	VRK2	SRR14800485	q_0.222	0.943811361027399
2161	PMEPA1	SRR14800485	q_0.222	0.60538605721204
2162	CXCL12	SRR14800485	q_0.222	0.970600714910719
2163	EXOC1	SRR14800485	q_0.222	0.51729489015688
2164	FAM114A2	SRR14800485	q_0.222	0.817890989297673
2165	ANGEL2	SRR14800485	q_0.222	0.972383773571696
2166	TMEM183A	SRR14800485	q_0.222	0.79032182089042
2167	HDAC2	SRR14800485	q_0.222	0.761983128832737
2168	ATG5	SRR14800485	q_0.222	0.956556027639006
2169	SH3PXD2A	SRR14800485	q_0.222	0.939012165317781
2170	IFIT3	SRR14800485	q_0.222	0.995485554123305
2171	PBX2	SRR14800485	q_0.222	0.686934447283481
2172	IRF3	SRR14800485	q_0.222	0.894055757278594
2173	SPIRE2	SRR14800485	q_0.222	0.923625743481258
2174	CYBB	SRR14800485	q_0.222	0.80432052356722
2175	ASMTL	SRR14800485	q_0.222	0.873967146262193
2176	ETFRF1	SRR14800485	q_0.222	0.855289739722439
2177	PDE7A	SRR14800485	q_0.222	0.777336249968
2178	CDH24	SRR14800485	q_0.222	0.997494808955685
2179	RELCH	SRR14800485	q_0.222	0.841852655469928
2180	ZFP90	SRR14800485	q_0.222	0.597863677795885
2181	SAR1B	SRR14800485	q_0.222	0.714889876739431
2182	PPP1R2	SRR14800485	q_0.222	0.749893484786106
2183	ENSG00000254706	SRR14800485	q_0.222	0.959443197620676
2184	GSKIP	SRR14800485	q_0.222	0.528806617381207
2185	GDI1	SRR14800485	q_0.222	0.842082269368816
2186	PNPT1	SRR14800485	q_0.222	0.769093372756762
2187	ZNF714	SRR14800485	q_0.222	0.936310410737264
2188	SLC9A7	SRR14800485	q_0.222	0.929624717726084
2189	DNAJC24	SRR14800485	q_0.222	0.884351147043431
2190	TLN2	SRR14800485	q_0.222	0.865801467351771
2191	SRP72	SRR14800485	q_0.222	0.934083299270614
2192	NSA2	SRR14800485	q_0.222	0.830635513406553
2193	THY1	SRR14800485	q_0.222	0.814046331925594
2194	PICALM	SRR14800485	q_0.222	0.868626767571585
2195	GLB1L2	SRR14800485	q_0.222	0.80583887997635
2196	SNHG10	SRR14800485	q_0.222	0.829625391493773
2197	MEF2A	SRR14800485	q_0.222	0.700540962770753
2198	GIPR	SRR14800485	q_0.222	0
2199	LINC02362	SRR14800485	q_0.222	0.967346080742156
2200	ENSG00000274322	SRR14800485	q_0.222	0.809217485625828
2201	ENSG00000291072	SRR14800485	q_0.222	0.966292939856104
2202	A4GALT	SRR14800485	q_0.222	0.965369764694105
2203	EPB41L4A-AS1	SRR14800485	q_0.222	0.681944356364696
2204	NCF1C	SRR14800485	q_0.222	0.930022156411135
2205	FOXJ2	SRR14800484	q_0.222	0.626543235215663
2206	TMEM38A	SRR14800484	q_0.222	0.944160451688584
2207	CCNE1	SRR14800484	q_0.222	0.9429309917809
2208	MCOLN1	SRR14800484	q_0.222	0.420858144729447
2209	FBXO3	SRR14800484	q_0.222	0.957299396713017
2210	SLC25A16	SRR14800484	q_0.222	0.981210112475192
2211	ZNF710	SRR14800484	q_0.222	0.960537282316163
2212	TM7SF2	SRR14800484	q_0.222	0.664178364516857
2213	UBP1	SRR14800484	q_0.222	0.828959357121311
2214	SPICE1	SRR14800484	q_0.222	0.938461390019823
2215	NPY1R	SRR14800484	q_0.222	0.835358549869089
2216	CENPV	SRR14800484	q_0.222	0.907718938317342
2217	METTL26	SRR14800484	q_0.222	0.945748723556277
2218	MCC	SRR14800484	q_0.222	0.837911505087299
2219	REG3A	SRR14800484	q_0.222	0.910387697654607
2220	USP38	SRR14800484	q_0.222	0.673228217311892
2221	CYP2W1	SRR14800484	q_0.222	0.936255758602228
2222	NFKBIB	SRR14800484	q_0.222	0.817432460877221
2223	ING3	SRR14800484	q_0.222	0.981631394430108
2224	HIGD1A	SRR14800484	q_0.222	0.899457291809722
2225	DUOXA2	SRR14800484	q_0.222	0.818071230694134
2226	CCDC149	SRR14800484	q_0.222	0.710675873636792
2227	FAXDC2	SRR14800484	q_0.222	0.884330747194328
2228	THOC6	SRR14800484	q_0.222	0.709940922947743
2229	POLR2J4	SRR14800484	q_0.222	0.977695938309761
2230	SYNM	SRR14800484	q_0.222	0.990119990010621
2231	SPNS2	SRR14800484	q_0.222	0
2232	SRPRA	SRR14800484	q_0.222	0.716378178677571
2233	LINC03040	SRR14800484	q_0.222	0.993082978763586
2234	RAP1GDS1	SRR14800484	q_0.222	0.686007318732797
2235	ZNF493	SRR14800484	q_0.222	0.994794761012211
2236	VRK2	SRR14800484	q_0.222	0.971660754099866
2237	PMEPA1	SRR14800484	q_0.222	0.975262685238381
2238	CXCL12	SRR14800484	q_0.222	0.945842465525729
2239	EXOC1	SRR14800484	q_0.222	0.932929728591469
2240	FAM114A2	SRR14800484	q_0.222	0.815434710103781
2241	ANGEL2	SRR14800484	q_0.222	0.95431398309407
2242	TMEM183A	SRR14800484	q_0.222	0.795940958294236
2243	HDAC2	SRR14800484	q_0.222	0.947169477328019
2244	ATG5	SRR14800484	q_0.222	0.974691941470677
2245	SH3PXD2A	SRR14800484	q_0.222	0.910611329192686
2246	IFIT3	SRR14800484	q_0.222	0.965028893710136
2247	PBX2	SRR14800484	q_0.222	0.517475129917332
2248	IRF3	SRR14800484	q_0.222	0.86647670599089
2249	SPIRE2	SRR14800484	q_0.222	0.929874643763089
2250	CYBB	SRR14800484	q_0.222	0.891975021344204
2251	ASMTL	SRR14800484	q_0.222	0.784485756028809
2252	ETFRF1	SRR14800484	q_0.222	0.917273098103371
2253	PDE7A	SRR14800484	q_0.222	0.962676240391135
2254	CDH24	SRR14800484	q_0.222	0.943102749211263
2255	RELCH	SRR14800484	q_0.222	0.855403261854832
2256	ZFP90	SRR14800484	q_0.222	0.802492989708948
2257	SAR1B	SRR14800484	q_0.222	0.879790401720004
2258	PPP1R2	SRR14800484	q_0.222	0.354617486617475
2259	ENSG00000254706	SRR14800484	q_0.222	0.829608838989875
2260	GSKIP	SRR14800484	q_0.222	0.449932359235356
2261	GDI1	SRR14800484	q_0.222	0.701571461545034
2262	PNPT1	SRR14800484	q_0.222	0.983806211503663
2263	ZNF714	SRR14800484	q_0.222	0.691860615971044
2264	SLC9A7	SRR14800484	q_0.222	0.883446901222426
2265	DNAJC24	SRR14800484	q_0.222	0.940520915698878
2266	TLN2	SRR14800484	q_0.222	0.745201329862806
2267	SRP72	SRR14800484	q_0.222	0.884766681958465
2268	NSA2	SRR14800484	q_0.222	0.548678398437482
2269	THY1	SRR14800484	q_0.222	0.797731627512214
2270	PICALM	SRR14800484	q_0.222	0.847586677460211
2271	GLB1L2	SRR14800484	q_0.222	0.761787280167113
2272	SNHG10	SRR14800484	q_0.222	0.910801181143495
2273	MEF2A	SRR14800484	q_0.222	0.708658864697602
2274	GIPR	SRR14800484	q_0.222	0.528443500190449
2275	LINC02362	SRR14800484	q_0.222	0.808928472573966
2276	ENSG00000274322	SRR14800484	q_0.222	0.73727628183832
2277	ENSG00000291072	SRR14800484	q_0.222	0.922181383813068
2278	A4GALT	SRR14800484	q_0.222	0.817839875189256
2279	EPB41L4A-AS1	SRR14800484	q_0.222	0.878578287970822
2280	NCF1C	SRR14800484	q_0.222	0.938196300498254
2281	FOXJ2	SRR14800483	q_0.222	0.32909063383776
2282	TMEM38A	SRR14800483	q_0.222	0.988443436620193
2283	CCNE1	SRR14800483	q_0.222	0.66565124596614
2284	MCOLN1	SRR14800483	q_0.222	0.938785517309758
2285	FBXO3	SRR14800483	q_0.222	0.975748599815073
2286	SLC25A16	SRR14800483	q_0.222	0.799978981265725
2287	ZNF710	SRR14800483	q_0.222	0.999597489074003
2288	TM7SF2	SRR14800483	q_0.222	0.875896827904223
2289	UBP1	SRR14800483	q_0.222	0.893618371787817
2290	SPICE1	SRR14800483	q_0.222	0.9343726674868
2291	NPY1R	SRR14800483	q_0.222	0
2292	CENPV	SRR14800483	q_0.222	0.955025008082979
2293	METTL26	SRR14800483	q_0.222	0.784783571359154
2294	MCC	SRR14800483	q_0.222	0.768619043319123
2295	REG3A	SRR14800483	q_0.222	0.908253902791649
2296	USP38	SRR14800483	q_0.222	0.987138128510249
2297	CYP2W1	SRR14800483	q_0.222	0.797347056232483
2298	NFKBIB	SRR14800483	q_0.222	0.814870726437237
2299	ING3	SRR14800483	q_0.222	0.993532202652225
2300	HIGD1A	SRR14800483	q_0.222	0.947392809663547
2301	DUOXA2	SRR14800483	q_0.222	0.96792339590685
2302	CCDC149	SRR14800483	q_0.222	0.758027461702317
2303	FAXDC2	SRR14800483	q_0.222	0.487655279213145
2304	THOC6	SRR14800483	q_0.222	0.821658831141354
2305	POLR2J4	SRR14800483	q_0.222	0.978292083984606
2306	SYNM	SRR14800483	q_0.222	0.989944190283179
2307	SPNS2	SRR14800483	q_0.222	0.895840425578334
2308	SRPRA	SRR14800483	q_0.222	0.835142595863844
2309	LINC03040	SRR14800483	q_0.222	0.996924687507168
2310	RAP1GDS1	SRR14800483	q_0.222	0.961603318516146
2311	ZNF493	SRR14800483	q_0.222	0.966749079318937
2312	VRK2	SRR14800483	q_0.222	0.899968505367861
2313	PMEPA1	SRR14800483	q_0.222	0.850599790267874
2314	CXCL12	SRR14800483	q_0.222	0.957324859837768
2315	EXOC1	SRR14800483	q_0.222	0.96465242570162
2316	FAM114A2	SRR14800483	q_0.222	0.799838897279719
2317	ANGEL2	SRR14800483	q_0.222	0.825978950395075
2318	TMEM183A	SRR14800483	q_0.222	0.660298566446174
2319	HDAC2	SRR14800483	q_0.222	0.761524256215787
2320	ATG5	SRR14800483	q_0.222	0.992564262329597
2321	SH3PXD2A	SRR14800483	q_0.222	0.424958838654771
2322	IFIT3	SRR14800483	q_0.222	0.935008090726386
2323	PBX2	SRR14800483	q_0.222	0.742164302570648
2324	IRF3	SRR14800483	q_0.222	0.911371352118619
2325	SPIRE2	SRR14800483	q_0.222	0.95359682956597
2326	CYBB	SRR14800483	q_0.222	0.889765708093778
2327	ASMTL	SRR14800483	q_0.222	0.904449368249695
2328	ETFRF1	SRR14800483	q_0.222	0.785957254813226
2329	PDE7A	SRR14800483	q_0.222	0.940694633182138
2330	CDH24	SRR14800483	q_0.222	0.991573079065848
2331	RELCH	SRR14800483	q_0.222	0.840123456945366
2332	ZFP90	SRR14800483	q_0.222	0.698246244716701
2333	SAR1B	SRR14800483	q_0.222	0.707845288220152
2334	PPP1R2	SRR14800483	q_0.222	0.845644350133205
2335	ENSG00000254706	SRR14800483	q_0.222	0.88747831456211
2336	GSKIP	SRR14800483	q_0.222	0
2337	GDI1	SRR14800483	q_0.222	0.879578814176066
2338	PNPT1	SRR14800483	q_0.222	0.973577665331807
2339	ZNF714	SRR14800483	q_0.222	0.953779087489814
2340	SLC9A7	SRR14800483	q_0.222	0
2341	DNAJC24	SRR14800483	q_0.222	0.951586765484398
2342	TLN2	SRR14800483	q_0.222	0.763180184019791
2343	SRP72	SRR14800483	q_0.222	0.910867815744548
2344	NSA2	SRR14800483	q_0.222	0.588183121514394
2345	THY1	SRR14800483	q_0.222	0.767766791321309
2346	PICALM	SRR14800483	q_0.222	0.749661898675737
2347	GLB1L2	SRR14800483	q_0.222	0.821009322008961
2348	SNHG10	SRR14800483	q_0.222	0.898533128363536
2349	MEF2A	SRR14800483	q_0.222	0.97194528285918
2350	GIPR	SRR14800483	q_0.222	0.434389848646586
2351	LINC02362	SRR14800483	q_0.222	0.971693954571544
2352	ENSG00000274322	SRR14800483	q_0.222	0.675464656891817
2353	ENSG00000291072	SRR14800483	q_0.222	0.807439244846703
2354	A4GALT	SRR14800483	q_0.222	0.845766618381075
2355	EPB41L4A-AS1	SRR14800483	q_0.222	0.881324133624391
2356	NCF1C	SRR14800483	q_0.222	0.934441268189695
2357	FOXJ2	SRR14800482	q_0.222	0.599665082125251
2358	TMEM38A	SRR14800482	q_0.222	0.928409051465414
2359	CCNE1	SRR14800482	q_0.222	0.652532256176339
2360	MCOLN1	SRR14800482	q_0.222	0.46060865587325
2361	FBXO3	SRR14800482	q_0.222	0.965852547476252
2362	SLC25A16	SRR14800482	q_0.222	0.975932706082483
2363	ZNF710	SRR14800482	q_0.222	0.96282384793132
2364	TM7SF2	SRR14800482	q_0.222	0.631473671520531
2365	UBP1	SRR14800482	q_0.222	0.895660553183287
2366	SPICE1	SRR14800482	q_0.222	0.921081991999135
2367	NPY1R	SRR14800482	q_0.222	0.285435435634381
2368	CENPV	SRR14800482	q_0.222	0.942363054832216
2369	METTL26	SRR14800482	q_0.222	0.805407844083767
2370	MCC	SRR14800482	q_0.222	0.885082651729866
2371	REG3A	SRR14800482	q_0.222	0.99958341368612
2372	USP38	SRR14800482	q_0.222	0.960632008032386
2373	CYP2W1	SRR14800482	q_0.222	0.825740422188358
2374	NFKBIB	SRR14800482	q_0.222	0.525440395579034
2375	ING3	SRR14800482	q_0.222	0.972411399725093
2376	HIGD1A	SRR14800482	q_0.222	0.73120147080351
2377	DUOXA2	SRR14800482	q_0.222	0.549592811291764
2378	CCDC149	SRR14800482	q_0.222	0.713563286501878
2379	FAXDC2	SRR14800482	q_0.222	0.716269030737592
2380	THOC6	SRR14800482	q_0.222	0.595713459321064
2381	POLR2J4	SRR14800482	q_0.222	0.949005593064632
2382	SYNM	SRR14800482	q_0.222	0
2383	SPNS2	SRR14800482	q_0.222	0.855906231295552
2384	SRPRA	SRR14800482	q_0.222	0.744429360597058
2385	LINC03040	SRR14800482	q_0.222	0.989066583828923
2386	RAP1GDS1	SRR14800482	q_0.222	0.97391208332974
2387	ZNF493	SRR14800482	q_0.222	0.976434720333805
2388	VRK2	SRR14800482	q_0.222	0.924491604253807
2389	PMEPA1	SRR14800482	q_0.222	0.91704198504135
2390	CXCL12	SRR14800482	q_0.222	0.965124627243312
2391	EXOC1	SRR14800482	q_0.222	0.930434584772058
2392	FAM114A2	SRR14800482	q_0.222	0.816146364257396
2393	ANGEL2	SRR14800482	q_0.222	0.955145424081926
2394	TMEM183A	SRR14800482	q_0.222	0.832413241707785
2395	HDAC2	SRR14800482	q_0.222	0.754786534367856
2396	ATG5	SRR14800482	q_0.222	0.881202395704131
2397	SH3PXD2A	SRR14800482	q_0.222	0.942772536291936
2398	IFIT3	SRR14800482	q_0.222	0.995527696132684
2399	PBX2	SRR14800482	q_0.222	0.575318867732935
2400	IRF3	SRR14800482	q_0.222	0.733738723599229
2401	SPIRE2	SRR14800482	q_0.222	0.901090795512372
2402	CYBB	SRR14800482	q_0.222	0
2403	ASMTL	SRR14800482	q_0.222	0.878746671344435
2404	ETFRF1	SRR14800482	q_0.222	0.913775531748422
2405	PDE7A	SRR14800482	q_0.222	0.944616449043418
2406	CDH24	SRR14800482	q_0.222	0.931024691807428
2407	RELCH	SRR14800482	q_0.222	0.945184953026029
2408	ZFP90	SRR14800482	q_0.222	0.628391689837556
2409	SAR1B	SRR14800482	q_0.222	0.714358948135663
2410	PPP1R2	SRR14800482	q_0.222	0.387134608285866
2411	ENSG00000254706	SRR14800482	q_0.222	0.967739749021471
2412	GSKIP	SRR14800482	q_0.222	0.810285060010719
2413	GDI1	SRR14800482	q_0.222	0.757086729176996
2414	PNPT1	SRR14800482	q_0.222	0.537444330133714
2415	ZNF714	SRR14800482	q_0.222	0.969187153724026
2416	SLC9A7	SRR14800482	q_0.222	0.937073113447717
2417	DNAJC24	SRR14800482	q_0.222	0.886903958389847
2418	TLN2	SRR14800482	q_0.222	0.641256186107436
2419	SRP72	SRR14800482	q_0.222	0.650728990654496
2420	NSA2	SRR14800482	q_0.222	0.926108894209081
2421	THY1	SRR14800482	q_0.222	0.919606052661717
2422	PICALM	SRR14800482	q_0.222	0.762586977339585
2423	GLB1L2	SRR14800482	q_0.222	0.687011593771835
2424	SNHG10	SRR14800482	q_0.222	0.858617745382776
2425	MEF2A	SRR14800482	q_0.222	0.922862124411066
2426	GIPR	SRR14800482	q_0.222	0.99785645321407
2427	LINC02362	SRR14800482	q_0.222	0.613681115379606
2428	ENSG00000274322	SRR14800482	q_0.222	0.912876730661766
2429	ENSG00000291072	SRR14800482	q_0.222	0.95188659116075
2430	A4GALT	SRR14800482	q_0.222	0.834198782521149
2431	EPB41L4A-AS1	SRR14800482	q_0.222	0.940792999626346
2432	NCF1C	SRR14800482	q_0.222	0
2433	FOXJ2	SRR14800481	q_0.444	0.548060461962085
2434	TMEM38A	SRR14800481	q_0.444	0.84217694386573
2435	CCNE1	SRR14800481	q_0.444	0.322948440757783
2436	MCOLN1	SRR14800481	q_0.444	0.429257506100218
2437	FBXO3	SRR14800481	q_0.444	0.956048631359898
2438	SLC25A16	SRR14800481	q_0.444	0.797792668527545
2439	ZNF710	SRR14800481	q_0.444	0.928657485065011
2440	TM7SF2	SRR14800481	q_0.444	0.701718112731352
2441	UBP1	SRR14800481	q_0.444	0.760411505752985
2442	SPICE1	SRR14800481	q_0.444	0.888988287777545
2443	NPY1R	SRR14800481	q_0.444	0.648367501426379
2444	CENPV	SRR14800481	q_0.444	0.95017331933654
2445	METTL26	SRR14800481	q_0.444	0.575906031444145
2446	MCC	SRR14800481	q_0.444	0.279242305537105
2447	REG3A	SRR14800481	q_0.444	NA
2448	USP38	SRR14800481	q_0.444	0.93792698103738
2449	CYP2W1	SRR14800481	q_0.444	0.626802029956978
2450	NFKBIB	SRR14800481	q_0.444	0.981163019569925
2451	ING3	SRR14800481	q_0.444	0.84036295503018
2452	HIGD1A	SRR14800481	q_0.444	0.649252680592325
2453	DUOXA2	SRR14800481	q_0.444	0
2454	CCDC149	SRR14800481	q_0.444	0.479783348913079
2455	FAXDC2	SRR14800481	q_0.444	0.78705266566355
2456	THOC6	SRR14800481	q_0.444	0.585474074147426
2457	POLR2J4	SRR14800481	q_0.444	0.959418299147786
2458	SYNM	SRR14800481	q_0.444	0
2459	SPNS2	SRR14800481	q_0.444	0.96198771238433
2460	SRPRA	SRR14800481	q_0.444	0.534655557344972
2461	LINC03040	SRR14800481	q_0.444	0.471689439431882
2462	RAP1GDS1	SRR14800481	q_0.444	0.73977485914892
2463	ZNF493	SRR14800481	q_0.444	0.987642524066703
2464	VRK2	SRR14800481	q_0.444	0.885402004932543
2465	PMEPA1	SRR14800481	q_0.444	0.847796619819812
2466	CXCL12	SRR14800481	q_0.444	0.691846738732818
2467	EXOC1	SRR14800481	q_0.444	0.71491743301557
2468	FAM114A2	SRR14800481	q_0.444	0.724919140021768
2469	ANGEL2	SRR14800481	q_0.444	0.908272638815674
2470	TMEM183A	SRR14800481	q_0.444	0.777223036764498
2471	HDAC2	SRR14800481	q_0.444	0.490687820251498
2472	ATG5	SRR14800481	q_0.444	0.845936694006767
2473	SH3PXD2A	SRR14800481	q_0.444	0.925117293103391
2474	IFIT3	SRR14800481	q_0.444	0.889140842708949
2475	PBX2	SRR14800481	q_0.444	0.694616716540272
2476	IRF3	SRR14800481	q_0.444	0.75683597886819
2477	SPIRE2	SRR14800481	q_0.444	0.856409737391665
2478	CYBB	SRR14800481	q_0.444	0.836449347227489
2479	ASMTL	SRR14800481	q_0.444	0.656405037497377
2480	ETFRF1	SRR14800481	q_0.444	0.665553471118682
2481	PDE7A	SRR14800481	q_0.444	0.962667881967756
2482	CDH24	SRR14800481	q_0.444	0.979500433461041
2483	RELCH	SRR14800481	q_0.444	0.896082961299306
2484	ZFP90	SRR14800481	q_0.444	0.63921410520164
2485	SAR1B	SRR14800481	q_0.444	0.610713908130453
2486	PPP1R2	SRR14800481	q_0.444	0.567464324466725
2487	ENSG00000254706	SRR14800481	q_0.444	0.956092887786671
2488	GSKIP	SRR14800481	q_0.444	0.628594513967624
2489	GDI1	SRR14800481	q_0.444	0.606279625017395
2490	PNPT1	SRR14800481	q_0.444	0.265846228704799
2491	ZNF714	SRR14800481	q_0.444	0.942353179710227
2492	SLC9A7	SRR14800481	q_0.444	0
2493	DNAJC24	SRR14800481	q_0.444	0.845661901976247
2494	TLN2	SRR14800481	q_0.444	0.797132797807189
2495	SRP72	SRR14800481	q_0.444	0.668988977631459
2496	NSA2	SRR14800481	q_0.444	0.830654443715257
2497	THY1	SRR14800481	q_0.444	0.547010682865693
2498	PICALM	SRR14800481	q_0.444	0.714971364680177
2499	GLB1L2	SRR14800481	q_0.444	0.536577668917609
2500	SNHG10	SRR14800481	q_0.444	0.930274357099801
2501	MEF2A	SRR14800481	q_0.444	0.882210477203241
2502	GIPR	SRR14800481	q_0.444	0.924985638976794
2503	LINC02362	SRR14800481	q_0.444	0.795037977490095
2504	ENSG00000274322	SRR14800481	q_0.444	0.790589143063169
2505	ENSG00000291072	SRR14800481	q_0.444	0.919237433243201
2506	A4GALT	SRR14800481	q_0.444	0.697052543102621
2507	EPB41L4A-AS1	SRR14800481	q_0.444	0.923905442856047
2508	NCF1C	SRR14800481	q_0.444	0.546243150333639
2509	FOXJ2	SRR14800480	q_0.444	0.857038991950183
2510	TMEM38A	SRR14800480	q_0.444	0.712999097406405
2511	CCNE1	SRR14800480	q_0.444	0.637775157199048
2512	MCOLN1	SRR14800480	q_0.444	0.78835829312402
2513	FBXO3	SRR14800480	q_0.444	0.922620092408839
2514	SLC25A16	SRR14800480	q_0.444	0.756865489471764
2515	ZNF710	SRR14800480	q_0.444	0.930568770934903
2516	TM7SF2	SRR14800480	q_0.444	0.64502770029789
2517	UBP1	SRR14800480	q_0.444	0.621684928648842
2518	SPICE1	SRR14800480	q_0.444	0.899695677822096
2519	NPY1R	SRR14800480	q_0.444	0.895096151332566
2520	CENPV	SRR14800480	q_0.444	0.914466167425048
2521	METTL26	SRR14800480	q_0.444	0.606572810366126
2522	MCC	SRR14800480	q_0.444	0.619911949844471
2523	REG3A	SRR14800480	q_0.444	0.990966652009064
2524	USP38	SRR14800480	q_0.444	0.943008255155059
2525	CYP2W1	SRR14800480	q_0.444	0.702982689008155
2526	NFKBIB	SRR14800480	q_0.444	0.75580074365422
2527	ING3	SRR14800480	q_0.444	0.989112638745277
2528	HIGD1A	SRR14800480	q_0.444	0.944951488639898
2529	DUOXA2	SRR14800480	q_0.444	0
2530	CCDC149	SRR14800480	q_0.444	0.966448234305664
2531	FAXDC2	SRR14800480	q_0.444	0.914318464231316
2532	THOC6	SRR14800480	q_0.444	0.598644495320095
2533	POLR2J4	SRR14800480	q_0.444	0.859923531796992
2534	SYNM	SRR14800480	q_0.444	0.999832138869054
2535	SPNS2	SRR14800480	q_0.444	0.878908799429545
2536	SRPRA	SRR14800480	q_0.444	0.612258688143717
2537	LINC03040	SRR14800480	q_0.444	0.536894537708008
2538	RAP1GDS1	SRR14800480	q_0.444	0.729499141198155
2539	ZNF493	SRR14800480	q_0.444	0.955211604671347
2540	VRK2	SRR14800480	q_0.444	0.828776622205244
2541	PMEPA1	SRR14800480	q_0.444	0.79585665820226
2542	CXCL12	SRR14800480	q_0.444	0.697163729135717
2543	EXOC1	SRR14800480	q_0.444	0.526741107697149
2544	FAM114A2	SRR14800480	q_0.444	0.491691813034778
2545	ANGEL2	SRR14800480	q_0.444	0.79015426763952
2546	TMEM183A	SRR14800480	q_0.444	0.812321423757594
2547	HDAC2	SRR14800480	q_0.444	0.746531644557629
2548	ATG5	SRR14800480	q_0.444	0.836576643363314
2549	SH3PXD2A	SRR14800480	q_0.444	0.844179114948017
2550	IFIT3	SRR14800480	q_0.444	0.838091550561313
2551	PBX2	SRR14800480	q_0.444	0.730300857759436
2552	IRF3	SRR14800480	q_0.444	0.880736130078434
2553	SPIRE2	SRR14800480	q_0.444	0.888797801979633
2554	CYBB	SRR14800480	q_0.444	0.723077307643582
2555	ASMTL	SRR14800480	q_0.444	0.458115414077554
2556	ETFRF1	SRR14800480	q_0.444	0.825212204124248
2557	PDE7A	SRR14800480	q_0.444	0.96669076517805
2558	CDH24	SRR14800480	q_0.444	0.440592038975972
2559	RELCH	SRR14800480	q_0.444	0.962633402979668
2560	ZFP90	SRR14800480	q_0.444	0.757472010241887
2561	SAR1B	SRR14800480	q_0.444	0.843719268616051
2562	PPP1R2	SRR14800480	q_0.444	0.349037245915414
2563	ENSG00000254706	SRR14800480	q_0.444	0.591100182304678
2564	GSKIP	SRR14800480	q_0.444	0.498931165773585
2565	GDI1	SRR14800480	q_0.444	0.762252389238933
2566	PNPT1	SRR14800480	q_0.444	0.793005783416006
2567	ZNF714	SRR14800480	q_0.444	0.838836102162372
2568	SLC9A7	SRR14800480	q_0.444	0.67865991580387
2569	DNAJC24	SRR14800480	q_0.444	0.806320317744887
2570	TLN2	SRR14800480	q_0.444	0.912762960024372
2571	SRP72	SRR14800480	q_0.444	0.828032670876194
2572	NSA2	SRR14800480	q_0.444	0.449796034703563
2573	THY1	SRR14800480	q_0.444	0.55654758025656
2574	PICALM	SRR14800480	q_0.444	0.846877402585585
2575	GLB1L2	SRR14800480	q_0.444	0.580894869579801
2576	SNHG10	SRR14800480	q_0.444	0.579077405191559
2577	MEF2A	SRR14800480	q_0.444	0.892215000552535
2578	GIPR	SRR14800480	q_0.444	0.979163255626932
2579	LINC02362	SRR14800480	q_0.444	0.979775432200517
2580	ENSG00000274322	SRR14800480	q_0.444	0.738563502050774
2581	ENSG00000291072	SRR14800480	q_0.444	0.989304890925919
2582	A4GALT	SRR14800480	q_0.444	0.500898765465696
2583	EPB41L4A-AS1	SRR14800480	q_0.444	0.764179344048566
2584	NCF1C	SRR14800480	q_0.444	0.917760815975941
2585	FOXJ2	SRR14800477	q_0.444	0.648471373441757
2586	TMEM38A	SRR14800477	q_0.444	0.639200912197419
2587	CCNE1	SRR14800477	q_0.444	0
2588	MCOLN1	SRR14800477	q_0.444	0.812863288216169
2589	FBXO3	SRR14800477	q_0.444	0.990668652843356
2590	SLC25A16	SRR14800477	q_0.444	0.955692544421133
2591	ZNF710	SRR14800477	q_0.444	0.936328947732937
2592	TM7SF2	SRR14800477	q_0.444	0.726086430466337
2593	UBP1	SRR14800477	q_0.444	0.906335553310545
2594	SPICE1	SRR14800477	q_0.444	0.812096401329665
2595	NPY1R	SRR14800477	q_0.444	0.63506425284435
2596	CENPV	SRR14800477	q_0.444	0.960878539290592
2597	METTL26	SRR14800477	q_0.444	0.753689380127637
2598	MCC	SRR14800477	q_0.444	0.648993513955677
2599	REG3A	SRR14800477	q_0.444	NA
2600	USP38	SRR14800477	q_0.444	0.973138893081749
2601	CYP2W1	SRR14800477	q_0.444	0
2602	NFKBIB	SRR14800477	q_0.444	0.7508003355331
2603	ING3	SRR14800477	q_0.444	0.809541392767639
2604	HIGD1A	SRR14800477	q_0.444	0.876972861157347
2605	DUOXA2	SRR14800477	q_0.444	NA
2606	CCDC149	SRR14800477	q_0.444	0.923076742485136
2607	FAXDC2	SRR14800477	q_0.444	0.874226901761212
2608	THOC6	SRR14800477	q_0.444	0.380585426438346
2609	POLR2J4	SRR14800477	q_0.444	0.917747977882733
2610	SYNM	SRR14800477	q_0.444	0.999992722694141
2611	SPNS2	SRR14800477	q_0.444	0
2612	SRPRA	SRR14800477	q_0.444	0.660542502901652
2613	LINC03040	SRR14800477	q_0.444	0
2614	RAP1GDS1	SRR14800477	q_0.444	0.731584492431814
2615	ZNF493	SRR14800477	q_0.444	0.976903811737371
2616	VRK2	SRR14800477	q_0.444	0.964448447801732
2617	PMEPA1	SRR14800477	q_0.444	0.839413660111177
2618	CXCL12	SRR14800477	q_0.444	0.647412619756489
2619	EXOC1	SRR14800477	q_0.444	0.918118210420429
2620	FAM114A2	SRR14800477	q_0.444	0.764174450076216
2621	ANGEL2	SRR14800477	q_0.444	0.882882564575547
2622	TMEM183A	SRR14800477	q_0.444	0.855622948500962
2623	HDAC2	SRR14800477	q_0.444	0.762080193686021
2624	ATG5	SRR14800477	q_0.444	0.881926912415473
2625	SH3PXD2A	SRR14800477	q_0.444	0.87967664004368
2626	IFIT3	SRR14800477	q_0.444	0
2627	PBX2	SRR14800477	q_0.444	0.780838314158661
2628	IRF3	SRR14800477	q_0.444	0.84548081964088
2629	SPIRE2	SRR14800477	q_0.444	0.870552214124303
2630	CYBB	SRR14800477	q_0.444	0.810080813724679
2631	ASMTL	SRR14800477	q_0.444	0.837182143167759
2632	ETFRF1	SRR14800477	q_0.444	0.622008852440785
2633	PDE7A	SRR14800477	q_0.444	0.948220029335899
2634	CDH24	SRR14800477	q_0.444	0.289460057313964
2635	RELCH	SRR14800477	q_0.444	0.9532496200938
2636	ZFP90	SRR14800477	q_0.444	0.602284085118189
2637	SAR1B	SRR14800477	q_0.444	0.861802553290243
2638	PPP1R2	SRR14800477	q_0.444	0.440560719386375
2639	ENSG00000254706	SRR14800477	q_0.444	0.586153702840546
2640	GSKIP	SRR14800477	q_0.444	0.119485795731397
2641	GDI1	SRR14800477	q_0.444	0.380862031956759
2642	PNPT1	SRR14800477	q_0.444	0.973191772282297
2643	ZNF714	SRR14800477	q_0.444	0.818457325504907
2644	SLC9A7	SRR14800477	q_0.444	0
2645	DNAJC24	SRR14800477	q_0.444	0.821924477415713
2646	TLN2	SRR14800477	q_0.444	0.773461316124223
2647	SRP72	SRR14800477	q_0.444	0.913939615939628
2648	NSA2	SRR14800477	q_0.444	0.524579560238029
2649	THY1	SRR14800477	q_0.444	0.352808351178042
2650	PICALM	SRR14800477	q_0.444	0.768431256769665
2651	GLB1L2	SRR14800477	q_0.444	0.700783753930398
2652	SNHG10	SRR14800477	q_0.444	0.923180483670218
2653	MEF2A	SRR14800477	q_0.444	0.915605622447452
2654	GIPR	SRR14800477	q_0.444	0.85959253261442
2655	LINC02362	SRR14800477	q_0.444	0.98670767599679
2656	ENSG00000274322	SRR14800477	q_0.444	0.661766757281827
2657	ENSG00000291072	SRR14800477	q_0.444	0.721305011904021
2658	A4GALT	SRR14800477	q_0.444	0.599315273177328
2659	EPB41L4A-AS1	SRR14800477	q_0.444	0.846537739852301
2660	NCF1C	SRR14800477	q_0.444	0.944762108405433
2661	FOXJ2	SRR14800476	q_0.444	0.58291867046676
2662	TMEM38A	SRR14800476	q_0.444	0.927442219931767
2663	CCNE1	SRR14800476	q_0.444	0.9203049318967
2664	MCOLN1	SRR14800476	q_0.444	0.719513081983829
2665	FBXO3	SRR14800476	q_0.444	0.989277525204415
2666	SLC25A16	SRR14800476	q_0.444	0.791431067884466
2667	ZNF710	SRR14800476	q_0.444	0.886013078579011
2668	TM7SF2	SRR14800476	q_0.444	0.647812960634336
2669	UBP1	SRR14800476	q_0.444	0.952492152633077
2670	SPICE1	SRR14800476	q_0.444	0.821848501667146
2671	NPY1R	SRR14800476	q_0.444	0.89188583243201
2672	CENPV	SRR14800476	q_0.444	0.853348581367232
2673	METTL26	SRR14800476	q_0.444	0.633680762522486
2674	MCC	SRR14800476	q_0.444	0.736656286755646
2675	REG3A	SRR14800476	q_0.444	0
2676	USP38	SRR14800476	q_0.444	0.987537337886533
2677	CYP2W1	SRR14800476	q_0.444	0
2678	NFKBIB	SRR14800476	q_0.444	0.832192548167389
2679	ING3	SRR14800476	q_0.444	0.769772568477472
2680	HIGD1A	SRR14800476	q_0.444	0.933467497391661
2681	DUOXA2	SRR14800476	q_0.444	0
2682	CCDC149	SRR14800476	q_0.444	0.761445409677855
2683	FAXDC2	SRR14800476	q_0.444	0.788859471944199
2684	THOC6	SRR14800476	q_0.444	0.308653475393954
2685	POLR2J4	SRR14800476	q_0.444	0.843583884868863
2686	SYNM	SRR14800476	q_0.444	0.996653551312289
2687	SPNS2	SRR14800476	q_0.444	0.703283960724887
2688	SRPRA	SRR14800476	q_0.444	0.707927377099544
2689	LINC03040	SRR14800476	q_0.444	0.557637233830637
2690	RAP1GDS1	SRR14800476	q_0.444	0.637422424476637
2691	ZNF493	SRR14800476	q_0.444	0.961418806140161
2692	VRK2	SRR14800476	q_0.444	0.923114558722414
2693	PMEPA1	SRR14800476	q_0.444	0.884751799902937
2694	CXCL12	SRR14800476	q_0.444	0.623707465468141
2695	EXOC1	SRR14800476	q_0.444	0.716531586617851
2696	FAM114A2	SRR14800476	q_0.444	0.60288177112741
2697	ANGEL2	SRR14800476	q_0.444	0.847582341902926
2698	TMEM183A	SRR14800476	q_0.444	0.924565607451892
2699	HDAC2	SRR14800476	q_0.444	0.899484967372731
2700	ATG5	SRR14800476	q_0.444	0.837253572479639
2701	SH3PXD2A	SRR14800476	q_0.444	0.943726223585027
2702	IFIT3	SRR14800476	q_0.444	0.999990071712659
2703	PBX2	SRR14800476	q_0.444	0.719639940999384
2704	IRF3	SRR14800476	q_0.444	0.88503265319673
2705	SPIRE2	SRR14800476	q_0.444	0.876759272276439
2706	CYBB	SRR14800476	q_0.444	0.747172423301686
2707	ASMTL	SRR14800476	q_0.444	0.633266053880125
2708	ETFRF1	SRR14800476	q_0.444	0.636978022177931
2709	PDE7A	SRR14800476	q_0.444	0.809029691769741
2710	CDH24	SRR14800476	q_0.444	0.540734226389418
2711	RELCH	SRR14800476	q_0.444	0.960072569069273
2712	ZFP90	SRR14800476	q_0.444	0.74618817132314
2713	SAR1B	SRR14800476	q_0.444	0.759982495663267
2714	PPP1R2	SRR14800476	q_0.444	0.398020078020305
2715	ENSG00000254706	SRR14800476	q_0.444	0.91871752133843
2716	GSKIP	SRR14800476	q_0.444	0.51384503023714
2717	GDI1	SRR14800476	q_0.444	0.629050130873207
2718	PNPT1	SRR14800476	q_0.444	0.764896854916319
2719	ZNF714	SRR14800476	q_0.444	0.87775705040516
2720	SLC9A7	SRR14800476	q_0.444	0.972985304534957
2721	DNAJC24	SRR14800476	q_0.444	0.929022925516688
2722	TLN2	SRR14800476	q_0.444	0.869910097717197
2723	SRP72	SRR14800476	q_0.444	0.874406609860504
2724	NSA2	SRR14800476	q_0.444	0.631230721531707
2725	THY1	SRR14800476	q_0.444	0.403000521272109
2726	PICALM	SRR14800476	q_0.444	0.983807054042883
2727	GLB1L2	SRR14800476	q_0.444	0.717244398440707
2728	SNHG10	SRR14800476	q_0.444	0.954286804379176
2729	MEF2A	SRR14800476	q_0.444	0.825666832243946
2730	GIPR	SRR14800476	q_0.444	0.976952995614877
2731	LINC02362	SRR14800476	q_0.444	0.969058415527577
2732	ENSG00000274322	SRR14800476	q_0.444	0.652737287286978
2733	ENSG00000291072	SRR14800476	q_0.444	0.874556040899322
2734	A4GALT	SRR14800476	q_0.444	0.241051889941314
2735	EPB41L4A-AS1	SRR14800476	q_0.444	0.748746247921085
2736	NCF1C	SRR14800476	q_0.444	0.539401966988826
2737	FOXJ2	SRR14800475	q_0.444	0.800367210377154
2738	TMEM38A	SRR14800475	q_0.444	0.966261334266386
2739	CCNE1	SRR14800475	q_0.444	0.310669557491191
2740	MCOLN1	SRR14800475	q_0.444	0.787563341618577
2741	FBXO3	SRR14800475	q_0.444	0.930867705988663
2742	SLC25A16	SRR14800475	q_0.444	0.831947990560798
2743	ZNF710	SRR14800475	q_0.444	0.944930566765822
2744	TM7SF2	SRR14800475	q_0.444	0.302064646789176
2745	UBP1	SRR14800475	q_0.444	0.665711030179346
2746	SPICE1	SRR14800475	q_0.444	0.848845653139433
2747	NPY1R	SRR14800475	q_0.444	0.206021162159899
2748	CENPV	SRR14800475	q_0.444	0.83470745599674
2749	METTL26	SRR14800475	q_0.444	0.659029577737603
2750	MCC	SRR14800475	q_0.444	0.716771520644049
2751	REG3A	SRR14800475	q_0.444	0
2752	USP38	SRR14800475	q_0.444	0.820543833074053
2753	CYP2W1	SRR14800475	q_0.444	0
2754	NFKBIB	SRR14800475	q_0.444	0.831497903509422
2755	ING3	SRR14800475	q_0.444	0.662571659806582
2756	HIGD1A	SRR14800475	q_0.444	0.858609958349334
2757	DUOXA2	SRR14800475	q_0.444	0.874791807413842
2758	CCDC149	SRR14800475	q_0.444	0.939906890688255
2759	FAXDC2	SRR14800475	q_0.444	0.882572252943143
2760	THOC6	SRR14800475	q_0.444	0.928693554473241
2761	POLR2J4	SRR14800475	q_0.444	0.961968499943993
2762	SYNM	SRR14800475	q_0.444	0.999859455967661
2763	SPNS2	SRR14800475	q_0.444	0.878043252979615
2764	SRPRA	SRR14800475	q_0.444	0.352939061718204
2765	LINC03040	SRR14800475	q_0.444	0.971070864813897
2766	RAP1GDS1	SRR14800475	q_0.444	0.586492989274255
2767	ZNF493	SRR14800475	q_0.444	0.961379952451709
2768	VRK2	SRR14800475	q_0.444	0.851262503672661
2769	PMEPA1	SRR14800475	q_0.444	0.428741467127073
2770	CXCL12	SRR14800475	q_0.444	0.630338962122678
2771	EXOC1	SRR14800475	q_0.444	0.496281079351938
2772	FAM114A2	SRR14800475	q_0.444	0.667735545041328
2773	ANGEL2	SRR14800475	q_0.444	0.678921889034093
2774	TMEM183A	SRR14800475	q_0.444	0.975426736004307
2775	HDAC2	SRR14800475	q_0.444	0.712434069756408
2776	ATG5	SRR14800475	q_0.444	0.96056587449601
2777	SH3PXD2A	SRR14800475	q_0.444	0.468094725121367
2778	IFIT3	SRR14800475	q_0.444	0.824363600539883
2779	PBX2	SRR14800475	q_0.444	0.633209626718434
2780	IRF3	SRR14800475	q_0.444	0.814227277937582
2781	SPIRE2	SRR14800475	q_0.444	0.726862514407916
2782	CYBB	SRR14800475	q_0.444	0.771828598709751
2783	ASMTL	SRR14800475	q_0.444	0.60929984807298
2784	ETFRF1	SRR14800475	q_0.444	0.58541101681295
2785	PDE7A	SRR14800475	q_0.444	0.962998684781962
2786	CDH24	SRR14800475	q_0.444	0.548176746263446
2787	RELCH	SRR14800475	q_0.444	0.704451922524309
2788	ZFP90	SRR14800475	q_0.444	0.640034467092266
2789	SAR1B	SRR14800475	q_0.444	0.631378149762394
2790	PPP1R2	SRR14800475	q_0.444	0.840657625777248
2791	ENSG00000254706	SRR14800475	q_0.444	0.937936291745642
2792	GSKIP	SRR14800475	q_0.444	0.55201948241743
2793	GDI1	SRR14800475	q_0.444	0.356932484228349
2794	PNPT1	SRR14800475	q_0.444	0.566113679296579
2795	ZNF714	SRR14800475	q_0.444	0.562370423571158
2796	SLC9A7	SRR14800475	q_0.444	0.98228792139369
2797	DNAJC24	SRR14800475	q_0.444	0.714561207390812
2798	TLN2	SRR14800475	q_0.444	0.657388167007332
2799	SRP72	SRR14800475	q_0.444	0.914338062569751
2800	NSA2	SRR14800475	q_0.444	0.619309357889233
2801	THY1	SRR14800475	q_0.444	0.427448413704192
2802	PICALM	SRR14800475	q_0.444	0.867473896884841
2803	GLB1L2	SRR14800475	q_0.444	0.663576276581541
2804	SNHG10	SRR14800475	q_0.444	0.831543260341126
2805	MEF2A	SRR14800475	q_0.444	0.690006100233766
2806	GIPR	SRR14800475	q_0.444	NA
2807	LINC02362	SRR14800475	q_0.444	0.660014077603998
2808	ENSG00000274322	SRR14800475	q_0.444	0
2809	ENSG00000291072	SRR14800475	q_0.444	0.780582674247043
2810	A4GALT	SRR14800475	q_0.444	0.902469597032035
2811	EPB41L4A-AS1	SRR14800475	q_0.444	0.428813247968427
2812	NCF1C	SRR14800475	q_0.444	0.455328718903655
2813	FOXJ2	SRR14800490	q_0.444	0.82881881344112
2814	TMEM38A	SRR14800490	q_0.444	0.99978732090352
2815	CCNE1	SRR14800490	q_0.444	NA
2816	MCOLN1	SRR14800490	q_0.444	0.642904145140589
2817	FBXO3	SRR14800490	q_0.444	0.820186791012569
2818	SLC25A16	SRR14800490	q_0.444	0.800467711248307
2819	ZNF710	SRR14800490	q_0.444	0.950744486367661
2820	TM7SF2	SRR14800490	q_0.444	0.884849100749401
2821	UBP1	SRR14800490	q_0.444	0.812991536602755
2822	SPICE1	SRR14800490	q_0.444	0.865668793350421
2823	NPY1R	SRR14800490	q_0.444	0.782906842220694
2824	CENPV	SRR14800490	q_0.444	0.923250154975602
2825	METTL26	SRR14800490	q_0.444	0.658732750797834
2826	MCC	SRR14800490	q_0.444	0.733565014240198
2827	REG3A	SRR14800490	q_0.444	NA
2828	USP38	SRR14800490	q_0.444	0.819262166353733
2829	CYP2W1	SRR14800490	q_0.444	0
2830	NFKBIB	SRR14800490	q_0.444	0.793361340139935
2831	ING3	SRR14800490	q_0.444	0.84148825212946
2832	HIGD1A	SRR14800490	q_0.444	0.857214663717776
2833	DUOXA2	SRR14800490	q_0.444	NA
2834	CCDC149	SRR14800490	q_0.444	0.936938044619767
2835	FAXDC2	SRR14800490	q_0.444	0.808407985106634
2836	THOC6	SRR14800490	q_0.444	0.581981044372953
2837	POLR2J4	SRR14800490	q_0.444	0.979998389232415
2838	SYNM	SRR14800490	q_0.444	0.994592139969896
2839	SPNS2	SRR14800490	q_0.444	0
2840	SRPRA	SRR14800490	q_0.444	0.720049572200903
2841	LINC03040	SRR14800490	q_0.444	0
2842	RAP1GDS1	SRR14800490	q_0.444	0.62572907298782
2843	ZNF493	SRR14800490	q_0.444	0.950516663540248
2844	VRK2	SRR14800490	q_0.444	0.869561402283854
2845	PMEPA1	SRR14800490	q_0.444	0.391031827952682
2846	CXCL12	SRR14800490	q_0.444	0.730016909007863
2847	EXOC1	SRR14800490	q_0.444	0.73145150884745
2848	FAM114A2	SRR14800490	q_0.444	0.744501323011741
2849	ANGEL2	SRR14800490	q_0.444	0.928695633797462
2850	TMEM183A	SRR14800490	q_0.444	0.831564694439945
2851	HDAC2	SRR14800490	q_0.444	0.728628174754202
2852	ATG5	SRR14800490	q_0.444	0.826088659375985
2853	SH3PXD2A	SRR14800490	q_0.444	0.651304989801585
2854	IFIT3	SRR14800490	q_0.444	0.861238893777365
2855	PBX2	SRR14800490	q_0.444	0.491148205016424
2856	IRF3	SRR14800490	q_0.444	0.782129685041759
2857	SPIRE2	SRR14800490	q_0.444	0.934160580196732
2858	CYBB	SRR14800490	q_0.444	0.706248820320799
2859	ASMTL	SRR14800490	q_0.444	0.625864367584845
2860	ETFRF1	SRR14800490	q_0.444	0.652110658588859
2861	PDE7A	SRR14800490	q_0.444	0.751339550764304
2862	CDH24	SRR14800490	q_0.444	0.479168181104438
2863	RELCH	SRR14800490	q_0.444	0.740762128490916
2864	ZFP90	SRR14800490	q_0.444	0.839402974923594
2865	SAR1B	SRR14800490	q_0.444	0.618756695162869
2866	PPP1R2	SRR14800490	q_0.444	0.726514291497686
2867	ENSG00000254706	SRR14800490	q_0.444	0.624686688328361
2868	GSKIP	SRR14800490	q_0.444	0
2869	GDI1	SRR14800490	q_0.444	0.661831816325913
2870	PNPT1	SRR14800490	q_0.444	0.529795929611586
2871	ZNF714	SRR14800490	q_0.444	0.349672438526295
2872	SLC9A7	SRR14800490	q_0.444	0.548495026865666
2873	DNAJC24	SRR14800490	q_0.444	0.644865255559702
2874	TLN2	SRR14800490	q_0.444	0.789429111316958
2875	SRP72	SRR14800490	q_0.444	0.898343126177388
2876	NSA2	SRR14800490	q_0.444	0.471807987297767
2877	THY1	SRR14800490	q_0.444	0.397602174534456
2878	PICALM	SRR14800490	q_0.444	0.865032097733012
2879	GLB1L2	SRR14800490	q_0.444	0.820719041679342
2880	SNHG10	SRR14800490	q_0.444	0.703296465636079
2881	MEF2A	SRR14800490	q_0.444	0.795840201862476
2882	GIPR	SRR14800490	q_0.444	NA
2883	LINC02362	SRR14800490	q_0.444	0.783455668829468
2884	ENSG00000274322	SRR14800490	q_0.444	0.897394391865392
2885	ENSG00000291072	SRR14800490	q_0.444	0.687834646723795
2886	A4GALT	SRR14800490	q_0.444	0.873876545669829
2887	EPB41L4A-AS1	SRR14800490	q_0.444	0.768162080366974
2888	NCF1C	SRR14800490	q_0.444	0.516191234794979
2889	FOXJ2	SRR14800489	q_0.444	0.782116169503383
2890	TMEM38A	SRR14800489	q_0.444	0.983157747682308
2891	CCNE1	SRR14800489	q_0.444	0.300701201012394
2892	MCOLN1	SRR14800489	q_0.444	0.665698799208556
2893	FBXO3	SRR14800489	q_0.444	0.97063250536717
2894	SLC25A16	SRR14800489	q_0.444	0.655359197769093
2895	ZNF710	SRR14800489	q_0.444	0.961849266261681
2896	TM7SF2	SRR14800489	q_0.444	0.60210142213805
2897	UBP1	SRR14800489	q_0.444	0.83458757521424
2898	SPICE1	SRR14800489	q_0.444	0.647720001763834
2899	NPY1R	SRR14800489	q_0.444	0.741483165300425
2900	CENPV	SRR14800489	q_0.444	0.937218663815653
2901	METTL26	SRR14800489	q_0.444	0.777169232722718
2902	MCC	SRR14800489	q_0.444	0.708280383714171
2903	REG3A	SRR14800489	q_0.444	NA
2904	USP38	SRR14800489	q_0.444	0.950272668434988
2905	CYP2W1	SRR14800489	q_0.444	0
2906	NFKBIB	SRR14800489	q_0.444	0.805516379034859
2907	ING3	SRR14800489	q_0.444	0.969124309169295
2908	HIGD1A	SRR14800489	q_0.444	0.890874853462228
2909	DUOXA2	SRR14800489	q_0.444	0.979567183975283
2910	CCDC149	SRR14800489	q_0.444	0.970667092353051
2911	FAXDC2	SRR14800489	q_0.444	0.851233454524044
2912	THOC6	SRR14800489	q_0.444	0.631300760746195
2913	POLR2J4	SRR14800489	q_0.444	0.840450128961709
2914	SYNM	SRR14800489	q_0.444	0.984586506337274
2915	SPNS2	SRR14800489	q_0.444	0
2916	SRPRA	SRR14800489	q_0.444	0.739967705717958
2917	LINC03040	SRR14800489	q_0.444	0
2918	RAP1GDS1	SRR14800489	q_0.444	0.939797275516326
2919	ZNF493	SRR14800489	q_0.444	0.945776269972418
2920	VRK2	SRR14800489	q_0.444	0.908650398125508
2921	PMEPA1	SRR14800489	q_0.444	0.800748771649051
2922	CXCL12	SRR14800489	q_0.444	0.721113103032922
2923	EXOC1	SRR14800489	q_0.444	0.978964204461726
2924	FAM114A2	SRR14800489	q_0.444	0.8260170833356
2925	ANGEL2	SRR14800489	q_0.444	0.891515841622145
2926	TMEM183A	SRR14800489	q_0.444	0.958930284554757
2927	HDAC2	SRR14800489	q_0.444	0.599241264803394
2928	ATG5	SRR14800489	q_0.444	0.859500513483613
2929	SH3PXD2A	SRR14800489	q_0.444	0.89277561895052
2930	IFIT3	SRR14800489	q_0.444	0.995448725645878
2931	PBX2	SRR14800489	q_0.444	0.64972776123439
2932	IRF3	SRR14800489	q_0.444	0.824230957858726
2933	SPIRE2	SRR14800489	q_0.444	0.923949944862648
2934	CYBB	SRR14800489	q_0.444	0.769706185130434
2935	ASMTL	SRR14800489	q_0.444	0.612380579029029
2936	ETFRF1	SRR14800489	q_0.444	0.698350790014804
2937	PDE7A	SRR14800489	q_0.444	0.727572259060503
2938	CDH24	SRR14800489	q_0.444	0.558479505290227
2939	RELCH	SRR14800489	q_0.444	0.88308863817691
2940	ZFP90	SRR14800489	q_0.444	0.641157684812333
2941	SAR1B	SRR14800489	q_0.444	0.813978933554153
2942	PPP1R2	SRR14800489	q_0.444	0.786135463489399
2943	ENSG00000254706	SRR14800489	q_0.444	0.986776981521766
2944	GSKIP	SRR14800489	q_0.444	0
2945	GDI1	SRR14800489	q_0.444	0.6543479135386
2946	PNPT1	SRR14800489	q_0.444	0.777198890538144
2947	ZNF714	SRR14800489	q_0.444	0.752821416776565
2948	SLC9A7	SRR14800489	q_0.444	0.741356529253632
2949	DNAJC24	SRR14800489	q_0.444	0.883386186718585
2950	TLN2	SRR14800489	q_0.444	0.935529033627621
2951	SRP72	SRR14800489	q_0.444	0.867147903095582
2952	NSA2	SRR14800489	q_0.444	0.51811252240461
2953	THY1	SRR14800489	q_0.444	0.720628593893156
2954	PICALM	SRR14800489	q_0.444	0.871946286876494
2955	GLB1L2	SRR14800489	q_0.444	0.66458811531993
2956	SNHG10	SRR14800489	q_0.444	0.811843619144107
2957	MEF2A	SRR14800489	q_0.444	0.907041823094073
2958	GIPR	SRR14800489	q_0.444	0.971220841922152
2959	LINC02362	SRR14800489	q_0.444	0.984341379085652
2960	ENSG00000274322	SRR14800489	q_0.444	0.543642471298552
2961	ENSG00000291072	SRR14800489	q_0.444	0.96770460027929
2962	A4GALT	SRR14800489	q_0.444	0.417535898240838
2963	EPB41L4A-AS1	SRR14800489	q_0.444	0.639203266789467
2964	NCF1C	SRR14800489	q_0.444	0.914751452252927
2965	FOXJ2	SRR14800488	q_0.444	0.236624560498526
2966	TMEM38A	SRR14800488	q_0.444	0.938455891342397
2967	CCNE1	SRR14800488	q_0.444	0.401221133701375
2968	MCOLN1	SRR14800488	q_0.444	0.603695395682621
2969	FBXO3	SRR14800488	q_0.444	0.817707370599414
2970	SLC25A16	SRR14800488	q_0.444	0.944576771598079
2971	ZNF710	SRR14800488	q_0.444	0.944186183464624
2972	TM7SF2	SRR14800488	q_0.444	0.773909612531896
2973	UBP1	SRR14800488	q_0.444	0.815035539146144
2974	SPICE1	SRR14800488	q_0.444	0.88864494697473
2975	NPY1R	SRR14800488	q_0.444	0.576291064116351
2976	CENPV	SRR14800488	q_0.444	0.950020636849897
2977	METTL26	SRR14800488	q_0.444	0.74220182212734
2978	MCC	SRR14800488	q_0.444	0.796511506752579
2979	REG3A	SRR14800488	q_0.444	0
2980	USP38	SRR14800488	q_0.444	0.828989830386665
2981	CYP2W1	SRR14800488	q_0.444	0
2982	NFKBIB	SRR14800488	q_0.444	0.870944132601093
2983	ING3	SRR14800488	q_0.444	0.804539865581742
2984	HIGD1A	SRR14800488	q_0.444	0.581844430754048
2985	DUOXA2	SRR14800488	q_0.444	0
2986	CCDC149	SRR14800488	q_0.444	0.813303740614719
2987	FAXDC2	SRR14800488	q_0.444	0.778225093809308
2988	THOC6	SRR14800488	q_0.444	0.664988995829095
2989	POLR2J4	SRR14800488	q_0.444	0.857433776206915
2990	SYNM	SRR14800488	q_0.444	0
2991	SPNS2	SRR14800488	q_0.444	0
2992	SRPRA	SRR14800488	q_0.444	0.645134067557949
2993	LINC03040	SRR14800488	q_0.444	0.51636806803471
2994	RAP1GDS1	SRR14800488	q_0.444	0.698087437975554
2995	ZNF493	SRR14800488	q_0.444	0.974418302920913
2996	VRK2	SRR14800488	q_0.444	0.941813320318605
2997	PMEPA1	SRR14800488	q_0.444	0.932739669388571
2998	CXCL12	SRR14800488	q_0.444	0.705805560913647
2999	EXOC1	SRR14800488	q_0.444	0.757227226193488
3000	FAM114A2	SRR14800488	q_0.444	0.784816888541983
3001	ANGEL2	SRR14800488	q_0.444	0.952002694986612
3002	TMEM183A	SRR14800488	q_0.444	0.702444902673705
3003	HDAC2	SRR14800488	q_0.444	0.806177031490465
3004	ATG5	SRR14800488	q_0.444	0.864444304831434
3005	SH3PXD2A	SRR14800488	q_0.444	0.850411477403297
3006	IFIT3	SRR14800488	q_0.444	0.995027037199885
3007	PBX2	SRR14800488	q_0.444	0.53146099711909
3008	IRF3	SRR14800488	q_0.444	0.769824923975654
3009	SPIRE2	SRR14800488	q_0.444	0.874245260691058
3010	CYBB	SRR14800488	q_0.444	0.844258357013789
3011	ASMTL	SRR14800488	q_0.444	0.370740043681254
3012	ETFRF1	SRR14800488	q_0.444	0.750040744393134
3013	PDE7A	SRR14800488	q_0.444	0.632714445614206
3014	CDH24	SRR14800488	q_0.444	0.844048330650617
3015	RELCH	SRR14800488	q_0.444	0.727030821685671
3016	ZFP90	SRR14800488	q_0.444	0.598595073597822
3017	SAR1B	SRR14800488	q_0.444	0.629819499247082
3018	PPP1R2	SRR14800488	q_0.444	0.602549854553227
3019	ENSG00000254706	SRR14800488	q_0.444	0.9130704804477
3020	GSKIP	SRR14800488	q_0.444	0.6913852334646
3021	GDI1	SRR14800488	q_0.444	0.652073122234955
3022	PNPT1	SRR14800488	q_0.444	0.321222620644398
3023	ZNF714	SRR14800488	q_0.444	0.734293829006183
3024	SLC9A7	SRR14800488	q_0.444	0.568447957969543
3025	DNAJC24	SRR14800488	q_0.444	0.764589140079602
3026	TLN2	SRR14800488	q_0.444	0.941328140329974
3027	SRP72	SRR14800488	q_0.444	0.574029499825002
3028	NSA2	SRR14800488	q_0.444	0.864310767468701
3029	THY1	SRR14800488	q_0.444	0.844265334199219
3030	PICALM	SRR14800488	q_0.444	0.84640806048906
3031	GLB1L2	SRR14800488	q_0.444	0.668224528931463
3032	SNHG10	SRR14800488	q_0.444	0.879016026186551
3033	MEF2A	SRR14800488	q_0.444	0.811531341506936
3034	GIPR	SRR14800488	q_0.444	0.997104366648036
3035	LINC02362	SRR14800488	q_0.444	0.827046638689527
3036	ENSG00000274322	SRR14800488	q_0.444	0.632566319513867
3037	ENSG00000291072	SRR14800488	q_0.444	0.953157616664345
3038	A4GALT	SRR14800488	q_0.444	0.434242064785957
3039	EPB41L4A-AS1	SRR14800488	q_0.444	0.883499769376989
3040	NCF1C	SRR14800488	q_0.444	0
3041	FOXJ2	SRR14800479	q_0.444	0.449817501619822
3042	TMEM38A	SRR14800479	q_0.444	0.937378122376373
3043	CCNE1	SRR14800479	q_0.444	0.97572301635614
3044	MCOLN1	SRR14800479	q_0.444	0.864031139269476
3045	FBXO3	SRR14800479	q_0.444	0.654291511868844
3046	SLC25A16	SRR14800479	q_0.444	0.660203262930164
3047	ZNF710	SRR14800479	q_0.444	0.854035249116637
3048	TM7SF2	SRR14800479	q_0.444	0.716435747324045
3049	UBP1	SRR14800479	q_0.444	0.897621297605279
3050	SPICE1	SRR14800479	q_0.444	0.943304684179777
3051	NPY1R	SRR14800479	q_0.444	0
3052	CENPV	SRR14800479	q_0.444	0.967959160819059
3053	METTL26	SRR14800479	q_0.444	0.790840604379168
3054	MCC	SRR14800479	q_0.444	0.572347813985946
3055	REG3A	SRR14800479	q_0.444	0.990585429497402
3056	USP38	SRR14800479	q_0.444	0.780964990142194
3057	CYP2W1	SRR14800479	q_0.444	0.651617175592274
3058	NFKBIB	SRR14800479	q_0.444	0.848410911893506
3059	ING3	SRR14800479	q_0.444	0.970988796243816
3060	HIGD1A	SRR14800479	q_0.444	0.807115506434636
3061	DUOXA2	SRR14800479	q_0.444	0.917112209963434
3062	CCDC149	SRR14800479	q_0.444	0.765277194406158
3063	FAXDC2	SRR14800479	q_0.444	0.936215714509454
3064	THOC6	SRR14800479	q_0.444	0.686619695749017
3065	POLR2J4	SRR14800479	q_0.444	0.835650010246894
3066	SYNM	SRR14800479	q_0.444	0
3067	SPNS2	SRR14800479	q_0.444	0
3068	SRPRA	SRR14800479	q_0.444	0.734106691699916
3069	LINC03040	SRR14800479	q_0.444	0.974311373830137
3070	RAP1GDS1	SRR14800479	q_0.444	0.744916515598275
3071	ZNF493	SRR14800479	q_0.444	0.929076372872454
3072	VRK2	SRR14800479	q_0.444	0.948621806394442
3073	PMEPA1	SRR14800479	q_0.444	0.773957669777585
3074	CXCL12	SRR14800479	q_0.444	0.533850974528996
3075	EXOC1	SRR14800479	q_0.444	0.541354542212338
3076	FAM114A2	SRR14800479	q_0.444	0.829179174775579
3077	ANGEL2	SRR14800479	q_0.444	0.929854239005297
3078	TMEM183A	SRR14800479	q_0.444	0.561504958704961
3079	HDAC2	SRR14800479	q_0.444	0.825642385897631
3080	ATG5	SRR14800479	q_0.444	0.870273761209744
3081	SH3PXD2A	SRR14800479	q_0.444	0.85807885253196
3082	IFIT3	SRR14800479	q_0.444	0
3083	PBX2	SRR14800479	q_0.444	0.817443298616175
3084	IRF3	SRR14800479	q_0.444	0.703152973829318
3085	SPIRE2	SRR14800479	q_0.444	0.887588037065967
3086	CYBB	SRR14800479	q_0.444	0.512317528315495
3087	ASMTL	SRR14800479	q_0.444	0.686141738388538
3088	ETFRF1	SRR14800479	q_0.444	0.879644382917856
3089	PDE7A	SRR14800479	q_0.444	0.71840243205918
3090	CDH24	SRR14800479	q_0.444	0.801412926181626
3091	RELCH	SRR14800479	q_0.444	0.826860873181251
3092	ZFP90	SRR14800479	q_0.444	0.659204854675262
3093	SAR1B	SRR14800479	q_0.444	0.47300388091312
3094	PPP1R2	SRR14800479	q_0.444	0.466801517721566
3095	ENSG00000254706	SRR14800479	q_0.444	0
3096	GSKIP	SRR14800479	q_0.444	0.673047319606035
3097	GDI1	SRR14800479	q_0.444	0.741687500282895
3098	PNPT1	SRR14800479	q_0.444	0.573696716603532
3099	ZNF714	SRR14800479	q_0.444	0.944173452640975
3100	SLC9A7	SRR14800479	q_0.444	0
3101	DNAJC24	SRR14800479	q_0.444	0.852771222063065
3102	TLN2	SRR14800479	q_0.444	0.779145521091774
3103	SRP72	SRR14800479	q_0.444	0.605744816584626
3104	NSA2	SRR14800479	q_0.444	0.832213760865106
3105	THY1	SRR14800479	q_0.444	0.899584102006122
3106	PICALM	SRR14800479	q_0.444	0.826266361869502
3107	GLB1L2	SRR14800479	q_0.444	0.695744842221648
3108	SNHG10	SRR14800479	q_0.444	0.823625211675724
3109	MEF2A	SRR14800479	q_0.444	0.724818574765233
3110	GIPR	SRR14800479	q_0.444	0.941953671650176
3111	LINC02362	SRR14800479	q_0.444	0.648313012769727
3112	ENSG00000274322	SRR14800479	q_0.444	0.461026976381961
3113	ENSG00000291072	SRR14800479	q_0.444	0.825414699102238
3114	A4GALT	SRR14800479	q_0.444	0.293476921123582
3115	EPB41L4A-AS1	SRR14800479	q_0.444	0.693487889279873
3116	NCF1C	SRR14800479	q_0.444	0
3117	FOXJ2	SRR14800478	q_0.444	0.522112567140752
3118	TMEM38A	SRR14800478	q_0.444	0
3119	CCNE1	SRR14800478	q_0.444	0.835224503944707
3120	MCOLN1	SRR14800478	q_0.444	0.62061894941974
3121	FBXO3	SRR14800478	q_0.444	0.934986824154906
3122	SLC25A16	SRR14800478	q_0.444	0.952644353374435
3123	ZNF710	SRR14800478	q_0.444	0.984507205114671
3124	TM7SF2	SRR14800478	q_0.444	0.672613486714418
3125	UBP1	SRR14800478	q_0.444	0.774645771584583
3126	SPICE1	SRR14800478	q_0.444	0.927763996409948
3127	NPY1R	SRR14800478	q_0.444	0
3128	CENPV	SRR14800478	q_0.444	0.88763485222876
3129	METTL26	SRR14800478	q_0.444	0.920023580100703
3130	MCC	SRR14800478	q_0.444	0.724728650578436
3131	REG3A	SRR14800478	q_0.444	0.995481116900617
3132	USP38	SRR14800478	q_0.444	0.956154798132226
3133	CYP2W1	SRR14800478	q_0.444	0.994916081194178
3134	NFKBIB	SRR14800478	q_0.444	0.681009982664851
3135	ING3	SRR14800478	q_0.444	0.787685975108784
3136	HIGD1A	SRR14800478	q_0.444	0.626390036814328
3137	DUOXA2	SRR14800478	q_0.444	0.462604326257792
3138	CCDC149	SRR14800478	q_0.444	0.745402228003176
3139	FAXDC2	SRR14800478	q_0.444	0.902884550648823
3140	THOC6	SRR14800478	q_0.444	0.554107168062771
3141	POLR2J4	SRR14800478	q_0.444	0.855607977720078
3142	SYNM	SRR14800478	q_0.444	0.999976760724823
3143	SPNS2	SRR14800478	q_0.444	0.73776708109719
3144	SRPRA	SRR14800478	q_0.444	0.463563789584307
3145	LINC03040	SRR14800478	q_0.444	0.982648641336045
3146	RAP1GDS1	SRR14800478	q_0.444	0.906701920976928
3147	ZNF493	SRR14800478	q_0.444	0.954709293527177
3148	VRK2	SRR14800478	q_0.444	0.887647530868315
3149	PMEPA1	SRR14800478	q_0.444	0.927197709654782
3150	CXCL12	SRR14800478	q_0.444	0.865392444680374
3151	EXOC1	SRR14800478	q_0.444	0.844473934664974
3152	FAM114A2	SRR14800478	q_0.444	0.671739212935974
3153	ANGEL2	SRR14800478	q_0.444	0.931986460746157
3154	TMEM183A	SRR14800478	q_0.444	0.964519999044043
3155	HDAC2	SRR14800478	q_0.444	0.712320772177114
3156	ATG5	SRR14800478	q_0.444	0.901408363683493
3157	SH3PXD2A	SRR14800478	q_0.444	0.728589710998317
3158	IFIT3	SRR14800478	q_0.444	0.896225208441625
3159	PBX2	SRR14800478	q_0.444	0.924373287186811
3160	IRF3	SRR14800478	q_0.444	0.869184046171739
3161	SPIRE2	SRR14800478	q_0.444	0.90000538697209
3162	CYBB	SRR14800478	q_0.444	0.661974322650285
3163	ASMTL	SRR14800478	q_0.444	0
3164	ETFRF1	SRR14800478	q_0.444	0.801914097345023
3165	PDE7A	SRR14800478	q_0.444	0.95648175606913
3166	CDH24	SRR14800478	q_0.444	0.895047490817581
3167	RELCH	SRR14800478	q_0.444	0.811177667096287
3168	ZFP90	SRR14800478	q_0.444	0.732833181867922
3169	SAR1B	SRR14800478	q_0.444	0.833908575144123
3170	PPP1R2	SRR14800478	q_0.444	0.64844286617948
3171	ENSG00000254706	SRR14800478	q_0.444	0.895638953915819
3172	GSKIP	SRR14800478	q_0.444	0.525293050688886
3173	GDI1	SRR14800478	q_0.444	0.70102029934722
3174	PNPT1	SRR14800478	q_0.444	0.982557854576637
3175	ZNF714	SRR14800478	q_0.444	0.905274340917399
3176	SLC9A7	SRR14800478	q_0.444	0.655990616967203
3177	DNAJC24	SRR14800478	q_0.444	0.855949127828049
3178	TLN2	SRR14800478	q_0.444	0.679860505850938
3179	SRP72	SRR14800478	q_0.444	0.860475600124962
3180	NSA2	SRR14800478	q_0.444	0.507634961538392
3181	THY1	SRR14800478	q_0.444	0.777166393371037
3182	PICALM	SRR14800478	q_0.444	0.933813161865608
3183	GLB1L2	SRR14800478	q_0.444	0.536609969152016
3184	SNHG10	SRR14800478	q_0.444	0.821057880459995
3185	MEF2A	SRR14800478	q_0.444	0.883920713468153
3186	GIPR	SRR14800478	q_0.444	0.974659614724614
3187	LINC02362	SRR14800478	q_0.444	0.703556978573899
3188	ENSG00000274322	SRR14800478	q_0.444	0.571910616074494
3189	ENSG00000291072	SRR14800478	q_0.444	0.830158533322241
3190	A4GALT	SRR14800478	q_0.444	0.704832791545447
3191	EPB41L4A-AS1	SRR14800478	q_0.444	0.935914446598921
3192	NCF1C	SRR14800478	q_0.444	0
3193	FOXJ2	SRR14800487	q_0.444	0.736400266959371
3194	TMEM38A	SRR14800487	q_0.444	0.880651425722008
3195	CCNE1	SRR14800487	q_0.444	0.81727547830047
3196	MCOLN1	SRR14800487	q_0.444	0.695881254313725
3197	FBXO3	SRR14800487	q_0.444	0.960160020793498
3198	SLC25A16	SRR14800487	q_0.444	0.88797428174349
3199	ZNF710	SRR14800487	q_0.444	0.958283672015788
3200	TM7SF2	SRR14800487	q_0.444	0.525370742884051
3201	UBP1	SRR14800487	q_0.444	0.789846467967782
3202	SPICE1	SRR14800487	q_0.444	0.970857820971346
3203	NPY1R	SRR14800487	q_0.444	0.880142286525358
3204	CENPV	SRR14800487	q_0.444	0.833590736977939
3205	METTL26	SRR14800487	q_0.444	0.914064206320031
3206	MCC	SRR14800487	q_0.444	0.817581554895035
3207	REG3A	SRR14800487	q_0.444	0.9998848182265
3208	USP38	SRR14800487	q_0.444	0.960293570828204
3209	CYP2W1	SRR14800487	q_0.444	0
3210	NFKBIB	SRR14800487	q_0.444	0.620455091533784
3211	ING3	SRR14800487	q_0.444	0.964554425924486
3212	HIGD1A	SRR14800487	q_0.444	0.390774422434998
3213	DUOXA2	SRR14800487	q_0.444	0.81098137912143
3214	CCDC149	SRR14800487	q_0.444	0.876618729455217
3215	FAXDC2	SRR14800487	q_0.444	0.741284922349024
3216	THOC6	SRR14800487	q_0.444	0.379493911990826
3217	POLR2J4	SRR14800487	q_0.444	0.863658989965808
3218	SYNM	SRR14800487	q_0.444	0.998213669571202
3219	SPNS2	SRR14800487	q_0.444	0.577650651304447
3220	SRPRA	SRR14800487	q_0.444	0.480455864335412
3221	LINC03040	SRR14800487	q_0.444	0.926162888218835
3222	RAP1GDS1	SRR14800487	q_0.444	0.807411175570661
3223	ZNF493	SRR14800487	q_0.444	0.948585938545405
3224	VRK2	SRR14800487	q_0.444	0.876293061869547
3225	PMEPA1	SRR14800487	q_0.444	0.65391677882515
3226	CXCL12	SRR14800487	q_0.444	0.751494604090225
3227	EXOC1	SRR14800487	q_0.444	0.949009147599503
3228	FAM114A2	SRR14800487	q_0.444	0.668822390245542
3229	ANGEL2	SRR14800487	q_0.444	0.94096764610885
3230	TMEM183A	SRR14800487	q_0.444	0.812970056754909
3231	HDAC2	SRR14800487	q_0.444	0.816500746967493
3232	ATG5	SRR14800487	q_0.444	0.912559444378442
3233	SH3PXD2A	SRR14800487	q_0.444	0.839794173709996
3234	IFIT3	SRR14800487	q_0.444	0.931191804656888
3235	PBX2	SRR14800487	q_0.444	0.513684053840986
3236	IRF3	SRR14800487	q_0.444	0.639292669692911
3237	SPIRE2	SRR14800487	q_0.444	0.847757746012476
3238	CYBB	SRR14800487	q_0.444	0.695736668524275
3239	ASMTL	SRR14800487	q_0.444	0.528378177752796
3240	ETFRF1	SRR14800487	q_0.444	0.627377562802186
3241	PDE7A	SRR14800487	q_0.444	0.89458996142593
3242	CDH24	SRR14800487	q_0.444	0.532102816154687
3243	RELCH	SRR14800487	q_0.444	0.826859776284994
3244	ZFP90	SRR14800487	q_0.444	0.603814197705515
3245	SAR1B	SRR14800487	q_0.444	0.859130677014396
3246	PPP1R2	SRR14800487	q_0.444	0.690113915661515
3247	ENSG00000254706	SRR14800487	q_0.444	0.689017153062675
3248	GSKIP	SRR14800487	q_0.444	0.229702049851285
3249	GDI1	SRR14800487	q_0.444	0.679636799929083
3250	PNPT1	SRR14800487	q_0.444	0.942363800752747
3251	ZNF714	SRR14800487	q_0.444	0.860961634670526
3252	SLC9A7	SRR14800487	q_0.444	0.882566518373115
3253	DNAJC24	SRR14800487	q_0.444	0.781001712865911
3254	TLN2	SRR14800487	q_0.444	0.723645962234069
3255	SRP72	SRR14800487	q_0.444	0.808497827062961
3256	NSA2	SRR14800487	q_0.444	0.343291760020183
3257	THY1	SRR14800487	q_0.444	0.605802111548658
3258	PICALM	SRR14800487	q_0.444	0.857289979670314
3259	GLB1L2	SRR14800487	q_0.444	0.621605421299277
3260	SNHG10	SRR14800487	q_0.444	0.838033312278889
3261	MEF2A	SRR14800487	q_0.444	0.892398831787224
3262	GIPR	SRR14800487	q_0.444	0.99135956372944
3263	LINC02362	SRR14800487	q_0.444	0.990219628808307
3264	ENSG00000274322	SRR14800487	q_0.444	0.525507898855858
3265	ENSG00000291072	SRR14800487	q_0.444	0.759326644799721
3266	A4GALT	SRR14800487	q_0.444	0.96406217301981
3267	EPB41L4A-AS1	SRR14800487	q_0.444	0.839291130339983
3268	NCF1C	SRR14800487	q_0.444	0.49871080078522
3269	FOXJ2	SRR14800486	q_0.444	0.195150054874613
3270	TMEM38A	SRR14800486	q_0.444	0.983554395516331
3271	CCNE1	SRR14800486	q_0.444	0.790823288695873
3272	MCOLN1	SRR14800486	q_0.444	0.639357934704696
3273	FBXO3	SRR14800486	q_0.444	0.959457310315738
3274	SLC25A16	SRR14800486	q_0.444	0.80152360946266
3275	ZNF710	SRR14800486	q_0.444	0.90902624403876
3276	TM7SF2	SRR14800486	q_0.444	0.362747694896845
3277	UBP1	SRR14800486	q_0.444	0.928238081190132
3278	SPICE1	SRR14800486	q_0.444	0.917219326956281
3279	NPY1R	SRR14800486	q_0.444	0.865303573938278
3280	CENPV	SRR14800486	q_0.444	0.893814385472638
3281	METTL26	SRR14800486	q_0.444	0.565285723415578
3282	MCC	SRR14800486	q_0.444	0.27092929507853
3283	REG3A	SRR14800486	q_0.444	0.807011920944249
3284	USP38	SRR14800486	q_0.444	0.964838907762326
3285	CYP2W1	SRR14800486	q_0.444	0
3286	NFKBIB	SRR14800486	q_0.444	0.917557233672856
3287	ING3	SRR14800486	q_0.444	0.971026148858511
3288	HIGD1A	SRR14800486	q_0.444	0.421838137739147
3289	DUOXA2	SRR14800486	q_0.444	0.632246421397382
3290	CCDC149	SRR14800486	q_0.444	0.933248721023733
3291	FAXDC2	SRR14800486	q_0.444	0.891398501841828
3292	THOC6	SRR14800486	q_0.444	0.50364302563578
3293	POLR2J4	SRR14800486	q_0.444	0.848756358105107
3294	SYNM	SRR14800486	q_0.444	0.999922165023064
3295	SPNS2	SRR14800486	q_0.444	0
3296	SRPRA	SRR14800486	q_0.444	0.649879612497618
3297	LINC03040	SRR14800486	q_0.444	0.944012860959203
3298	RAP1GDS1	SRR14800486	q_0.444	0.907624562644266
3299	ZNF493	SRR14800486	q_0.444	0.821378272127774
3300	VRK2	SRR14800486	q_0.444	0.862767570349594
3301	PMEPA1	SRR14800486	q_0.444	0.770906993994597
3302	CXCL12	SRR14800486	q_0.444	0.864349139555876
3303	EXOC1	SRR14800486	q_0.444	0.892689056180658
3304	FAM114A2	SRR14800486	q_0.444	0.934892867281746
3305	ANGEL2	SRR14800486	q_0.444	0.867897540834722
3306	TMEM183A	SRR14800486	q_0.444	0.8450004688214
3307	HDAC2	SRR14800486	q_0.444	0.892076766411968
3308	ATG5	SRR14800486	q_0.444	0.933105942338186
3309	SH3PXD2A	SRR14800486	q_0.444	0.883116973058132
3310	IFIT3	SRR14800486	q_0.444	0.93113763261814
3311	PBX2	SRR14800486	q_0.444	0.480231531264422
3312	IRF3	SRR14800486	q_0.444	0.899727968693066
3313	SPIRE2	SRR14800486	q_0.444	0.898910001767082
3314	CYBB	SRR14800486	q_0.444	0.839443672579237
3315	ASMTL	SRR14800486	q_0.444	0.907680447859142
3316	ETFRF1	SRR14800486	q_0.444	0.682823087542446
3317	PDE7A	SRR14800486	q_0.444	0.785801686585486
3318	CDH24	SRR14800486	q_0.444	0.509680829083313
3319	RELCH	SRR14800486	q_0.444	0.945211721384783
3320	ZFP90	SRR14800486	q_0.444	0.441270256054986
3321	SAR1B	SRR14800486	q_0.444	0.747566990781004
3322	PPP1R2	SRR14800486	q_0.444	0.378684841319052
3323	ENSG00000254706	SRR14800486	q_0.444	0
3324	GSKIP	SRR14800486	q_0.444	0.532145295928058
3325	GDI1	SRR14800486	q_0.444	0.7004111867357
3326	PNPT1	SRR14800486	q_0.444	0.731754378612233
3327	ZNF714	SRR14800486	q_0.444	0.821266642843618
3328	SLC9A7	SRR14800486	q_0.444	0.694598583887519
3329	DNAJC24	SRR14800486	q_0.444	0.926204346332725
3330	TLN2	SRR14800486	q_0.444	0.868987909019582
3331	SRP72	SRR14800486	q_0.444	0.873628608973656
3332	NSA2	SRR14800486	q_0.444	0.553386920471469
3333	THY1	SRR14800486	q_0.444	0.743295534021719
3334	PICALM	SRR14800486	q_0.444	0.864214256249618
3335	GLB1L2	SRR14800486	q_0.444	0.625825247112426
3336	SNHG10	SRR14800486	q_0.444	0.872057027025128
3337	MEF2A	SRR14800486	q_0.444	0.578457589784076
3338	GIPR	SRR14800486	q_0.444	0.967804467847551
3339	LINC02362	SRR14800486	q_0.444	0.966413719643888
3340	ENSG00000274322	SRR14800486	q_0.444	0.598112167317801
3341	ENSG00000291072	SRR14800486	q_0.444	0.929367924251235
3342	A4GALT	SRR14800486	q_0.444	0.679212152105182
3343	EPB41L4A-AS1	SRR14800486	q_0.444	0.542698198897599
3344	NCF1C	SRR14800486	q_0.444	0.990410571190592
3345	FOXJ2	SRR14800485	q_0.444	0.200737665188859
3346	TMEM38A	SRR14800485	q_0.444	0.853009162878945
3347	CCNE1	SRR14800485	q_0.444	0.351774498740544
3348	MCOLN1	SRR14800485	q_0.444	0.706051711113457
3349	FBXO3	SRR14800485	q_0.444	0.972757011211857
3350	SLC25A16	SRR14800485	q_0.444	0.954522368916
3351	ZNF710	SRR14800485	q_0.444	0.990676346509537
3352	TM7SF2	SRR14800485	q_0.444	0.12370941860286
3353	UBP1	SRR14800485	q_0.444	0.835189217826355
3354	SPICE1	SRR14800485	q_0.444	0.943335157170485
3355	NPY1R	SRR14800485	q_0.444	0.565918180004103
3356	CENPV	SRR14800485	q_0.444	0.842622205634518
3357	METTL26	SRR14800485	q_0.444	0.760327555505781
3358	MCC	SRR14800485	q_0.444	0.82223016554369
3359	REG3A	SRR14800485	q_0.444	0.955393688320791
3360	USP38	SRR14800485	q_0.444	0.934505930028706
3361	CYP2W1	SRR14800485	q_0.444	0.675677844595361
3362	NFKBIB	SRR14800485	q_0.444	0.792873504388732
3363	ING3	SRR14800485	q_0.444	0.990683691546691
3364	HIGD1A	SRR14800485	q_0.444	0.668913478005523
3365	DUOXA2	SRR14800485	q_0.444	0.578520572334452
3366	CCDC149	SRR14800485	q_0.444	0.488166825330661
3367	FAXDC2	SRR14800485	q_0.444	0.652921811448379
3368	THOC6	SRR14800485	q_0.444	0.660940991786626
3369	POLR2J4	SRR14800485	q_0.444	0.576200201607078
3370	SYNM	SRR14800485	q_0.444	0.977026151298349
3371	SPNS2	SRR14800485	q_0.444	0.705345725379928
3372	SRPRA	SRR14800485	q_0.444	0.661075785055601
3373	LINC03040	SRR14800485	q_0.444	0.995950467146489
3374	RAP1GDS1	SRR14800485	q_0.444	0.863638123323028
3375	ZNF493	SRR14800485	q_0.444	0.96833503733025
3376	VRK2	SRR14800485	q_0.444	0.903688355491065
3377	PMEPA1	SRR14800485	q_0.444	0.385215452052797
3378	CXCL12	SRR14800485	q_0.444	0.948857062061708
3379	EXOC1	SRR14800485	q_0.444	0.537384372612013
3380	FAM114A2	SRR14800485	q_0.444	0.836090714882256
3381	ANGEL2	SRR14800485	q_0.444	0.955595213593494
3382	TMEM183A	SRR14800485	q_0.444	0.776509842338545
3383	HDAC2	SRR14800485	q_0.444	0.743687635841893
3384	ATG5	SRR14800485	q_0.444	0.927017892410481
3385	SH3PXD2A	SRR14800485	q_0.444	0.891422514571972
3386	IFIT3	SRR14800485	q_0.444	0.991605527410576
3387	PBX2	SRR14800485	q_0.444	0.642812007089778
3388	IRF3	SRR14800485	q_0.444	0.826802458412341
3389	SPIRE2	SRR14800485	q_0.444	0.877735616940559
3390	CYBB	SRR14800485	q_0.444	0.689377559357429
3391	ASMTL	SRR14800485	q_0.444	0.776927047273743
3392	ETFRF1	SRR14800485	q_0.444	0.752372219562497
3393	PDE7A	SRR14800485	q_0.444	0.766838512400094
3394	CDH24	SRR14800485	q_0.444	0.995481297675025
3395	RELCH	SRR14800485	q_0.444	0.83733767722696
3396	ZFP90	SRR14800485	q_0.444	0.601363438541951
3397	SAR1B	SRR14800485	q_0.444	0.69116588185285
3398	PPP1R2	SRR14800485	q_0.444	0.582178748017981
3399	ENSG00000254706	SRR14800485	q_0.444	0.925647297622401
3400	GSKIP	SRR14800485	q_0.444	0.557742758483378
3401	GDI1	SRR14800485	q_0.444	0.725787588182032
3402	PNPT1	SRR14800485	q_0.444	0.788694623411399
3403	ZNF714	SRR14800485	q_0.444	0.894264915100761
3404	SLC9A7	SRR14800485	q_0.444	0.87252154835348
3405	DNAJC24	SRR14800485	q_0.444	0.802366266069738
3406	TLN2	SRR14800485	q_0.444	0.863475662407242
3407	SRP72	SRR14800485	q_0.444	0.889123526701015
3408	NSA2	SRR14800485	q_0.444	0.714209321487506
3409	THY1	SRR14800485	q_0.444	0.699117982912687
3410	PICALM	SRR14800485	q_0.444	0.868657525886137
3411	GLB1L2	SRR14800485	q_0.444	0.670068514029676
3412	SNHG10	SRR14800485	q_0.444	0.73566551462895
3413	MEF2A	SRR14800485	q_0.444	0.666912544142816
3414	GIPR	SRR14800485	q_0.444	0
3415	LINC02362	SRR14800485	q_0.444	0.944745069426725
3416	ENSG00000274322	SRR14800485	q_0.444	0.671717000677005
3417	ENSG00000291072	SRR14800485	q_0.444	0.945468200728913
3418	A4GALT	SRR14800485	q_0.444	0.939326320220869
3419	EPB41L4A-AS1	SRR14800485	q_0.444	0.646869929213948
3420	NCF1C	SRR14800485	q_0.444	0.883427088715568
3421	FOXJ2	SRR14800484	q_0.444	0.606866231720592
3422	TMEM38A	SRR14800484	q_0.444	0.898254383990744
3423	CCNE1	SRR14800484	q_0.444	0.899425765230482
3424	MCOLN1	SRR14800484	q_0.444	0.362992442574344
3425	FBXO3	SRR14800484	q_0.444	0.93048772680792
3426	SLC25A16	SRR14800484	q_0.444	0.969201044252901
3427	ZNF710	SRR14800484	q_0.444	0.92966442539756
3428	TM7SF2	SRR14800484	q_0.444	0.461519247944151
3429	UBP1	SRR14800484	q_0.444	0.733820244462368
3430	SPICE1	SRR14800484	q_0.444	0.894927023111529
3431	NPY1R	SRR14800484	q_0.444	0.740405530477826
3432	CENPV	SRR14800484	q_0.444	0.848987001892367
3433	METTL26	SRR14800484	q_0.444	0.906754604370968
3434	MCC	SRR14800484	q_0.444	0.71753193198927
3435	REG3A	SRR14800484	q_0.444	0.838951309646436
3436	USP38	SRR14800484	q_0.444	0.685576624709829
3437	CYP2W1	SRR14800484	q_0.444	0.884221596446234
3438	NFKBIB	SRR14800484	q_0.444	0.697461181337571
3439	ING3	SRR14800484	q_0.444	0.968549933177853
3440	HIGD1A	SRR14800484	q_0.444	0.821720372246478
3441	DUOXA2	SRR14800484	q_0.444	0.685714745443712
3442	CCDC149	SRR14800484	q_0.444	0.685996633116027
3443	FAXDC2	SRR14800484	q_0.444	0.819555759478076
3444	THOC6	SRR14800484	q_0.444	0.524771684713963
3445	POLR2J4	SRR14800484	q_0.444	0.963644232084131
3446	SYNM	SRR14800484	q_0.444	0.981666727545049
3447	SPNS2	SRR14800484	q_0.444	0
3448	SRPRA	SRR14800484	q_0.444	0.53393990316861
3449	LINC03040	SRR14800484	q_0.444	0.987649590487827
3450	RAP1GDS1	SRR14800484	q_0.444	0.672911954742697
3451	ZNF493	SRR14800484	q_0.444	0.991028624565686
3452	VRK2	SRR14800484	q_0.444	0.950928314315169
3453	PMEPA1	SRR14800484	q_0.444	0.954364037088279
3454	CXCL12	SRR14800484	q_0.444	0.907801285104524
3455	EXOC1	SRR14800484	q_0.444	0.883993267582328
3456	FAM114A2	SRR14800484	q_0.444	0.831945611775718
3457	ANGEL2	SRR14800484	q_0.444	0.923910617944279
3458	TMEM183A	SRR14800484	q_0.444	0.78180673845963
3459	HDAC2	SRR14800484	q_0.444	0.916928244942838
3460	ATG5	SRR14800484	q_0.444	0.956867404655724
3461	SH3PXD2A	SRR14800484	q_0.444	0.847891142982316
3462	IFIT3	SRR14800484	q_0.444	0.935744994564085
3463	PBX2	SRR14800484	q_0.444	0.536713912869909
3464	IRF3	SRR14800484	q_0.444	0.786022217023375
3465	SPIRE2	SRR14800484	q_0.444	0.877832512912171
3466	CYBB	SRR14800484	q_0.444	0.816139219618848
3467	ASMTL	SRR14800484	q_0.444	0.633278820535822
3468	ETFRF1	SRR14800484	q_0.444	0.854224293901618
3469	PDE7A	SRR14800484	q_0.444	0.936390925442139
3470	CDH24	SRR14800484	q_0.444	0.897803377327894
3471	RELCH	SRR14800484	q_0.444	0.859220896401204
3472	ZFP90	SRR14800484	q_0.444	0.809226854063911
3473	SAR1B	SRR14800484	q_0.444	0.800294506280081
3474	PPP1R2	SRR14800484	q_0.444	0.261690993489251
3475	ENSG00000254706	SRR14800484	q_0.444	0.704141819980048
3476	GSKIP	SRR14800484	q_0.444	0.224448547999357
3477	GDI1	SRR14800484	q_0.444	0.515918719447497
3478	PNPT1	SRR14800484	q_0.444	0.971411232796777
3479	ZNF714	SRR14800484	q_0.444	0.716910971108771
3480	SLC9A7	SRR14800484	q_0.444	0.79287643363912
3481	DNAJC24	SRR14800484	q_0.444	0.89517865874991
3482	TLN2	SRR14800484	q_0.444	0.748473204522683
3483	SRP72	SRR14800484	q_0.444	0.812940558188184
3484	NSA2	SRR14800484	q_0.444	0.485543551833926
3485	THY1	SRR14800484	q_0.444	0.672288727160797
3486	PICALM	SRR14800484	q_0.444	0.83677119460689
3487	GLB1L2	SRR14800484	q_0.444	0.601688692349882
3488	SNHG10	SRR14800484	q_0.444	0.85508863549443
3489	MEF2A	SRR14800484	q_0.444	0.681823032686974
3490	GIPR	SRR14800484	q_0.444	0.557029502306147
3491	LINC02362	SRR14800484	q_0.444	0.820516061166916
3492	ENSG00000274322	SRR14800484	q_0.444	0.562655287835178
3493	ENSG00000291072	SRR14800484	q_0.444	0.870329238941891
3494	A4GALT	SRR14800484	q_0.444	0.697419553277074
3495	EPB41L4A-AS1	SRR14800484	q_0.444	0.803803268908768
3496	NCF1C	SRR14800484	q_0.444	0.894977438959277
3497	FOXJ2	SRR14800483	q_0.444	0.327817017910356
3498	TMEM38A	SRR14800483	q_0.444	0.978569742111904
3499	CCNE1	SRR14800483	q_0.444	0.669462555432348
3500	MCOLN1	SRR14800483	q_0.444	0.890454453702693
3501	FBXO3	SRR14800483	q_0.444	0.959166297913063
3502	SLC25A16	SRR14800483	q_0.444	0.804534588690337
3503	ZNF710	SRR14800483	q_0.444	0.99927607925744
3504	TM7SF2	SRR14800483	q_0.444	0.785825859699063
3505	UBP1	SRR14800483	q_0.444	0.823335411013204
3506	SPICE1	SRR14800483	q_0.444	0.888291734237473
3507	NPY1R	SRR14800483	q_0.444	0
3508	CENPV	SRR14800483	q_0.444	0.92154182619766
3509	METTL26	SRR14800483	q_0.444	0.778301316031998
3510	MCC	SRR14800483	q_0.444	0.60913721232312
3511	REG3A	SRR14800483	q_0.444	0.835261931630045
3512	USP38	SRR14800483	q_0.444	0.978648743684544
3513	CYP2W1	SRR14800483	q_0.444	0.653145671893921
3514	NFKBIB	SRR14800483	q_0.444	0.702486878461937
3515	ING3	SRR14800483	q_0.444	0.989180405854859
3516	HIGD1A	SRR14800483	q_0.444	0.908336182705597
3517	DUOXA2	SRR14800483	q_0.444	0.940995618234031
3518	CCDC149	SRR14800483	q_0.444	0.768318630130555
3519	FAXDC2	SRR14800483	q_0.444	0.480778858056135
3520	THOC6	SRR14800483	q_0.444	0.700145045877122
3521	POLR2J4	SRR14800483	q_0.444	0.9631976918518
3522	SYNM	SRR14800483	q_0.444	0.981341793268992
3523	SPNS2	SRR14800483	q_0.444	0.813935281755272
3524	SRPRA	SRR14800483	q_0.444	0.714946491568654
3525	LINC03040	SRR14800483	q_0.444	0.994523103508005
3526	RAP1GDS1	SRR14800483	q_0.444	0.937511945219039
3527	ZNF493	SRR14800483	q_0.444	0.946507996263512
3528	VRK2	SRR14800483	q_0.444	0.833311966886412
3529	PMEPA1	SRR14800483	q_0.444	0.738203373889312
3530	CXCL12	SRR14800483	q_0.444	0.924264594248008
3531	EXOC1	SRR14800483	q_0.444	0.940843499760349
3532	FAM114A2	SRR14800483	q_0.444	0.804406399918654
3533	ANGEL2	SRR14800483	q_0.444	0.825861390961116
3534	TMEM183A	SRR14800483	q_0.444	0.66989426528329
3535	HDAC2	SRR14800483	q_0.444	0.741628127091247
3536	ATG5	SRR14800483	q_0.444	0.987368263840557
3537	SH3PXD2A	SRR14800483	q_0.444	0.369734805375321
3538	IFIT3	SRR14800483	q_0.444	0.882015162678315
3539	PBX2	SRR14800483	q_0.444	0.740779676121533
3540	IRF3	SRR14800483	q_0.444	0.84717303554388
3541	SPIRE2	SRR14800483	q_0.444	0.920061262632388
3542	CYBB	SRR14800483	q_0.444	0.81633420999797
3543	ASMTL	SRR14800483	q_0.444	0.828700863236777
3544	ETFRF1	SRR14800483	q_0.444	0.636742208714405
3545	PDE7A	SRR14800483	q_0.444	0.905720481991061
3546	CDH24	SRR14800483	q_0.444	0.984754979438976
3547	RELCH	SRR14800483	q_0.444	0.833325470430121
3548	ZFP90	SRR14800483	q_0.444	0.636181376314856
3549	SAR1B	SRR14800483	q_0.444	0.677698709010515
3550	PPP1R2	SRR14800483	q_0.444	0.733997777719143
3551	ENSG00000254706	SRR14800483	q_0.444	0.799700838940916
3552	GSKIP	SRR14800483	q_0.444	0
3553	GDI1	SRR14800483	q_0.444	0.788005782833913
3554	PNPT1	SRR14800483	q_0.444	0.956029275768298
3555	ZNF714	SRR14800483	q_0.444	0.925452930377557
3556	SLC9A7	SRR14800483	q_0.444	0
3557	DNAJC24	SRR14800483	q_0.444	0.915100671722941
3558	TLN2	SRR14800483	q_0.444	0.781939499766324
3559	SRP72	SRR14800483	q_0.444	0.850053830471668
3560	NSA2	SRR14800483	q_0.444	0.533776423142783
3561	THY1	SRR14800483	q_0.444	0.618500471306369
3562	PICALM	SRR14800483	q_0.444	0.75563812389352
3563	GLB1L2	SRR14800483	q_0.444	0.696261057108333
3564	SNHG10	SRR14800483	q_0.444	0.837314121586356
3565	MEF2A	SRR14800483	q_0.444	0.951896807173004
3566	GIPR	SRR14800483	q_0.444	0.385444032948155
3567	LINC02362	SRR14800483	q_0.444	0.953053584403762
3568	ENSG00000274322	SRR14800483	q_0.444	0.475779825414162
3569	ENSG00000291072	SRR14800483	q_0.444	0.795302820757118
3570	A4GALT	SRR14800483	q_0.444	0.737818307130724
3571	EPB41L4A-AS1	SRR14800483	q_0.444	0.801037811277322
3572	NCF1C	SRR14800483	q_0.444	0.891127493158778
3573	FOXJ2	SRR14800482	q_0.444	0.566733701063259
3574	TMEM38A	SRR14800482	q_0.444	0.870383696771797
3575	CCNE1	SRR14800482	q_0.444	0.644779923367957
3576	MCOLN1	SRR14800482	q_0.444	0.430581784833906
3577	FBXO3	SRR14800482	q_0.444	0.943305401881635
3578	SLC25A16	SRR14800482	q_0.444	0.960556566448947
3579	ZNF710	SRR14800482	q_0.444	0.932874268303756
3580	TM7SF2	SRR14800482	q_0.444	0.418343701808219
3581	UBP1	SRR14800482	q_0.444	0.827555373532025
3582	SPICE1	SRR14800482	q_0.444	0.866924094022838
3583	NPY1R	SRR14800482	q_0.444	0.250435823379303
3584	CENPV	SRR14800482	q_0.444	0.903230633439685
3585	METTL26	SRR14800482	q_0.444	0.814952456987925
3586	MCC	SRR14800482	q_0.444	0.795642450958888
3587	REG3A	SRR14800482	q_0.444	0.999224139129855
3588	USP38	SRR14800482	q_0.444	0.935091399012641
3589	CYP2W1	SRR14800482	q_0.444	0.697940046754168
3590	NFKBIB	SRR14800482	q_0.444	0.551145181324839
3591	ING3	SRR14800482	q_0.444	0.955230613594707
3592	HIGD1A	SRR14800482	q_0.444	0.578836617219605
3593	DUOXA2	SRR14800482	q_0.444	0.319351366214738
3594	CCDC149	SRR14800482	q_0.444	0.690563267047007
3595	FAXDC2	SRR14800482	q_0.444	0.69954359782751
3596	THOC6	SRR14800482	q_0.444	0.375006500284428
3597	POLR2J4	SRR14800482	q_0.444	0.914351914162219
3598	SYNM	SRR14800482	q_0.444	0
3599	SPNS2	SRR14800482	q_0.444	0.746922873215112
3600	SRPRA	SRR14800482	q_0.444	0.576937226172218
3601	LINC03040	SRR14800482	q_0.444	0.980343004656273
3602	RAP1GDS1	SRR14800482	q_0.444	0.957344066835827
3603	ZNF493	SRR14800482	q_0.444	0.960263393074608
3604	VRK2	SRR14800482	q_0.444	0.868918836798177
3605	PMEPA1	SRR14800482	q_0.444	0.85050076796005
3606	CXCL12	SRR14800482	q_0.444	0.940267926767265
3607	EXOC1	SRR14800482	q_0.444	0.882035852778686
3608	FAM114A2	SRR14800482	q_0.444	0.83297988524152
3609	ANGEL2	SRR14800482	q_0.444	0.928096527946182
3610	TMEM183A	SRR14800482	q_0.444	0.837607804529379
3611	HDAC2	SRR14800482	q_0.444	0.737374252663691
3612	ATG5	SRR14800482	q_0.444	0.82523892702607
3613	SH3PXD2A	SRR14800482	q_0.444	0.903211582983869
3614	IFIT3	SRR14800482	q_0.444	0.991683753123777
3615	PBX2	SRR14800482	q_0.444	0.465441325407707
3616	IRF3	SRR14800482	q_0.444	0.730894571807563
3617	SPIRE2	SRR14800482	q_0.444	0.829616396658026
3618	CYBB	SRR14800482	q_0.444	0
3619	ASMTL	SRR14800482	q_0.444	0.784951229587891
3620	ETFRF1	SRR14800482	q_0.444	0.846876491349425
3621	PDE7A	SRR14800482	q_0.444	0.910900942082319
3622	CDH24	SRR14800482	q_0.444	0.876653458404094
3623	RELCH	SRR14800482	q_0.444	0.914125416414045
3624	ZFP90	SRR14800482	q_0.444	0.657908731734264
3625	SAR1B	SRR14800482	q_0.444	0.690721615246221
3626	PPP1R2	SRR14800482	q_0.444	0.309604182467442
3627	ENSG00000254706	SRR14800482	q_0.444	0.940662118276592
3628	GSKIP	SRR14800482	q_0.444	0.723816078640976
3629	GDI1	SRR14800482	q_0.444	0.604251838832382
3630	PNPT1	SRR14800482	q_0.444	0.575569122264618
3631	ZNF714	SRR14800482	q_0.444	0.946214571845942
3632	SLC9A7	SRR14800482	q_0.444	0.885668300446513
3633	DNAJC24	SRR14800482	q_0.444	0.808378045693894
3634	TLN2	SRR14800482	q_0.444	0.662615571877745
3635	SRP72	SRR14800482	q_0.444	0.593175953652812
3636	NSA2	SRR14800482	q_0.444	0.885935790495312
3637	THY1	SRR14800482	q_0.444	0.862690970967223
3638	PICALM	SRR14800482	q_0.444	0.778486515633649
3639	GLB1L2	SRR14800482	q_0.444	0.492348735115297
3640	SNHG10	SRR14800482	q_0.444	0.770654946486827
3641	MEF2A	SRR14800482	q_0.444	0.870379177880145
3642	GIPR	SRR14800482	q_0.444	0.996177653398086
3643	LINC02362	SRR14800482	q_0.444	0.63452010850967
3644	ENSG00000274322	SRR14800482	q_0.444	0.843263575740703
3645	ENSG00000291072	SRR14800482	q_0.444	0.922647464496819
3646	A4GALT	SRR14800482	q_0.444	0.718705536675016
3647	EPB41L4A-AS1	SRR14800482	q_0.444	0.898479037713397
3648	NCF1C	SRR14800482	q_0.444	0
3649	FOXJ2	SRR14800481	q_0.667	0.512746280517711
3650	TMEM38A	SRR14800481	q_0.667	0.786671201597398
3651	CCNE1	SRR14800481	q_0.667	0.32256732862376
3652	MCOLN1	SRR14800481	q_0.667	0.309357839075175
3653	FBXO3	SRR14800481	q_0.667	0.943377789103204
3654	SLC25A16	SRR14800481	q_0.667	0.80617866404508
3655	ZNF710	SRR14800481	q_0.667	0.903937193046277
3656	TM7SF2	SRR14800481	q_0.667	0.618351670349417
3657	UBP1	SRR14800481	q_0.667	0.715820066521858
3658	SPICE1	SRR14800481	q_0.667	0.857119547773207
3659	NPY1R	SRR14800481	q_0.667	0.548505485819725
3660	CENPV	SRR14800481	q_0.667	0.936322908840364
3661	METTL26	SRR14800481	q_0.667	0.580431158585634
3662	MCC	SRR14800481	q_0.667	0.164415944520643
3663	REG3A	SRR14800481	q_0.667	NA
3664	USP38	SRR14800481	q_0.667	0.926195252036734
3665	CYP2W1	SRR14800481	q_0.667	0.519564283677246
3666	NFKBIB	SRR14800481	q_0.667	0.97505953922058
3667	ING3	SRR14800481	q_0.667	0.859958473081441
3668	HIGD1A	SRR14800481	q_0.667	0.573451642858905
3669	DUOXA2	SRR14800481	q_0.667	0
3670	CCDC149	SRR14800481	q_0.667	0.477459948177741
3671	FAXDC2	SRR14800481	q_0.667	0.738204103731531
3672	THOC6	SRR14800481	q_0.667	0.479276432695535
3673	POLR2J4	SRR14800481	q_0.667	0.94932636670677
3674	SYNM	SRR14800481	q_0.667	0
3675	SPNS2	SRR14800481	q_0.667	0.94737816490154
3676	SRPRA	SRR14800481	q_0.667	0.42452524143387
3677	LINC03040	SRR14800481	q_0.667	0.464176620918777
3678	RAP1GDS1	SRR14800481	q_0.667	0.716965392197151
3679	ZNF493	SRR14800481	q_0.667	0.984440799784706
3680	VRK2	SRR14800481	q_0.667	0.853254511257154
3681	PMEPA1	SRR14800481	q_0.667	0.794027472051282
3682	CXCL12	SRR14800481	q_0.667	0.602775855017834
3683	EXOC1	SRR14800481	q_0.667	0.706918497849417
3684	FAM114A2	SRR14800481	q_0.667	0.714591340243601
3685	ANGEL2	SRR14800481	q_0.667	0.892921258820027
3686	TMEM183A	SRR14800481	q_0.667	0.765825723047273
3687	HDAC2	SRR14800481	q_0.667	0.537767486389764
3688	ATG5	SRR14800481	q_0.667	0.812214228823384
3689	SH3PXD2A	SRR14800481	q_0.667	0.902890724551353
3690	IFIT3	SRR14800481	q_0.667	0.848707833274644
3691	PBX2	SRR14800481	q_0.667	0.624241666470534
3692	IRF3	SRR14800481	q_0.667	0.765911871779577
3693	SPIRE2	SRR14800481	q_0.667	0.820116314956796
3694	CYBB	SRR14800481	q_0.667	0.781822440870178
3695	ASMTL	SRR14800481	q_0.667	0.554459528101902
3696	ETFRF1	SRR14800481	q_0.667	0.585349306844945
3697	PDE7A	SRR14800481	q_0.667	0.95326080215237
3698	CDH24	SRR14800481	q_0.667	0.97230794479232
3699	RELCH	SRR14800481	q_0.667	0.880033957722315
3700	ZFP90	SRR14800481	q_0.667	0.66428792637736
3701	SAR1B	SRR14800481	q_0.667	0.56974714411725
3702	PPP1R2	SRR14800481	q_0.667	0.453522084324074
3703	ENSG00000254706	SRR14800481	q_0.667	0.939286306594211
3704	GSKIP	SRR14800481	q_0.667	0.596748849969175
3705	GDI1	SRR14800481	q_0.667	0.505746763327352
3706	PNPT1	SRR14800481	q_0.667	0.276451540400092
3707	ZNF714	SRR14800481	q_0.667	0.92755057415425
3708	SLC9A7	SRR14800481	q_0.667	0
3709	DNAJC24	SRR14800481	q_0.667	0.801812066531984
3710	TLN2	SRR14800481	q_0.667	0.790460424421426
3711	SRP72	SRR14800481	q_0.667	0.654651015685016
3712	NSA2	SRR14800481	q_0.667	0.814360954802992
3713	THY1	SRR14800481	q_0.667	0.570925368153611
3714	PICALM	SRR14800481	q_0.667	0.716950967141328
3715	GLB1L2	SRR14800481	q_0.667	0.43652428430797
3716	SNHG10	SRR14800481	q_0.667	0.913325059490255
3717	MEF2A	SRR14800481	q_0.667	0.852000830283619
3718	GIPR	SRR14800481	q_0.667	0.901643313926479
3719	LINC02362	SRR14800481	q_0.667	0.800165689309814
3720	ENSG00000274322	SRR14800481	q_0.667	0.720016030745594
3721	ENSG00000291072	SRR14800481	q_0.667	0.902798994705101
3722	A4GALT	SRR14800481	q_0.667	0.608011278442977
3723	EPB41L4A-AS1	SRR14800481	q_0.667	0.908005779333896
3724	NCF1C	SRR14800481	q_0.667	0.569808198986996
3725	FOXJ2	SRR14800480	q_0.667	0.818075534237494
3726	TMEM38A	SRR14800480	q_0.667	0.6228522917727
3727	CCNE1	SRR14800480	q_0.667	0.6394040053601
3728	MCOLN1	SRR14800480	q_0.667	0.724282565237841
3729	FBXO3	SRR14800480	q_0.667	0.901146666699235
3730	SLC25A16	SRR14800480	q_0.667	0.753735142452324
3731	ZNF710	SRR14800480	q_0.667	0.906520913260605
3732	TM7SF2	SRR14800480	q_0.667	0.546397535203814
3733	UBP1	SRR14800480	q_0.667	0.617993859185693
3734	SPICE1	SRR14800480	q_0.667	0.869678030069742
3735	NPY1R	SRR14800480	q_0.667	0.867149349916634
3736	CENPV	SRR14800480	q_0.667	0.892708590356682
3737	METTL26	SRR14800480	q_0.667	0.619777009624912
3738	MCC	SRR14800480	q_0.667	0.511531997477766
3739	REG3A	SRR14800480	q_0.667	0.987426008735978
3740	USP38	SRR14800480	q_0.667	0.931687662287601
3741	CYP2W1	SRR14800480	q_0.667	0.61059106433808
3742	NFKBIB	SRR14800480	q_0.667	0.699290686722925
3743	ING3	SRR14800480	q_0.667	0.986281249580756
3744	HIGD1A	SRR14800480	q_0.667	0.928648690750131
3745	DUOXA2	SRR14800480	q_0.667	0
3746	CCDC149	SRR14800480	q_0.667	0.956336420693035
3747	FAXDC2	SRR14800480	q_0.667	0.895315589580215
3748	THOC6	SRR14800480	q_0.667	0.505495345635614
3749	POLR2J4	SRR14800480	q_0.667	0.874626480500957
3750	SYNM	SRR14800480	q_0.667	0.999765957619802
3751	SPNS2	SRR14800480	q_0.667	0.835084398252145
3752	SRPRA	SRR14800480	q_0.667	0.506105594177707
3753	LINC03040	SRR14800480	q_0.667	0.556248178351216
3754	RAP1GDS1	SRR14800480	q_0.667	0.746996984642152
3755	ZNF493	SRR14800480	q_0.667	0.944588539510689
3756	VRK2	SRR14800480	q_0.667	0.795755777649008
3757	PMEPA1	SRR14800480	q_0.667	0.726748692729557
3758	CXCL12	SRR14800480	q_0.667	0.628724182875934
3759	EXOC1	SRR14800480	q_0.667	0.544430866963219
3760	FAM114A2	SRR14800480	q_0.667	0.539254244533206
3761	ANGEL2	SRR14800480	q_0.667	0.791463087739551
3762	TMEM183A	SRR14800480	q_0.667	0.816180815847842
3763	HDAC2	SRR14800480	q_0.667	0.741509730488423
3764	ATG5	SRR14800480	q_0.667	0.796719124772921
3765	SH3PXD2A	SRR14800480	q_0.667	0.793561076908648
3766	IFIT3	SRR14800480	q_0.667	0.781334930025246
3767	PBX2	SRR14800480	q_0.667	0.730482143399873
3768	IRF3	SRR14800480	q_0.667	0.844155865069578
3769	SPIRE2	SRR14800480	q_0.667	0.857231066203297
3770	CYBB	SRR14800480	q_0.667	0.645380143802221
3771	ASMTL	SRR14800480	q_0.667	0.333440318506386
3772	ETFRF1	SRR14800480	q_0.667	0.768402221126825
3773	PDE7A	SRR14800480	q_0.667	0.958824575816453
3774	CDH24	SRR14800480	q_0.667	0.421888110724692
3775	RELCH	SRR14800480	q_0.667	0.953573520255321
3776	ZFP90	SRR14800480	q_0.667	0.753710061835058
3777	SAR1B	SRR14800480	q_0.667	0.809503139823177
3778	PPP1R2	SRR14800480	q_0.667	0.304089687080439
3779	ENSG00000254706	SRR14800480	q_0.667	0.478319366629164
3780	GSKIP	SRR14800480	q_0.667	0.502097991722962
3781	GDI1	SRR14800480	q_0.667	0.686767791849006
3782	PNPT1	SRR14800480	q_0.667	0.814148722811705
3783	ZNF714	SRR14800480	q_0.667	0.819321701882778
3784	SLC9A7	SRR14800480	q_0.667	0.581095456816321
3785	DNAJC24	SRR14800480	q_0.667	0.753573562710882
3786	TLN2	SRR14800480	q_0.667	0.891180272488001
3787	SRP72	SRR14800480	q_0.667	0.792795947959754
3788	NSA2	SRR14800480	q_0.667	0.38730619313263
3789	THY1	SRR14800480	q_0.667	0.584855283451178
3790	PICALM	SRR14800480	q_0.667	0.847412879462215
3791	GLB1L2	SRR14800480	q_0.667	0.468886691757688
3792	SNHG10	SRR14800480	q_0.667	0.556839830469898
3793	MEF2A	SRR14800480	q_0.667	0.863590595698042
3794	GIPR	SRR14800480	q_0.667	0.971913618651509
3795	LINC02362	SRR14800480	q_0.667	0.97393433251223
3796	ENSG00000274322	SRR14800480	q_0.667	0.654443172821942
3797	ENSG00000291072	SRR14800480	q_0.667	0.986637322211439
3798	A4GALT	SRR14800480	q_0.667	0.452474780585441
3799	EPB41L4A-AS1	SRR14800480	q_0.667	0.77852713427274
3800	NCF1C	SRR14800480	q_0.667	0.894311408691311
3801	FOXJ2	SRR14800477	q_0.667	0.653154927232205
3802	TMEM38A	SRR14800477	q_0.667	0.534104316854103
3803	CCNE1	SRR14800477	q_0.667	0
3804	MCOLN1	SRR14800477	q_0.667	0.752164646478629
3805	FBXO3	SRR14800477	q_0.667	0.98856585380734
3806	SLC25A16	SRR14800477	q_0.667	0.945557601471959
3807	ZNF710	SRR14800477	q_0.667	0.914828488811157
3808	TM7SF2	SRR14800477	q_0.667	0.646759058966659
3809	UBP1	SRR14800477	q_0.667	0.880296222443047
3810	SPICE1	SRR14800477	q_0.667	0.766908783252515
3811	NPY1R	SRR14800477	q_0.667	0.634084101654833
3812	CENPV	SRR14800477	q_0.667	0.949950627809953
3813	METTL26	SRR14800477	q_0.667	0.753281011809977
3814	MCC	SRR14800477	q_0.667	0.545665056133543
3815	REG3A	SRR14800477	q_0.667	NA
3816	USP38	SRR14800477	q_0.667	0.966052264799338
3817	CYP2W1	SRR14800477	q_0.667	0
3818	NFKBIB	SRR14800477	q_0.667	0.681692022206585
3819	ING3	SRR14800477	q_0.667	0.821532425227666
3820	HIGD1A	SRR14800477	q_0.667	0.838808268913455
3821	DUOXA2	SRR14800477	q_0.667	NA
3822	CCDC149	SRR14800477	q_0.667	0.901078037035528
3823	FAXDC2	SRR14800477	q_0.667	0.847253494815311
3824	THOC6	SRR14800477	q_0.667	0.279653426697212
3825	POLR2J4	SRR14800477	q_0.667	0.896162900242075
3826	SYNM	SRR14800477	q_0.667	0.999989853225877
3827	SPNS2	SRR14800477	q_0.667	0
3828	SRPRA	SRR14800477	q_0.667	0.56287693488789
3829	LINC03040	SRR14800477	q_0.667	0
3830	RAP1GDS1	SRR14800477	q_0.667	0.745414953027859
3831	ZNF493	SRR14800477	q_0.667	0.971408812706665
3832	VRK2	SRR14800477	q_0.667	0.954457124415573
3833	PMEPA1	SRR14800477	q_0.667	0.783060776606858
3834	CXCL12	SRR14800477	q_0.667	0.556058631604704
3835	EXOC1	SRR14800477	q_0.667	0.897042654343059
3836	FAM114A2	SRR14800477	q_0.667	0.758978378187252
3837	ANGEL2	SRR14800477	q_0.667	0.87100877449159
3838	TMEM183A	SRR14800477	q_0.667	0.869500721964798
3839	HDAC2	SRR14800477	q_0.667	0.763460933396062
3840	ATG5	SRR14800477	q_0.667	0.852459640650131
3841	SH3PXD2A	SRR14800477	q_0.667	0.842232441482504
3842	IFIT3	SRR14800477	q_0.667	0
3843	PBX2	SRR14800477	q_0.667	0.798251317447415
3844	IRF3	SRR14800477	q_0.667	0.802768932003099
3845	SPIRE2	SRR14800477	q_0.667	0.831864558032253
3846	CYBB	SRR14800477	q_0.667	0.759053296643537
3847	ASMTL	SRR14800477	q_0.667	0.780148409312937
3848	ETFRF1	SRR14800477	q_0.667	0.517103754302918
3849	PDE7A	SRR14800477	q_0.667	0.936342047386258
3850	CDH24	SRR14800477	q_0.667	0.233440382178335
3851	RELCH	SRR14800477	q_0.667	0.945817967946347
3852	ZFP90	SRR14800477	q_0.667	0.615444134311461
3853	SAR1B	SRR14800477	q_0.667	0.82845245094941
3854	PPP1R2	SRR14800477	q_0.667	0.421846073310654
3855	ENSG00000254706	SRR14800477	q_0.667	0.472679238523489
3856	GSKIP	SRR14800477	q_0.667	0.0658379204018592
3857	GDI1	SRR14800477	q_0.667	0.34384252919361
3858	PNPT1	SRR14800477	q_0.667	0.966390373605614
3859	ZNF714	SRR14800477	q_0.667	0.768589449083712
3860	SLC9A7	SRR14800477	q_0.667	0
3861	DNAJC24	SRR14800477	q_0.667	0.780586054080506
3862	TLN2	SRR14800477	q_0.667	0.79150394398185
3863	SRP72	SRR14800477	q_0.667	0.890678709936516
3864	NSA2	SRR14800477	q_0.667	0.481777173297345
3865	THY1	SRR14800477	q_0.667	0.308730134562169
3866	PICALM	SRR14800477	q_0.667	0.784626332581925
3867	GLB1L2	SRR14800477	q_0.667	0.610461132663455
3868	SNHG10	SRR14800477	q_0.667	0.902917691943521
3869	MEF2A	SRR14800477	q_0.667	0.890651723324762
3870	GIPR	SRR14800477	q_0.667	0.82748678239564
3871	LINC02362	SRR14800477	q_0.667	0.98324922847681
3872	ENSG00000274322	SRR14800477	q_0.667	0.560845549343219
3873	ENSG00000291072	SRR14800477	q_0.667	0.713500192653256
3874	A4GALT	SRR14800477	q_0.667	0.594231166036241
3875	EPB41L4A-AS1	SRR14800477	q_0.667	0.805051468560856
3876	NCF1C	SRR14800477	q_0.667	0.927692670073156
3877	FOXJ2	SRR14800476	q_0.667	0.568651979084499
3878	TMEM38A	SRR14800476	q_0.667	0.900224132390189
3879	CCNE1	SRR14800476	q_0.667	0.896180773830367
3880	MCOLN1	SRR14800476	q_0.667	0.639659563943144
3881	FBXO3	SRR14800476	q_0.667	0.986726187838023
3882	SLC25A16	SRR14800476	q_0.667	0.795909145090254
3883	ZNF710	SRR14800476	q_0.667	0.847014059613706
3884	TM7SF2	SRR14800476	q_0.667	0.546569736526262
3885	UBP1	SRR14800476	q_0.667	0.939122349688382
3886	SPICE1	SRR14800476	q_0.667	0.78041405114523
3887	NPY1R	SRR14800476	q_0.667	0.860682466443013
3888	CENPV	SRR14800476	q_0.667	0.817432164696506
3889	METTL26	SRR14800476	q_0.667	0.656171959350673
3890	MCC	SRR14800476	q_0.667	0.652071776148457
3891	REG3A	SRR14800476	q_0.667	0
3892	USP38	SRR14800476	q_0.667	0.984626941427875
3893	CYP2W1	SRR14800476	q_0.667	0
3894	NFKBIB	SRR14800476	q_0.667	0.777877161622063
3895	ING3	SRR14800476	q_0.667	0.764620043516892
3896	HIGD1A	SRR14800476	q_0.667	0.91070104292234
3897	DUOXA2	SRR14800476	q_0.667	0
3898	CCDC149	SRR14800476	q_0.667	0.771486856183865
3899	FAXDC2	SRR14800476	q_0.667	0.742378561538267
3900	THOC6	SRR14800476	q_0.667	0.255636566510979
3901	POLR2J4	SRR14800476	q_0.667	0.852955902692816
3902	SYNM	SRR14800476	q_0.667	0.995336941361702
3903	SPNS2	SRR14800476	q_0.667	0.610958888218555
3904	SRPRA	SRR14800476	q_0.667	0.619213233291098
3905	LINC03040	SRR14800476	q_0.667	0.586452573095856
3906	RAP1GDS1	SRR14800476	q_0.667	0.672609830050106
3907	ZNF493	SRR14800476	q_0.667	0.952861393402942
3908	VRK2	SRR14800476	q_0.667	0.910878046192826
3909	PMEPA1	SRR14800476	q_0.667	0.842856797812331
3910	CXCL12	SRR14800476	q_0.667	0.55752774018752
3911	EXOC1	SRR14800476	q_0.667	0.717892100358078
3912	FAM114A2	SRR14800476	q_0.667	0.613917451594346
3913	ANGEL2	SRR14800476	q_0.667	0.824358612110014
3914	TMEM183A	SRR14800476	q_0.667	0.910088691558499
3915	HDAC2	SRR14800476	q_0.667	0.883245087476512
3916	ATG5	SRR14800476	q_0.667	0.805389722210019
3917	SH3PXD2A	SRR14800476	q_0.667	0.925054532591978
3918	IFIT3	SRR14800476	q_0.667	0.999986156959561
3919	PBX2	SRR14800476	q_0.667	0.720831055621212
3920	IRF3	SRR14800476	q_0.667	0.849237560694805
3921	SPIRE2	SRR14800476	q_0.667	0.845985865424486
3922	CYBB	SRR14800476	q_0.667	0.682724201780239
3923	ASMTL	SRR14800476	q_0.667	0.527130891194875
3924	ETFRF1	SRR14800476	q_0.667	0.534916993578747
3925	PDE7A	SRR14800476	q_0.667	0.817805333957672
3926	CDH24	SRR14800476	q_0.667	0.561807004389789
3927	RELCH	SRR14800476	q_0.667	0.951200444314172
3928	ZFP90	SRR14800476	q_0.667	0.744449527523816
3929	SAR1B	SRR14800476	q_0.667	0.691316749641017
3930	PPP1R2	SRR14800476	q_0.667	0.365816253593576
3931	ENSG00000254706	SRR14800476	q_0.667	0.888417737773416
3932	GSKIP	SRR14800476	q_0.667	0.523193199810073
3933	GDI1	SRR14800476	q_0.667	0.535073964173121
3934	PNPT1	SRR14800476	q_0.667	0.776781282838791
3935	ZNF714	SRR14800476	q_0.667	0.850515582604002
3936	SLC9A7	SRR14800476	q_0.667	0.962524147856851
3937	DNAJC24	SRR14800476	q_0.667	0.909270030336303
3938	TLN2	SRR14800476	q_0.667	0.875478530428002
3939	SRP72	SRR14800476	q_0.667	0.842173850447666
3940	NSA2	SRR14800476	q_0.667	0.560822670103122
3941	THY1	SRR14800476	q_0.667	0.372263256639041
3942	PICALM	SRR14800476	q_0.667	0.980099237167442
3943	GLB1L2	SRR14800476	q_0.667	0.632196716338268
3944	SNHG10	SRR14800476	q_0.667	0.941138589490671
3945	MEF2A	SRR14800476	q_0.667	0.782677605449195
3946	GIPR	SRR14800476	q_0.667	0.969631227845295
3947	LINC02362	SRR14800476	q_0.667	0.961189331228274
3948	ENSG00000274322	SRR14800476	q_0.667	0.550102602320996
3949	ENSG00000291072	SRR14800476	q_0.667	0.85290773294884
3950	A4GALT	SRR14800476	q_0.667	0.213795802202519
3951	EPB41L4A-AS1	SRR14800476	q_0.667	0.757959718992
3952	NCF1C	SRR14800476	q_0.667	0.559876578402435
3953	FOXJ2	SRR14800475	q_0.667	0.760954209642744
3954	TMEM38A	SRR14800475	q_0.667	0.95325619297571
3955	CCNE1	SRR14800475	q_0.667	0.305504995005469
3956	MCOLN1	SRR14800475	q_0.667	0.720578622769031
3957	FBXO3	SRR14800475	q_0.667	0.91444952620199
3958	SLC25A16	SRR14800475	q_0.667	0.848653277694005
3959	ZNF710	SRR14800475	q_0.667	0.925983822098852
3960	TM7SF2	SRR14800475	q_0.667	0.247954340917728
3961	UBP1	SRR14800475	q_0.667	0.617397599059121
3962	SPICE1	SRR14800475	q_0.667	0.81179325019941
3963	NPY1R	SRR14800475	q_0.667	0.171229914471166
3964	CENPV	SRR14800475	q_0.667	0.796085773830342
3965	METTL26	SRR14800475	q_0.667	0.633484983575206
3966	MCC	SRR14800475	q_0.667	0.627487280225932
3967	REG3A	SRR14800475	q_0.667	0
3968	USP38	SRR14800475	q_0.667	0.82410925642043
3969	CYP2W1	SRR14800475	q_0.667	0
3970	NFKBIB	SRR14800475	q_0.667	0.775425767357695
3971	ING3	SRR14800475	q_0.667	0.694636799664574
3972	HIGD1A	SRR14800475	q_0.667	0.826880216633464
3973	DUOXA2	SRR14800475	q_0.667	0.829619586899789
3974	CCDC149	SRR14800475	q_0.667	0.921616192959419
3975	FAXDC2	SRR14800475	q_0.667	0.848536070968601
3976	THOC6	SRR14800475	q_0.667	0.905988333281411
3977	POLR2J4	SRR14800475	q_0.667	0.954747174664667
3978	SYNM	SRR14800475	q_0.667	0.999804043811663
3979	SPNS2	SRR14800475	q_0.667	0.833934689254827
3980	SRPRA	SRR14800475	q_0.667	0.308891321509182
3981	LINC03040	SRR14800475	q_0.667	0.961000810628608
3982	RAP1GDS1	SRR14800475	q_0.667	0.608851602397944
3983	ZNF493	SRR14800475	q_0.667	0.952882540681177
3984	VRK2	SRR14800475	q_0.667	0.823887339613732
3985	PMEPA1	SRR14800475	q_0.667	0.30347125056544
3986	CXCL12	SRR14800475	q_0.667	0.54120056269763
3987	EXOC1	SRR14800475	q_0.667	0.508202449787548
3988	FAM114A2	SRR14800475	q_0.667	0.630069810034649
3989	ANGEL2	SRR14800475	q_0.667	0.696035527937199
3990	TMEM183A	SRR14800475	q_0.667	0.969866831848941
3991	HDAC2	SRR14800475	q_0.667	0.706800076514357
3992	ATG5	SRR14800475	q_0.667	0.949920536562081
3993	SH3PXD2A	SRR14800475	q_0.667	0.345867359365068
3994	IFIT3	SRR14800475	q_0.667	0.763475668979757
3995	PBX2	SRR14800475	q_0.667	0.563633176732586
3996	IRF3	SRR14800475	q_0.667	0.759310043409802
3997	SPIRE2	SRR14800475	q_0.667	0.709616160593312
3998	CYBB	SRR14800475	q_0.667	0.722209057793381
3999	ASMTL	SRR14800475	q_0.667	0.499227987767412
4000	ETFRF1	SRR14800475	q_0.667	0.475500330168544
4001	PDE7A	SRR14800475	q_0.667	0.955179648190447
4002	CDH24	SRR14800475	q_0.667	0.572623732184102
4003	RELCH	SRR14800475	q_0.667	0.71152180797454
4004	ZFP90	SRR14800475	q_0.667	0.605069231334359
4005	SAR1B	SRR14800475	q_0.667	0.605894757384371
4006	PPP1R2	SRR14800475	q_0.667	0.793935872104935
4007	ENSG00000254706	SRR14800475	q_0.667	0.914480044543316
4008	GSKIP	SRR14800475	q_0.667	0.578230190717296
4009	GDI1	SRR14800475	q_0.667	0.313826901876453
4010	PNPT1	SRR14800475	q_0.667	0.600288934824502
4011	ZNF714	SRR14800475	q_0.667	0.550090207707753
4012	SLC9A7	SRR14800475	q_0.667	0.975385831965458
4013	DNAJC24	SRR14800475	q_0.667	0.640433665932461
4014	TLN2	SRR14800475	q_0.667	0.680620929042192
4015	SRP72	SRR14800475	q_0.667	0.895423718209358
4016	NSA2	SRR14800475	q_0.667	0.526333036856506
4017	THY1	SRR14800475	q_0.667	0.404346693326594
4018	PICALM	SRR14800475	q_0.667	0.875051789092968
4019	GLB1L2	SRR14800475	q_0.667	0.565406051763968
4020	SNHG10	SRR14800475	q_0.667	0.792888284954915
4021	MEF2A	SRR14800475	q_0.667	0.674109871218242
4022	GIPR	SRR14800475	q_0.667	NA
4023	LINC02362	SRR14800475	q_0.667	0.691651760767189
4024	ENSG00000274322	SRR14800475	q_0.667	0
4025	ENSG00000291072	SRR14800475	q_0.667	0.790744502205547
4026	A4GALT	SRR14800475	q_0.667	0.871094465323582
4027	EPB41L4A-AS1	SRR14800475	q_0.667	0.409329709722917
4028	NCF1C	SRR14800475	q_0.667	0.441792333784473
4029	FOXJ2	SRR14800490	q_0.667	0.784077253052248
4030	TMEM38A	SRR14800490	q_0.667	0.99970347211581
4031	CCNE1	SRR14800490	q_0.667	NA
4032	MCOLN1	SRR14800490	q_0.667	0.544043337246169
4033	FBXO3	SRR14800490	q_0.667	0.833009653110068
4034	SLC25A16	SRR14800490	q_0.667	0.809323553657887
4035	ZNF710	SRR14800490	q_0.667	0.934504757648966
4036	TM7SF2	SRR14800490	q_0.667	0.850976079553714
4037	UBP1	SRR14800490	q_0.667	0.766759484051466
4038	SPICE1	SRR14800490	q_0.667	0.827731650746834
4039	NPY1R	SRR14800490	q_0.667	0.729824675597566
4040	CENPV	SRR14800490	q_0.667	0.902595514430807
4041	METTL26	SRR14800490	q_0.667	0.636557750141355
4042	MCC	SRR14800490	q_0.667	0.648233104935385
4043	REG3A	SRR14800490	q_0.667	NA
4044	USP38	SRR14800490	q_0.667	0.821939102257834
4045	CYP2W1	SRR14800490	q_0.667	0
4046	NFKBIB	SRR14800490	q_0.667	0.735334173589346
4047	ING3	SRR14800490	q_0.667	0.861444944656362
4048	HIGD1A	SRR14800490	q_0.667	0.81592661022055
4049	DUOXA2	SRR14800490	q_0.667	NA
4050	CCDC149	SRR14800490	q_0.667	0.921210397948496
4051	FAXDC2	SRR14800490	q_0.667	0.767874357396263
4052	THOC6	SRR14800490	q_0.667	0.485408108049014
4053	POLR2J4	SRR14800490	q_0.667	0.975244702889728
4054	SYNM	SRR14800490	q_0.667	0.992467402348604
4055	SPNS2	SRR14800490	q_0.667	0
4056	SRPRA	SRR14800490	q_0.667	0.634358186239542
4057	LINC03040	SRR14800490	q_0.667	0
4058	RAP1GDS1	SRR14800490	q_0.667	0.656158395299444
4059	ZNF493	SRR14800490	q_0.667	0.940927783562909
4060	VRK2	SRR14800490	q_0.667	0.841510550306281
4061	PMEPA1	SRR14800490	q_0.667	0.26618737707446
4062	CXCL12	SRR14800490	q_0.667	0.657838247041117
4063	EXOC1	SRR14800490	q_0.667	0.733095734259567
4064	FAM114A2	SRR14800490	q_0.667	0.74007410476099
4065	ANGEL2	SRR14800490	q_0.667	0.9144690242527
4066	TMEM183A	SRR14800490	q_0.667	0.841366776369051
4067	HDAC2	SRR14800490	q_0.667	0.713564939798626
4068	ATG5	SRR14800490	q_0.667	0.78523052183338
4069	SH3PXD2A	SRR14800490	q_0.667	0.552014828225788
4070	IFIT3	SRR14800490	q_0.667	0.811698125508958
4071	PBX2	SRR14800490	q_0.667	0.493601244887025
4072	IRF3	SRR14800490	q_0.667	0.722309730153567
4073	SPIRE2	SRR14800490	q_0.667	0.917868233336083
4074	CYBB	SRR14800490	q_0.667	0.621999238484785
4075	ASMTL	SRR14800490	q_0.667	0.518469169536795
4076	ETFRF1	SRR14800490	q_0.667	0.552074981146954
4077	PDE7A	SRR14800490	q_0.667	0.747412073898209
4078	CDH24	SRR14800490	q_0.667	0.474507323030613
4079	RELCH	SRR14800490	q_0.667	0.76066012966526
4080	ZFP90	SRR14800490	q_0.667	0.858700245677526
4081	SAR1B	SRR14800490	q_0.667	0.586662533174433
4082	PPP1R2	SRR14800490	q_0.667	0.643903306205547
4083	ENSG00000254706	SRR14800490	q_0.667	0.517094630721217
4084	GSKIP	SRR14800490	q_0.667	0
4085	GDI1	SRR14800490	q_0.667	0.564549691752576
4086	PNPT1	SRR14800490	q_0.667	0.551604670431424
4087	ZNF714	SRR14800490	q_0.667	0.360548075190638
4088	SLC9A7	SRR14800490	q_0.667	0.430351568597091
4089	DNAJC24	SRR14800490	q_0.667	0.60167887688633
4090	TLN2	SRR14800490	q_0.667	0.812054559630711
4091	SRP72	SRR14800490	q_0.667	0.873888528129329
4092	NSA2	SRR14800490	q_0.667	0.414189070129908
4093	THY1	SRR14800490	q_0.667	0.365276684927644
4094	PICALM	SRR14800490	q_0.667	0.870563433036847
4095	GLB1L2	SRR14800490	q_0.667	0.761850112891209
4096	SNHG10	SRR14800490	q_0.667	0.723452182002449
4097	MEF2A	SRR14800490	q_0.667	0.743235446948837
4098	GIPR	SRR14800490	q_0.667	NA
4099	LINC02362	SRR14800490	q_0.667	0.792484557992557
4100	ENSG00000274322	SRR14800490	q_0.667	0.859740013271005
4101	ENSG00000291072	SRR14800490	q_0.667	0.66055238167182
4102	A4GALT	SRR14800490	q_0.667	0.832229518869695
4103	EPB41L4A-AS1	SRR14800490	q_0.667	0.781903122154464
4104	NCF1C	SRR14800490	q_0.667	0.526532951752509
4105	FOXJ2	SRR14800489	q_0.667	0.735570788019386
4106	TMEM38A	SRR14800489	q_0.667	0.976590776004299
4107	CCNE1	SRR14800489	q_0.667	0.291839727527062
4108	MCOLN1	SRR14800489	q_0.667	0.572036298231289
4109	FBXO3	SRR14800489	q_0.667	0.963758996703839
4110	SLC25A16	SRR14800489	q_0.667	0.685219181229531
4111	ZNF710	SRR14800489	q_0.667	0.94868778874976
4112	TM7SF2	SRR14800489	q_0.667	0.493018012101348
4113	UBP1	SRR14800489	q_0.667	0.788570857227557
4114	SPICE1	SRR14800489	q_0.667	0.650860341197955
4115	NPY1R	SRR14800489	q_0.667	0.680869290809459
4116	CENPV	SRR14800489	q_0.667	0.919607034833978
4117	METTL26	SRR14800489	q_0.667	0.739559921270462
4118	MCC	SRR14800489	q_0.667	0.617067801163583
4119	REG3A	SRR14800489	q_0.667	NA
4120	USP38	SRR14800489	q_0.667	0.938717341996839
4121	CYP2W1	SRR14800489	q_0.667	0
4122	NFKBIB	SRR14800489	q_0.667	0.743937656546737
4123	ING3	SRR14800489	q_0.667	0.961256826124064
4124	HIGD1A	SRR14800489	q_0.667	0.861763490135027
4125	DUOXA2	SRR14800489	q_0.667	0.971619448422718
4126	CCDC149	SRR14800489	q_0.667	0.962057592707714
4127	FAXDC2	SRR14800489	q_0.667	0.819863797654249
4128	THOC6	SRR14800489	q_0.667	0.527473751499655
4129	POLR2J4	SRR14800489	q_0.667	0.84898608593241
4130	SYNM	SRR14800489	q_0.667	0.97857085567793
4131	SPNS2	SRR14800489	q_0.667	0
4132	SRPRA	SRR14800489	q_0.667	0.658831962840713
4133	LINC03040	SRR14800489	q_0.667	0
4134	RAP1GDS1	SRR14800489	q_0.667	0.927908020743977
4135	ZNF493	SRR14800489	q_0.667	0.936617678942418
4136	VRK2	SRR14800489	q_0.667	0.882890531373963
4137	PMEPA1	SRR14800489	q_0.667	0.733016654600269
4138	CXCL12	SRR14800489	q_0.667	0.643650980548037
4139	EXOC1	SRR14800489	q_0.667	0.973110372146302
4140	FAM114A2	SRR14800489	q_0.667	0.840407789283324
4141	ANGEL2	SRR14800489	q_0.667	0.872134245528737
4142	TMEM183A	SRR14800489	q_0.667	0.949737923675425
4143	HDAC2	SRR14800489	q_0.667	0.609126661234649
4144	ATG5	SRR14800489	q_0.667	0.823692754835394
4145	SH3PXD2A	SRR14800489	q_0.667	0.85892960685607
4146	IFIT3	SRR14800489	q_0.667	0.993659523133834
4147	PBX2	SRR14800489	q_0.667	0.634383276673341
4148	IRF3	SRR14800489	q_0.667	0.777659207696838
4149	SPIRE2	SRR14800489	q_0.667	0.904965865825681
4150	CYBB	SRR14800489	q_0.667	0.712150368192669
4151	ASMTL	SRR14800489	q_0.667	0.502791430417881
4152	ETFRF1	SRR14800489	q_0.667	0.612467959813119
4153	PDE7A	SRR14800489	q_0.667	0.722626677704125
4154	CDH24	SRR14800489	q_0.667	0.587688030823227
4155	RELCH	SRR14800489	q_0.667	0.866209469378743
4156	ZFP90	SRR14800489	q_0.667	0.667013271838322
4157	SAR1B	SRR14800489	q_0.667	0.769042534555194
4158	PPP1R2	SRR14800489	q_0.667	0.717266068885224
4159	ENSG00000254706	SRR14800489	q_0.667	0.981608661007371
4160	GSKIP	SRR14800489	q_0.667	0
4161	GDI1	SRR14800489	q_0.667	0.556230278034652
4162	PNPT1	SRR14800489	q_0.667	0.792345305580577
4163	ZNF714	SRR14800489	q_0.667	0.695418431640081
4164	SLC9A7	SRR14800489	q_0.667	0.657920176104405
4165	DNAJC24	SRR14800489	q_0.667	0.850424175431067
4166	TLN2	SRR14800489	q_0.667	0.922260537488919
4167	SRP72	SRR14800489	q_0.667	0.835492004443247
4168	NSA2	SRR14800489	q_0.667	0.473872746437028
4169	THY1	SRR14800489	q_0.667	0.649826426101104
4170	PICALM	SRR14800489	q_0.667	0.877347678036884
4171	GLB1L2	SRR14800489	q_0.667	0.567560916604169
4172	SNHG10	SRR14800489	q_0.667	0.773061168157536
4173	MEF2A	SRR14800489	q_0.667	0.879938847157135
4174	GIPR	SRR14800489	q_0.667	0.961911302154189
4175	LINC02362	SRR14800489	q_0.667	0.980213864273844
4176	ENSG00000274322	SRR14800489	q_0.667	0.424977605600285
4177	ENSG00000291072	SRR14800489	q_0.667	0.959748852279319
4178	A4GALT	SRR14800489	q_0.667	0.376090993993214
4179	EPB41L4A-AS1	SRR14800489	q_0.667	0.608262976186234
4180	NCF1C	SRR14800489	q_0.667	0.891909900117339
4181	FOXJ2	SRR14800488	q_0.667	0.20827446424363
4182	TMEM38A	SRR14800488	q_0.667	0.915187464506605
4183	CCNE1	SRR14800488	q_0.667	0.436894391427626
4184	MCOLN1	SRR14800488	q_0.667	0.49487665193556
4185	FBXO3	SRR14800488	q_0.667	0.829987803451999
4186	SLC25A16	SRR14800488	q_0.667	0.934100118077375
4187	ZNF710	SRR14800488	q_0.667	0.924973136356553
4188	TM7SF2	SRR14800488	q_0.667	0.701996044825975
4189	UBP1	SRR14800488	q_0.667	0.775883814173466
4190	SPICE1	SRR14800488	q_0.667	0.861760180571202
4191	NPY1R	SRR14800488	q_0.667	0.549468189473755
4192	CENPV	SRR14800488	q_0.667	0.937634338446298
4193	METTL26	SRR14800488	q_0.667	0.731167114290844
4194	MCC	SRR14800488	q_0.667	0.727586867011487
4195	REG3A	SRR14800488	q_0.667	0
4196	USP38	SRR14800488	q_0.667	0.837215012770247
4197	CYP2W1	SRR14800488	q_0.667	0
4198	NFKBIB	SRR14800488	q_0.667	0.840226995993935
4199	ING3	SRR14800488	q_0.667	0.816688161488031
4200	HIGD1A	SRR14800488	q_0.667	0.501399704237593
4201	DUOXA2	SRR14800488	q_0.667	0
4202	CCDC149	SRR14800488	q_0.667	0.773549104432589
4203	FAXDC2	SRR14800488	q_0.667	0.719496137643422
4204	THOC6	SRR14800488	q_0.667	0.568526876501528
4205	POLR2J4	SRR14800488	q_0.667	0.87254259409409
4206	SYNM	SRR14800488	q_0.667	0
4207	SPNS2	SRR14800488	q_0.667	0
4208	SRPRA	SRR14800488	q_0.667	0.555991198796
4209	LINC03040	SRR14800488	q_0.667	0.526784899416157
4210	RAP1GDS1	SRR14800488	q_0.667	0.703020849384726
4211	ZNF493	SRR14800488	q_0.667	0.967458099712362
4212	VRK2	SRR14800488	q_0.667	0.926229933512857
4213	PMEPA1	SRR14800488	q_0.667	0.907413068752642
4214	CXCL12	SRR14800488	q_0.667	0.623700277857615
4215	EXOC1	SRR14800488	q_0.667	0.765857349597573
4216	FAM114A2	SRR14800488	q_0.667	0.794350332952648
4217	ANGEL2	SRR14800488	q_0.667	0.942613562073692
4218	TMEM183A	SRR14800488	q_0.667	0.692999910010137
4219	HDAC2	SRR14800488	q_0.667	0.816025099169742
4220	ATG5	SRR14800488	q_0.667	0.84205376002807
4221	SH3PXD2A	SRR14800488	q_0.667	0.80167725571486
4222	IFIT3	SRR14800488	q_0.667	0.993072606319755
4223	PBX2	SRR14800488	q_0.667	0.471266435932475
4224	IRF3	SRR14800488	q_0.667	0.78362514170805
4225	SPIRE2	SRR14800488	q_0.667	0.836567086155091
4226	CYBB	SRR14800488	q_0.667	0.7926704053127
4227	ASMTL	SRR14800488	q_0.667	0.246705998739536
4228	ETFRF1	SRR14800488	q_0.667	0.671856409271258
4229	PDE7A	SRR14800488	q_0.667	0.654544011147948
4230	CDH24	SRR14800488	q_0.667	0.809805669361454
4231	RELCH	SRR14800488	q_0.667	0.742276785980329
4232	ZFP90	SRR14800488	q_0.667	0.614375748192214
4233	SAR1B	SRR14800488	q_0.667	0.605155064984178
4234	PPP1R2	SRR14800488	q_0.667	0.495314513481172
4235	ENSG00000254706	SRR14800488	q_0.667	0.880798415781116
4236	GSKIP	SRR14800488	q_0.667	0.662737398815566
4237	GDI1	SRR14800488	q_0.667	0.55959015764687
4238	PNPT1	SRR14800488	q_0.667	0.360135320095458
4239	ZNF714	SRR14800488	q_0.667	0.657481393161129
4240	SLC9A7	SRR14800488	q_0.667	0.452642325277279
4241	DNAJC24	SRR14800488	q_0.667	0.694884780338121
4242	TLN2	SRR14800488	q_0.667	0.929784882064009
4243	SRP72	SRR14800488	q_0.667	0.538780035689243
4244	NSA2	SRR14800488	q_0.667	0.847217120678665
4245	THY1	SRR14800488	q_0.667	0.801279912367434
4246	PICALM	SRR14800488	q_0.667	0.846820748390093
4247	GLB1L2	SRR14800488	q_0.667	0.570953849784263
4248	SNHG10	SRR14800488	q_0.667	0.841443673388014
4249	MEF2A	SRR14800488	q_0.667	0.753161605570459
4250	GIPR	SRR14800488	q_0.667	0.996141402389893
4251	LINC02362	SRR14800488	q_0.667	0.841925971023236
4252	ENSG00000274322	SRR14800488	q_0.667	0.526310359440031
4253	ENSG00000291072	SRR14800488	q_0.667	0.943843991560796
4254	A4GALT	SRR14800488	q_0.667	0.370077726618853
4255	EPB41L4A-AS1	SRR14800488	q_0.667	0.863697066026348
4256	NCF1C	SRR14800488	q_0.667	0
4257	FOXJ2	SRR14800479	q_0.667	0.38795370401758
4258	TMEM38A	SRR14800479	q_0.667	0.913720276320769
4259	CCNE1	SRR14800479	q_0.667	0.968565676727475
4260	MCOLN1	SRR14800479	q_0.667	0.822248900894041
4261	FBXO3	SRR14800479	q_0.667	0.684558833761751
4262	SLC25A16	SRR14800479	q_0.667	0.691460034636064
4263	ZNF710	SRR14800479	q_0.667	0.812281872209621
4264	TM7SF2	SRR14800479	q_0.667	0.639348751177712
4265	UBP1	SRR14800479	q_0.667	0.870828334507111
4266	SPICE1	SRR14800479	q_0.667	0.927672727993901
4267	NPY1R	SRR14800479	q_0.667	0
4268	CENPV	SRR14800479	q_0.667	0.958792041842165
4269	METTL26	SRR14800479	q_0.667	0.802150771729103
4270	MCC	SRR14800479	q_0.667	0.457035121699232
4271	REG3A	SRR14800479	q_0.667	0.986896302012934
4272	USP38	SRR14800479	q_0.667	0.778573797324074
4273	CYP2W1	SRR14800479	q_0.667	0.548773890676075
4274	NFKBIB	SRR14800479	q_0.667	0.815085825410905
4275	ING3	SRR14800479	q_0.667	0.964461251966269
4276	HIGD1A	SRR14800479	q_0.667	0.743970194800989
4277	DUOXA2	SRR14800479	q_0.667	0.886249966052025
4278	CCDC149	SRR14800479	q_0.667	0.778664438569792
4279	FAXDC2	SRR14800479	q_0.667	0.921684858671378
4280	THOC6	SRR14800479	q_0.667	0.593639978949
4281	POLR2J4	SRR14800479	q_0.667	0.843647576811219
4282	SYNM	SRR14800479	q_0.667	0
4283	SPNS2	SRR14800479	q_0.667	0
4284	SRPRA	SRR14800479	q_0.667	0.65150942821258
4285	LINC03040	SRR14800479	q_0.667	0.966381999173979
4286	RAP1GDS1	SRR14800479	q_0.667	0.764650675592941
4287	ZNF493	SRR14800479	q_0.667	0.915562909061036
4288	VRK2	SRR14800479	q_0.667	0.93326214382038
4289	PMEPA1	SRR14800479	q_0.667	0.698870212982249
4290	CXCL12	SRR14800479	q_0.667	0.551852463286922
4291	EXOC1	SRR14800479	q_0.667	0.564255511794649
4292	FAM114A2	SRR14800479	q_0.667	0.845043785826794
4293	ANGEL2	SRR14800479	q_0.667	0.91595945525261
4294	TMEM183A	SRR14800479	q_0.667	0.596875016709316
4295	HDAC2	SRR14800479	q_0.667	0.800152623298378
4296	ATG5	SRR14800479	q_0.667	0.847739319727447
4297	SH3PXD2A	SRR14800479	q_0.667	0.820908620325307
4298	IFIT3	SRR14800479	q_0.667	0
4299	PBX2	SRR14800479	q_0.667	0.778628367399925
4300	IRF3	SRR14800479	q_0.667	0.709686925239005
4301	SPIRE2	SRR14800479	q_0.667	0.857904552915808
4302	CYBB	SRR14800479	q_0.667	0.52102191357665
4303	ASMTL	SRR14800479	q_0.667	0.59012611920341
4304	ETFRF1	SRR14800479	q_0.667	0.850589591579923
4305	PDE7A	SRR14800479	q_0.667	0.706435399168514
4306	CDH24	SRR14800479	q_0.667	0.756457794122504
4307	RELCH	SRR14800479	q_0.667	0.825811597973068
4308	ZFP90	SRR14800479	q_0.667	0.690107421648828
4309	SAR1B	SRR14800479	q_0.667	0.474143436475398
4310	PPP1R2	SRR14800479	q_0.667	0.355326193885087
4311	ENSG00000254706	SRR14800479	q_0.667	0
4312	GSKIP	SRR14800479	q_0.667	0.645302789878711
4313	GDI1	SRR14800479	q_0.667	0.675975671130079
4314	PNPT1	SRR14800479	q_0.667	0.611237785415231
4315	ZNF714	SRR14800479	q_0.667	0.926543070784978
4316	SLC9A7	SRR14800479	q_0.667	0
4317	DNAJC24	SRR14800479	q_0.667	0.807028199098205
4318	TLN2	SRR14800479	q_0.667	0.800307606717656
4319	SRP72	SRR14800479	q_0.667	0.561522128216393
4320	NSA2	SRR14800479	q_0.667	0.803039867126238
4321	THY1	SRR14800479	q_0.667	0.865988493343417
4322	PICALM	SRR14800479	q_0.667	0.830663383835234
4323	GLB1L2	SRR14800479	q_0.667	0.604276185826024
4324	SNHG10	SRR14800479	q_0.667	0.781733688891387
4325	MEF2A	SRR14800479	q_0.667	0.723751937146176
4326	GIPR	SRR14800479	q_0.667	0.925408455177367
4327	LINC02362	SRR14800479	q_0.667	0.675493804399869
4328	ENSG00000274322	SRR14800479	q_0.667	0.336453455673715
4329	ENSG00000291072	SRR14800479	q_0.667	0.83167477214637
4330	A4GALT	SRR14800479	q_0.667	0.211420035654916
4331	EPB41L4A-AS1	SRR14800479	q_0.667	0.67895064646315
4332	NCF1C	SRR14800479	q_0.667	0
4333	FOXJ2	SRR14800478	q_0.667	0.510879231428799
4334	TMEM38A	SRR14800478	q_0.667	0
4335	CCNE1	SRR14800478	q_0.667	0.796512116977982
4336	MCOLN1	SRR14800478	q_0.667	0.518462078839935
4337	FBXO3	SRR14800478	q_0.667	0.917587071448768
4338	SLC25A16	SRR14800478	q_0.667	0.942810853059024
4339	ZNF710	SRR14800478	q_0.667	0.979145401310023
4340	TM7SF2	SRR14800478	q_0.667	0.583945166619297
4341	UBP1	SRR14800478	q_0.667	0.720911647954738
4342	SPICE1	SRR14800478	q_0.667	0.906170512978251
4343	NPY1R	SRR14800478	q_0.667	0
4344	CENPV	SRR14800478	q_0.667	0.857434044627161
4345	METTL26	SRR14800478	q_0.667	0.901278342876562
4346	MCC	SRR14800478	q_0.667	0.637294296343431
4347	REG3A	SRR14800478	q_0.667	0.99370460995008
4348	USP38	SRR14800478	q_0.667	0.947588940623724
4349	CYP2W1	SRR14800478	q_0.667	0.9929181903143
4350	NFKBIB	SRR14800478	q_0.667	0.600799883636617
4351	ING3	SRR14800478	q_0.667	0.792806601791241
4352	HIGD1A	SRR14800478	q_0.667	0.524363795181914
4353	DUOXA2	SRR14800478	q_0.667	0.338088986588849
4354	CCDC149	SRR14800478	q_0.667	0.749817863515253
4355	FAXDC2	SRR14800478	q_0.667	0.874738053894122
4356	THOC6	SRR14800478	q_0.667	0.439750600443402
4357	POLR2J4	SRR14800478	q_0.667	0.868851509211661
4358	SYNM	SRR14800478	q_0.667	0.99996759749022
4359	SPNS2	SRR14800478	q_0.667	0.653452633915782
4360	SRPRA	SRR14800478	q_0.667	0.35955215590328
4361	LINC03040	SRR14800478	q_0.667	0.97654434615177
4362	RAP1GDS1	SRR14800478	q_0.667	0.884543291149636
4363	ZNF493	SRR14800478	q_0.667	0.943328800793557
4364	VRK2	SRR14800478	q_0.667	0.861379754449445
4365	PMEPA1	SRR14800478	q_0.667	0.899892688619873
4366	CXCL12	SRR14800478	q_0.667	0.828734175316614
4367	EXOC1	SRR14800478	q_0.667	0.801643970131745
4368	FAM114A2	SRR14800478	q_0.667	0.707536820877378
4369	ANGEL2	SRR14800478	q_0.667	0.914806296085552
4370	TMEM183A	SRR14800478	q_0.667	0.956830160999608
4371	HDAC2	SRR14800478	q_0.667	0.704192472916181
4372	ATG5	SRR14800478	q_0.667	0.874613040251343
4373	SH3PXD2A	SRR14800478	q_0.667	0.650532938236867
4374	IFIT3	SRR14800478	q_0.667	0.85817488942268
4375	PBX2	SRR14800478	q_0.667	0.909550979746806
4376	IRF3	SRR14800478	q_0.667	0.828710313347759
4377	SPIRE2	SRR14800478	q_0.667	0.871168964851875
4378	CYBB	SRR14800478	q_0.667	0.569542838125662
4379	ASMTL	SRR14800478	q_0.667	0
4380	ETFRF1	SRR14800478	q_0.667	0.737831977631289
4381	PDE7A	SRR14800478	q_0.667	0.945758003283191
4382	CDH24	SRR14800478	q_0.667	0.867303042641108
4383	RELCH	SRR14800478	q_0.667	0.80886305609832
4384	ZFP90	SRR14800478	q_0.667	0.72670251862276
4385	SAR1B	SRR14800478	q_0.667	0.791523776633345
4386	PPP1R2	SRR14800478	q_0.667	0.557078819273554
4387	ENSG00000254706	SRR14800478	q_0.667	0.857390389899294
4388	GSKIP	SRR14800478	q_0.667	0.53954281427767
4389	GDI1	SRR14800478	q_0.667	0.613640013155939
4390	PNPT1	SRR14800478	q_0.667	0.978146135793668
4391	ZNF714	SRR14800478	q_0.667	0.882550903043162
4392	SLC9A7	SRR14800478	q_0.667	0.553966767800596
4393	DNAJC24	SRR14800478	q_0.667	0.813414892358828
4394	TLN2	SRR14800478	q_0.667	0.67331092206762
4395	SRP72	SRR14800478	q_0.667	0.82871939380146
4396	NSA2	SRR14800478	q_0.667	0.45931668032706
4397	THY1	SRR14800478	q_0.667	0.733811788442491
4398	PICALM	SRR14800478	q_0.667	0.921266727038053
4399	GLB1L2	SRR14800478	q_0.667	0.418987569477059
4400	SNHG10	SRR14800478	q_0.667	0.792701134518352
4401	MEF2A	SRR14800478	q_0.667	0.848209582122383
4402	GIPR	SRR14800478	q_0.667	0.966830860531859
4403	LINC02362	SRR14800478	q_0.667	0.699000185758881
4404	ENSG00000274322	SRR14800478	q_0.667	0.456542081793253
4405	ENSG00000291072	SRR14800478	q_0.667	0.834926848464251
4406	A4GALT	SRR14800478	q_0.667	0.65339675048577
4407	EPB41L4A-AS1	SRR14800478	q_0.667	0.921455111152914
4408	NCF1C	SRR14800478	q_0.667	0
4409	FOXJ2	SRR14800487	q_0.667	0.687198107106245
4410	TMEM38A	SRR14800487	q_0.667	0.837400426558191
4411	CCNE1	SRR14800487	q_0.667	0.759523921418236
4412	MCOLN1	SRR14800487	q_0.667	0.608370013609824
4413	FBXO3	SRR14800487	q_0.667	0.951131923800336
4414	SLC25A16	SRR14800487	q_0.667	0.859808288876969
4415	ZNF710	SRR14800487	q_0.667	0.943965306774287
4416	TM7SF2	SRR14800487	q_0.667	0.407643908783533
4417	UBP1	SRR14800487	q_0.667	0.738018381107276
4418	SPICE1	SRR14800487	q_0.667	0.962629283478057
4419	NPY1R	SRR14800487	q_0.667	0.847624613381546
4420	CENPV	SRR14800487	q_0.667	0.793935862889301
4421	METTL26	SRR14800487	q_0.667	0.88882743790457
4422	MCC	SRR14800487	q_0.667	0.754693833501657
4423	REG3A	SRR14800487	q_0.667	0.999839404863671
4424	USP38	SRR14800487	q_0.667	0.951872991005226
4425	CYP2W1	SRR14800487	q_0.667	0
4426	NFKBIB	SRR14800487	q_0.667	0.515846261686358
4427	ING3	SRR14800487	q_0.667	0.95499779035606
4428	HIGD1A	SRR14800487	q_0.667	0.356491903075377
4429	DUOXA2	SRR14800487	q_0.667	0.746173861669764
4430	CCDC149	SRR14800487	q_0.667	0.83860407677734
4431	FAXDC2	SRR14800487	q_0.667	0.714184485041283
4432	THOC6	SRR14800487	q_0.667	0.256493218887653
4433	POLR2J4	SRR14800487	q_0.667	0.879695379082009
4434	SYNM	SRR14800487	q_0.667	0.997510139411628
4435	SPNS2	SRR14800487	q_0.667	0.46302689964489
4436	SRPRA	SRR14800487	q_0.667	0.361527569206762
4437	LINC03040	SRR14800487	q_0.667	0.905512106400155
4438	RAP1GDS1	SRR14800487	q_0.667	0.799714697515668
4439	ZNF493	SRR14800487	q_0.667	0.939483455939832
4440	VRK2	SRR14800487	q_0.667	0.838326292880478
4441	PMEPA1	SRR14800487	q_0.667	0.551502699141573
4442	CXCL12	SRR14800487	q_0.667	0.697590699423973
4443	EXOC1	SRR14800487	q_0.667	0.93551854474157
4444	FAM114A2	SRR14800487	q_0.667	0.703165474119268
4445	ANGEL2	SRR14800487	q_0.667	0.926080560679549
4446	TMEM183A	SRR14800487	q_0.667	0.817081947018829
4447	HDAC2	SRR14800487	q_0.667	0.785240142864199
4448	ATG5	SRR14800487	q_0.667	0.891646166223636
4449	SH3PXD2A	SRR14800487	q_0.667	0.787667686849354
4450	IFIT3	SRR14800487	q_0.667	0.905310944486287
4451	PBX2	SRR14800487	q_0.667	0.452907149624317
4452	IRF3	SRR14800487	q_0.667	0.617766637319665
4453	SPIRE2	SRR14800487	q_0.667	0.803020911188654
4454	CYBB	SRR14800487	q_0.667	0.624189638701809
4455	ASMTL	SRR14800487	q_0.667	0.408195515383001
4456	ETFRF1	SRR14800487	q_0.667	0.523574315491058
4457	PDE7A	SRR14800487	q_0.667	0.874128247885751
4458	CDH24	SRR14800487	q_0.667	0.549331886369201
4459	RELCH	SRR14800487	q_0.667	0.829415600073355
4460	ZFP90	SRR14800487	q_0.667	0.616983213332765
4461	SAR1B	SRR14800487	q_0.667	0.824820775627542
4462	PPP1R2	SRR14800487	q_0.667	0.59852040321088
4463	ENSG00000254706	SRR14800487	q_0.667	0.593606841776845
4464	GSKIP	SRR14800487	q_0.667	0.124396853396693
4465	GDI1	SRR14800487	q_0.667	0.584865931665724
4466	PNPT1	SRR14800487	q_0.667	0.927643687224318
4467	ZNF714	SRR14800487	q_0.667	0.829362872587013
4468	SLC9A7	SRR14800487	q_0.667	0.839947656880861
4469	DNAJC24	SRR14800487	q_0.667	0.716982750179478
4470	TLN2	SRR14800487	q_0.667	0.730018281119155
4471	SRP72	SRR14800487	q_0.667	0.770515544155494
4472	NSA2	SRR14800487	q_0.667	0.266147392061255
4473	THY1	SRR14800487	q_0.667	0.534409430903144
4474	PICALM	SRR14800487	q_0.667	0.860350619695588
4475	GLB1L2	SRR14800487	q_0.667	0.517370951364419
4476	SNHG10	SRR14800487	q_0.667	0.812876809559838
4477	MEF2A	SRR14800487	q_0.667	0.864103076392628
4478	GIPR	SRR14800487	q_0.667	0.988552539270251
4479	LINC02362	SRR14800487	q_0.667	0.987537389313042
4480	ENSG00000274322	SRR14800487	q_0.667	0.405060779510942
4481	ENSG00000291072	SRR14800487	q_0.667	0.748439878444585
4482	A4GALT	SRR14800487	q_0.667	0.953235640696307
4483	EPB41L4A-AS1	SRR14800487	q_0.667	0.792351443402093
4484	NCF1C	SRR14800487	q_0.667	0.501788045031453
4485	FOXJ2	SRR14800486	q_0.667	0.158565793377795
4486	TMEM38A	SRR14800486	q_0.667	0.977140372366993
4487	CCNE1	SRR14800486	q_0.667	0.734681738285622
4488	MCOLN1	SRR14800486	q_0.667	0.536620512084176
4489	FBXO3	SRR14800486	q_0.667	0.949427975095222
4490	SLC25A16	SRR14800486	q_0.667	0.81052217182696
4491	ZNF710	SRR14800486	q_0.667	0.877922416915779
4492	TM7SF2	SRR14800486	q_0.667	0.321052114541291
4493	UBP1	SRR14800486	q_0.667	0.908097062506258
4494	SPICE1	SRR14800486	q_0.667	0.892571159650923
4495	NPY1R	SRR14800486	q_0.667	0.830498217405437
4496	CENPV	SRR14800486	q_0.667	0.867090933981222
4497	METTL26	SRR14800486	q_0.667	0.560482744886103
4498	MCC	SRR14800486	q_0.667	0.157429345745109
4499	REG3A	SRR14800486	q_0.667	0.741062391651275
4500	USP38	SRR14800486	q_0.667	0.955159692329465
4501	CYP2W1	SRR14800486	q_0.667	0
4502	NFKBIB	SRR14800486	q_0.667	0.889011369593574
4503	ING3	SRR14800486	q_0.667	0.963711794459675
4504	HIGD1A	SRR14800486	q_0.667	0.396920951506704
4505	DUOXA2	SRR14800486	q_0.667	0.525935352668728
4506	CCDC149	SRR14800486	q_0.667	0.913846134543988
4507	FAXDC2	SRR14800486	q_0.667	0.866011969529963
4508	THOC6	SRR14800486	q_0.667	0.384517738232643
4509	POLR2J4	SRR14800486	q_0.667	0.86076717340802
4510	SYNM	SRR14800486	q_0.667	0.999891475835174
4511	SPNS2	SRR14800486	q_0.667	0
4512	SRPRA	SRR14800486	q_0.667	0.549985205461032
4513	LINC03040	SRR14800486	q_0.667	0.924332579212823
4514	RAP1GDS1	SRR14800486	q_0.667	0.888556432854974
4515	ZNF493	SRR14800486	q_0.667	0.834336777808959
4516	VRK2	SRR14800486	q_0.667	0.825679804388555
4517	PMEPA1	SRR14800486	q_0.667	0.695010024973288
4518	CXCL12	SRR14800486	q_0.667	0.830085610097845
4519	EXOC1	SRR14800486	q_0.667	0.866692020411457
4520	FAM114A2	SRR14800486	q_0.667	0.924987808323456
4521	ANGEL2	SRR14800486	q_0.667	0.84975179022529
4522	TMEM183A	SRR14800486	q_0.667	0.85787759704755
4523	HDAC2	SRR14800486	q_0.667	0.882941623745064
4524	ATG5	SRR14800486	q_0.667	0.915889253258529
4525	SH3PXD2A	SRR14800486	q_0.667	0.849809533181546
4526	IFIT3	SRR14800486	q_0.667	0.905237398197176
4527	PBX2	SRR14800486	q_0.667	0.478210305403896
4528	IRF3	SRR14800486	q_0.667	0.872421308822383
4529	SPIRE2	SRR14800486	q_0.667	0.868291422363853
4530	CYBB	SRR14800486	q_0.667	0.789794464585331
4531	ASMTL	SRR14800486	q_0.667	0.873542320849917
4532	ETFRF1	SRR14800486	q_0.667	0.589299885024094
4533	PDE7A	SRR14800486	q_0.667	0.791573571002775
4534	CDH24	SRR14800486	q_0.667	0.517279653004826
4535	RELCH	SRR14800486	q_0.667	0.933589840466286
4536	ZFP90	SRR14800486	q_0.667	0.467737531066118
4537	SAR1B	SRR14800486	q_0.667	0.677507398173679
4538	PPP1R2	SRR14800486	q_0.667	0.34108089437892
4539	ENSG00000254706	SRR14800486	q_0.667	0
4540	GSKIP	SRR14800486	q_0.667	0.549393099049508
4541	GDI1	SRR14800486	q_0.667	0.610134881195712
4542	PNPT1	SRR14800486	q_0.667	0.738079602792111
4543	ZNF714	SRR14800486	q_0.667	0.792173922675508
4544	SLC9A7	SRR14800486	q_0.667	0.600379083050246
4545	DNAJC24	SRR14800486	q_0.667	0.905183590016373
4546	TLN2	SRR14800486	q_0.667	0.87273363960632
4547	SRP72	SRR14800486	q_0.667	0.840906623679072
4548	NSA2	SRR14800486	q_0.667	0.520207215897056
4549	THY1	SRR14800486	q_0.667	0.681394303364892
4550	PICALM	SRR14800486	q_0.667	0.869617218861135
4551	GLB1L2	SRR14800486	q_0.667	0.52066358862553
4552	SNHG10	SRR14800486	q_0.667	0.845832671255665
4553	MEF2A	SRR14800486	q_0.667	0.617895343829182
4554	GIPR	SRR14800486	q_0.667	0.957186120384652
4555	LINC02362	SRR14800486	q_0.667	0.95835373225899
4556	ENSG00000274322	SRR14800486	q_0.667	0.486345996272019
4557	ENSG00000291072	SRR14800486	q_0.667	0.916262597044267
4558	A4GALT	SRR14800486	q_0.667	0.59111257212131
4559	EPB41L4A-AS1	SRR14800486	q_0.667	0.567036694315967
4560	NCF1C	SRR14800486	q_0.667	0.987296937763285
4561	FOXJ2	SRR14800485	q_0.667	0.165041271104559
4562	TMEM38A	SRR14800485	q_0.667	0.800867237687625
4563	CCNE1	SRR14800485	q_0.667	0.363583369275012
4564	MCOLN1	SRR14800485	q_0.667	0.616992115961255
4565	FBXO3	SRR14800485	q_0.667	0.965330644961708
4566	SLC25A16	SRR14800485	q_0.667	0.945472365461462
4567	ZNF710	SRR14800485	q_0.667	0.98748356121072
4568	TM7SF2	SRR14800485	q_0.667	0.0692243634355435
4569	UBP1	SRR14800485	q_0.667	0.789270763028907
4570	SPICE1	SRR14800485	q_0.667	0.928433887614366
4571	NPY1R	SRR14800485	q_0.667	0.538367091534696
4572	CENPV	SRR14800485	q_0.667	0.800350710011858
4573	METTL26	SRR14800485	q_0.667	0.75551520397385
4574	MCC	SRR14800485	q_0.667	0.760710206872235
4575	REG3A	SRR14800485	q_0.667	0.938327745914965
4576	USP38	SRR14800485	q_0.667	0.918728112110919
4577	CYP2W1	SRR14800485	q_0.667	0.577506642106939
4578	NFKBIB	SRR14800485	q_0.667	0.730668412401748
4579	ING3	SRR14800485	q_0.667	0.988262117960973
4580	HIGD1A	SRR14800485	q_0.667	0.573922040879232
4581	DUOXA2	SRR14800485	q_0.667	0.464011885495871
4582	CCDC149	SRR14800485	q_0.667	0.488911174934004
4583	FAXDC2	SRR14800485	q_0.667	0.638018963205097
4584	THOC6	SRR14800485	q_0.667	0.563548186784388
4585	POLR2J4	SRR14800485	q_0.667	0.616512584236011
4586	SYNM	SRR14800485	q_0.667	0.968105359307908
4587	SPNS2	SRR14800485	q_0.667	0.61347771903328
4588	SRPRA	SRR14800485	q_0.667	0.562752413645203
4589	LINC03040	SRR14800485	q_0.667	0.994542892594988
4590	RAP1GDS1	SRR14800485	q_0.667	0.87217764680709
4591	ZNF493	SRR14800485	q_0.667	0.95995602639614
4592	VRK2	SRR14800485	q_0.667	0.876639181443905
4593	PMEPA1	SRR14800485	q_0.667	0.260560646119536
4594	CXCL12	SRR14800485	q_0.667	0.933423929756678
4595	EXOC1	SRR14800485	q_0.667	0.559904815400185
4596	FAM114A2	SRR14800485	q_0.667	0.854246492703979
4597	ANGEL2	SRR14800485	q_0.667	0.947020637040066
4598	TMEM183A	SRR14800485	q_0.667	0.780600553352472
4599	HDAC2	SRR14800485	q_0.667	0.739477746830472
4600	ATG5	SRR14800485	q_0.667	0.908563304011956
4601	SH3PXD2A	SRR14800485	q_0.667	0.85511742697158
4602	IFIT3	SRR14800485	q_0.667	0.988313893280877
4603	PBX2	SRR14800485	q_0.667	0.614059848945078
4604	IRF3	SRR14800485	q_0.667	0.786815006281161
4605	SPIRE2	SRR14800485	q_0.667	0.852798523143744
4606	CYBB	SRR14800485	q_0.667	0.622078136381656
4607	ASMTL	SRR14800485	q_0.667	0.702633073114267
4608	ETFRF1	SRR14800485	q_0.667	0.679907659193364
4609	PDE7A	SRR14800485	q_0.667	0.765974027088499
4610	CDH24	SRR14800485	q_0.667	0.993915775614236
4611	RELCH	SRR14800485	q_0.667	0.841122031980046
4612	ZFP90	SRR14800485	q_0.667	0.609883165645213
4613	SAR1B	SRR14800485	q_0.667	0.677133591073774
4614	PPP1R2	SRR14800485	q_0.667	0.470152019956167
4615	ENSG00000254706	SRR14800485	q_0.667	0.897791803152983
4616	GSKIP	SRR14800485	q_0.667	0.586607320300038
4617	GDI1	SRR14800485	q_0.667	0.641198861973521
4618	PNPT1	SRR14800485	q_0.667	0.808477779083293
4619	ZNF714	SRR14800485	q_0.667	0.868456042700078
4620	SLC9A7	SRR14800485	q_0.667	0.826610220658288
4621	DNAJC24	SRR14800485	q_0.667	0.746760515437364
4622	TLN2	SRR14800485	q_0.667	0.866789128443263
4623	SRP72	SRR14800485	q_0.667	0.86075033982926
4624	NSA2	SRR14800485	q_0.667	0.635338211397949
4625	THY1	SRR14800485	q_0.667	0.628239634745957
4626	PICALM	SRR14800485	q_0.667	0.873857478416085
4627	GLB1L2	SRR14800485	q_0.667	0.575708494276614
4628	SNHG10	SRR14800485	q_0.667	0.688334490310905
4629	MEF2A	SRR14800485	q_0.667	0.646313780718763
4630	GIPR	SRR14800485	q_0.667	0
4631	LINC02362	SRR14800485	q_0.667	0.930448159835421
4632	ENSG00000274322	SRR14800485	q_0.667	0.572749285516953
4633	ENSG00000291072	SRR14800485	q_0.667	0.934415075536457
4634	A4GALT	SRR14800485	q_0.667	0.920623408981184
4635	EPB41L4A-AS1	SRR14800485	q_0.667	0.634261418869649
4636	NCF1C	SRR14800485	q_0.667	0.854019953599202
4637	FOXJ2	SRR14800484	q_0.667	0.601972065705787
4638	TMEM38A	SRR14800484	q_0.667	0.860891727697108
4639	CCNE1	SRR14800484	q_0.667	0.867430150615634
4640	MCOLN1	SRR14800484	q_0.667	0.321357188237956
4641	FBXO3	SRR14800484	q_0.667	0.915644668757389
4642	SLC25A16	SRR14800484	q_0.667	0.962459912103863
4643	ZNF710	SRR14800484	q_0.667	0.906152829646641
4644	TM7SF2	SRR14800484	q_0.667	0.338628076454805
4645	UBP1	SRR14800484	q_0.667	0.68483006530249
4646	SPICE1	SRR14800484	q_0.667	0.865517943118818
4647	NPY1R	SRR14800484	q_0.667	0.685878328380148
4648	CENPV	SRR14800484	q_0.667	0.814812098640223
4649	METTL26	SRR14800484	q_0.667	0.880541662348659
4650	MCC	SRR14800484	q_0.667	0.628422688263737
4651	REG3A	SRR14800484	q_0.667	0.782457120044719
4652	USP38	SRR14800484	q_0.667	0.702742101226287
4653	CYP2W1	SRR14800484	q_0.667	0.842150719876187
4654	NFKBIB	SRR14800484	q_0.667	0.618728751270879
4655	ING3	SRR14800484	q_0.667	0.960043054784785
4656	HIGD1A	SRR14800484	q_0.667	0.762682987136981
4657	DUOXA2	SRR14800484	q_0.667	0.589609714403538
4658	CCDC149	SRR14800484	q_0.667	0.673087309656287
4659	FAXDC2	SRR14800484	q_0.667	0.787764771798436
4660	THOC6	SRR14800484	q_0.667	0.406474021550045
4661	POLR2J4	SRR14800484	q_0.667	0.955935330428056
4662	SYNM	SRR14800484	q_0.667	0.974525554629131
4663	SPNS2	SRR14800484	q_0.667	0
4664	SRPRA	SRR14800484	q_0.667	0.416569886898624
4665	LINC03040	SRR14800484	q_0.667	0.983532005979392
4666	RAP1GDS1	SRR14800484	q_0.667	0.672562183913642
4667	ZNF493	SRR14800484	q_0.667	0.988539847937805
4668	VRK2	SRR14800484	q_0.667	0.936710461008772
4669	PMEPA1	SRR14800484	q_0.667	0.93691663303593
4670	CXCL12	SRR14800484	q_0.667	0.882226621342554
4671	EXOC1	SRR14800484	q_0.667	0.85002151104485
4672	FAM114A2	SRR14800484	q_0.667	0.849063661573834
4673	ANGEL2	SRR14800484	q_0.667	0.905705782570277
4674	TMEM183A	SRR14800484	q_0.667	0.782977840422998
4675	HDAC2	SRR14800484	q_0.667	0.902435515782307
4676	ATG5	SRR14800484	q_0.667	0.945290537163681
4677	SH3PXD2A	SRR14800484	q_0.667	0.80502336435768
4678	IFIT3	SRR14800484	q_0.667	0.911498270191158
4679	PBX2	SRR14800484	q_0.667	0.557579081419765
4680	IRF3	SRR14800484	q_0.667	0.738847238815751
4681	SPIRE2	SRR14800484	q_0.667	0.841164563810472
4682	CYBB	SRR14800484	q_0.667	0.763905470353207
4683	ASMTL	SRR14800484	q_0.667	0.527145865043695
4684	ETFRF1	SRR14800484	q_0.667	0.807108672071081
4685	PDE7A	SRR14800484	q_0.667	0.919269578490524
4686	CDH24	SRR14800484	q_0.667	0.862546453538628
4687	RELCH	SRR14800484	q_0.667	0.86741633937987
4688	ZFP90	SRR14800484	q_0.667	0.819349878814501
4689	SAR1B	SRR14800484	q_0.667	0.749902310502792
4690	PPP1R2	SRR14800484	q_0.667	0.202342275759617
4691	ENSG00000254706	SRR14800484	q_0.667	0.612006581633103
4692	GSKIP	SRR14800484	q_0.667	0.126084369622832
4693	GDI1	SRR14800484	q_0.667	0.39964745769482
4694	PNPT1	SRR14800484	q_0.667	0.962470544596645
4695	ZNF714	SRR14800484	q_0.667	0.741579933059251
4696	SLC9A7	SRR14800484	q_0.667	0.722937447499016
4697	DNAJC24	SRR14800484	q_0.667	0.862357083043038
4698	TLN2	SRR14800484	q_0.667	0.758687149987026
4699	SRP72	SRR14800484	q_0.667	0.77182785579731
4700	NSA2	SRR14800484	q_0.667	0.454433472471086
4701	THY1	SRR14800484	q_0.667	0.594163061510344
4702	PICALM	SRR14800484	q_0.667	0.837960160981299
4703	GLB1L2	SRR14800484	q_0.667	0.494349391465211
4704	SNHG10	SRR14800484	q_0.667	0.822126103429511
4705	MEF2A	SRR14800484	q_0.667	0.666832271189286
4706	GIPR	SRR14800484	q_0.667	0.585561574454144
4707	LINC02362	SRR14800484	q_0.667	0.834157008701708
4708	ENSG00000274322	SRR14800484	q_0.667	0.446139068597515
4709	ENSG00000291072	SRR14800484	q_0.667	0.838088639624692
4710	A4GALT	SRR14800484	q_0.667	0.61832364062871
4711	EPB41L4A-AS1	SRR14800484	q_0.667	0.760955494511721
4712	NCF1C	SRR14800484	q_0.667	0.865964338315661
4713	FOXJ2	SRR14800483	q_0.667	0.329401343464995
4714	TMEM38A	SRR14800483	q_0.667	0.970239642530819
4715	CCNE1	SRR14800483	q_0.667	0.677362186309084
4716	MCOLN1	SRR14800483	q_0.667	0.853133886370974
4717	FBXO3	SRR14800483	q_0.667	0.948938069205762
4718	SLC25A16	SRR14800483	q_0.667	0.812864437926875
4719	ZNF710	SRR14800483	q_0.667	0.999028232059688
4720	TM7SF2	SRR14800483	q_0.667	0.721325490268473
4721	UBP1	SRR14800483	q_0.667	0.778736977571254
4722	SPICE1	SRR14800483	q_0.667	0.857410424816725
4723	NPY1R	SRR14800483	q_0.667	0
4724	CENPV	SRR14800483	q_0.667	0.897902339441649
4725	METTL26	SRR14800483	q_0.667	0.779054774200428
4726	MCC	SRR14800483	q_0.667	0.49904006205838
4727	REG3A	SRR14800483	q_0.667	0.777644669816768
4728	USP38	SRR14800483	q_0.667	0.973758440362814
4729	CYP2W1	SRR14800483	q_0.667	0.550587258944132
4730	NFKBIB	SRR14800483	q_0.667	0.634569164486072
4731	ING3	SRR14800483	q_0.667	0.986581162639823
4732	HIGD1A	SRR14800483	q_0.667	0.88020705005582
4733	DUOXA2	SRR14800483	q_0.667	0.918647338238529
4734	CCDC149	SRR14800483	q_0.667	0.780534886445987
4735	FAXDC2	SRR14800483	q_0.667	0.479018834329854
4736	THOC6	SRR14800483	q_0.667	0.617654604072606
4737	POLR2J4	SRR14800483	q_0.667	0.953713422078021
4738	SYNM	SRR14800483	q_0.667	0.974075641411573
4739	SPNS2	SRR14800483	q_0.667	0.749983742531575
4740	SRPRA	SRR14800483	q_0.667	0.628291461645168
4741	LINC03040	SRR14800483	q_0.667	0.99271853127062
4742	RAP1GDS1	SRR14800483	q_0.667	0.924470232276493
4743	ZNF493	SRR14800483	q_0.667	0.935832397733266
4744	VRK2	SRR14800483	q_0.667	0.790893212084593
4745	PMEPA1	SRR14800483	q_0.667	0.653995217436031
4746	CXCL12	SRR14800483	q_0.667	0.899339139796668
4747	EXOC1	SRR14800483	q_0.667	0.926169073863505
4748	FAM114A2	SRR14800483	q_0.667	0.812878260765247
4749	ANGEL2	SRR14800483	q_0.667	0.831553410994475
4750	TMEM183A	SRR14800483	q_0.667	0.689971689260267
4751	HDAC2	SRR14800483	q_0.667	0.735800690467774
4752	ATG5	SRR14800483	q_0.667	0.984053045213287
4753	SH3PXD2A	SRR14800483	q_0.667	0.329792379736845
4754	IFIT3	SRR14800483	q_0.667	0.839214095518776
4755	PBX2	SRR14800483	q_0.667	0.744820221714009
4756	IRF3	SRR14800483	q_0.667	0.802367666303758
4757	SPIRE2	SRR14800483	q_0.667	0.897542242212622
4758	CYBB	SRR14800483	q_0.667	0.768733223439697
4759	ASMTL	SRR14800483	q_0.667	0.769106165110058
4760	ETFRF1	SRR14800483	q_0.667	0.533469002503137
4761	PDE7A	SRR14800483	q_0.667	0.88805131894662
4762	CDH24	SRR14800483	q_0.667	0.979405287396135
4763	RELCH	SRR14800483	q_0.667	0.834622093980343
4764	ZFP90	SRR14800483	q_0.667	0.602370822488287
4765	SAR1B	SRR14800483	q_0.667	0.65797700842638
4766	PPP1R2	SRR14800483	q_0.667	0.654073896342313
4767	ENSG00000254706	SRR14800483	q_0.667	0.731672781183814
4768	GSKIP	SRR14800483	q_0.667	0
4769	GDI1	SRR14800483	q_0.667	0.719467276001494
4770	PNPT1	SRR14800483	q_0.667	0.945426845112005
4771	ZNF714	SRR14800483	q_0.667	0.909883238634914
4772	SLC9A7	SRR14800483	q_0.667	0
4773	DNAJC24	SRR14800483	q_0.667	0.889160610738902
4774	TLN2	SRR14800483	q_0.667	0.804405600386462
4775	SRP72	SRR14800483	q_0.667	0.811165338167497
4776	NSA2	SRR14800483	q_0.667	0.497479907516101
4777	THY1	SRR14800483	q_0.667	0.521923558041527
4778	PICALM	SRR14800483	q_0.667	0.767034206239353
4779	GLB1L2	SRR14800483	q_0.667	0.609807287149357
4780	SNHG10	SRR14800483	q_0.667	0.802738324681968
4781	MEF2A	SRR14800483	q_0.667	0.938603713195114
4782	GIPR	SRR14800483	q_0.667	0.349674252733679
4783	LINC02362	SRR14800483	q_0.667	0.942086869400326
4784	ENSG00000274322	SRR14800483	q_0.667	0.351836251156471
4785	ENSG00000291072	SRR14800483	q_0.667	0.793966841426977
4786	A4GALT	SRR14800483	q_0.667	0.663532602709703
4787	EPB41L4A-AS1	SRR14800483	q_0.667	0.748649749162604
4788	NCF1C	SRR14800483	q_0.667	0.864194629444647
4789	FOXJ2	SRR14800482	q_0.667	0.55609363056032
4790	TMEM38A	SRR14800482	q_0.667	0.823779058246328
4791	CCNE1	SRR14800482	q_0.667	0.642585888048428
4792	MCOLN1	SRR14800482	q_0.667	0.408510166459089
4793	FBXO3	SRR14800482	q_0.667	0.929951828111991
4794	SLC25A16	SRR14800482	q_0.667	0.951949185955617
4795	ZNF710	SRR14800482	q_0.667	0.909347272697227
4796	TM7SF2	SRR14800482	q_0.667	0.294176734284976
4797	UBP1	SRR14800482	q_0.667	0.785923613528821
4798	SPICE1	SRR14800482	q_0.667	0.831860435301107
4799	NPY1R	SRR14800482	q_0.667	0.22562815955027
4800	CENPV	SRR14800482	q_0.667	0.878441035537272
4801	METTL26	SRR14800482	q_0.667	0.827639572292054
4802	MCC	SRR14800482	q_0.667	0.726474574493594
4803	REG3A	SRR14800482	q_0.667	0.998918369395542
4804	USP38	SRR14800482	q_0.667	0.920375571314749
4805	CYP2W1	SRR14800482	q_0.667	0.604443429811759
4806	NFKBIB	SRR14800482	q_0.667	0.576953322887963
4807	ING3	SRR14800482	q_0.667	0.945921373789199
4808	HIGD1A	SRR14800482	q_0.667	0.490044614707156
4809	DUOXA2	SRR14800482	q_0.667	0.199314825407801
4810	CCDC149	SRR14800482	q_0.667	0.678653183289063
4811	FAXDC2	SRR14800482	q_0.667	0.695774230434782
4812	THOC6	SRR14800482	q_0.667	0.252807652868725
4813	POLR2J4	SRR14800482	q_0.667	0.892974154326019
4814	SYNM	SRR14800482	q_0.667	0
4815	SPNS2	SRR14800482	q_0.667	0.664864499389173
4816	SRPRA	SRR14800482	q_0.667	0.467061459282192
4817	LINC03040	SRR14800482	q_0.667	0.973601201048014
4818	RAP1GDS1	SRR14800482	q_0.667	0.948385703840903
4819	ZNF493	SRR14800482	q_0.667	0.95021347503447
4820	VRK2	SRR14800482	q_0.667	0.829658493521214
4821	PMEPA1	SRR14800482	q_0.667	0.797573815484453
4822	CXCL12	SRR14800482	q_0.667	0.923420897553266
4823	EXOC1	SRR14800482	q_0.667	0.850121375782001
4824	FAM114A2	SRR14800482	q_0.667	0.85013281290574
4825	ANGEL2	SRR14800482	q_0.667	0.913790756434121
4826	TMEM183A	SRR14800482	q_0.667	0.847381521772825
4827	HDAC2	SRR14800482	q_0.667	0.737484764612893
4828	ATG5	SRR14800482	q_0.667	0.802574254023724
4829	SH3PXD2A	SRR14800482	q_0.667	0.87713338247101
4830	IFIT3	SRR14800482	q_0.667	0.98842262304665
4831	PBX2	SRR14800482	q_0.667	0.396260582100098
4832	IRF3	SRR14800482	q_0.667	0.737666431038186
4833	SPIRE2	SRR14800482	q_0.667	0.78020520285841
4834	CYBB	SRR14800482	q_0.667	0
4835	ASMTL	SRR14800482	q_0.667	0.712828733814375
4836	ETFRF1	SRR14800482	q_0.667	0.795957612669661
4837	PDE7A	SRR14800482	q_0.667	0.892974640234051
4838	CDH24	SRR14800482	q_0.667	0.834694987485439
4839	RELCH	SRR14800482	q_0.667	0.899706090597111
4840	ZFP90	SRR14800482	q_0.667	0.68809259867391
4841	SAR1B	SRR14800482	q_0.667	0.677253787169228
4842	PPP1R2	SRR14800482	q_0.667	0.256750359475573
4843	ENSG00000254706	SRR14800482	q_0.667	0.918192811229599
4844	GSKIP	SRR14800482	q_0.667	0.690447595716856
4845	GDI1	SRR14800482	q_0.667	0.507098355105338
4846	PNPT1	SRR14800482	q_0.667	0.613858009918947
4847	ZNF714	SRR14800482	q_0.667	0.929891847333976
4848	SLC9A7	SRR14800482	q_0.667	0.844077686736874
4849	DNAJC24	SRR14800482	q_0.667	0.756231355683954
4850	TLN2	SRR14800482	q_0.667	0.688042894629038
4851	SRP72	SRR14800482	q_0.667	0.564451720844032
4852	NSA2	SRR14800482	q_0.667	0.867166159726597
4853	THY1	SRR14800482	q_0.667	0.823525164545937
4854	PICALM	SRR14800482	q_0.667	0.797004405746815
4855	GLB1L2	SRR14800482	q_0.667	0.37100324089422
4856	SNHG10	SRR14800482	q_0.667	0.716770678230455
4857	MEF2A	SRR14800482	q_0.667	0.837114147546178
4858	GIPR	SRR14800482	q_0.667	0.994912141613265
4859	LINC02362	SRR14800482	q_0.667	0.660634104599461
4860	ENSG00000274322	SRR14800482	q_0.667	0.7880921868527
4861	ENSG00000291072	SRR14800482	q_0.667	0.907161757160697
4862	A4GALT	SRR14800482	q_0.667	0.639258099941648
4863	EPB41L4A-AS1	SRR14800482	q_0.667	0.869764836885394
4864	NCF1C	SRR14800482	q_0.667	0
4865	FOXJ2	SRR14800481	q_0.889	0.489408416348801
4866	TMEM38A	SRR14800481	q_0.889	0.743178267783007
4867	CCNE1	SRR14800481	q_0.889	0.325153556858415
4868	MCOLN1	SRR14800481	q_0.889	0.239077587716079
4869	FBXO3	SRR14800481	q_0.889	0.935774201994608
4870	SLC25A16	SRR14800481	q_0.889	0.818843205180696
4871	ZNF710	SRR14800481	q_0.889	0.885308243231743
4872	TM7SF2	SRR14800481	q_0.889	0.561957652819894
4873	UBP1	SRR14800481	q_0.889	0.696625609380943
4874	SPICE1	SRR14800481	q_0.889	0.836889707439624
4875	NPY1R	SRR14800481	q_0.889	0.481179750825137
4876	CENPV	SRR14800481	q_0.889	0.928253378823948
4877	METTL26	SRR14800481	q_0.889	0.592438816845023
4878	MCC	SRR14800481	q_0.889	0.106498787822831
4879	REG3A	SRR14800481	q_0.889	NA
4880	USP38	SRR14800481	q_0.889	0.922599722949144
4881	CYP2W1	SRR14800481	q_0.889	0.444731358152499
4882	NFKBIB	SRR14800481	q_0.889	0.970766189706171
4883	ING3	SRR14800481	q_0.889	0.878699375242302
4884	HIGD1A	SRR14800481	q_0.889	0.529091943243465
4885	DUOXA2	SRR14800481	q_0.889	0
4886	CCDC149	SRR14800481	q_0.889	0.479844463563018
4887	FAXDC2	SRR14800481	q_0.889	0.712137073934239
4888	THOC6	SRR14800481	q_0.889	0.41030442178567
4889	POLR2J4	SRR14800481	q_0.889	0.944442688257184
4890	SYNM	SRR14800481	q_0.889	0
4891	SPNS2	SRR14800481	q_0.889	0.935320864999943
4892	SRPRA	SRR14800481	q_0.889	0.355621543182898
4893	LINC03040	SRR14800481	q_0.889	0.460523592211471
4894	RAP1GDS1	SRR14800481	q_0.889	0.709608483137025
4895	ZNF493	SRR14800481	q_0.889	0.982791631415549
4896	VRK2	SRR14800481	q_0.889	0.83333905872124
4897	PMEPA1	SRR14800481	q_0.889	0.751785687388268
4898	CXCL12	SRR14800481	q_0.889	0.541340663915724
4899	EXOC1	SRR14800481	q_0.889	0.704513312410151
4900	FAM114A2	SRR14800481	q_0.889	0.71573525226709
4901	ANGEL2	SRR14800481	q_0.889	0.888923836136087
4902	TMEM183A	SRR14800481	q_0.889	0.763025545787475
4903	HDAC2	SRR14800481	q_0.889	0.584903277589591
4904	ATG5	SRR14800481	q_0.889	0.796434735532799
4905	SH3PXD2A	SRR14800481	q_0.889	0.888159819979797
4906	IFIT3	SRR14800481	q_0.889	0.816347137370826
4907	PBX2	SRR14800481	q_0.889	0.583835568871146
4908	IRF3	SRR14800481	q_0.889	0.777823390615579
4909	SPIRE2	SRR14800481	q_0.889	0.799741221191959
4910	CYBB	SRR14800481	q_0.889	0.74119264536936
4911	ASMTL	SRR14800481	q_0.889	0.482014224719023
4912	ETFRF1	SRR14800481	q_0.889	0.535488699758828
4913	PDE7A	SRR14800481	q_0.889	0.948544005555437
4914	CDH24	SRR14800481	q_0.889	0.966888587710009
4915	RELCH	SRR14800481	q_0.889	0.876884225150371
4916	ZFP90	SRR14800481	q_0.889	0.691725204647634
4917	SAR1B	SRR14800481	q_0.889	0.543228801486362
4918	PPP1R2	SRR14800481	q_0.889	0.37879588956153
4919	ENSG00000254706	SRR14800481	q_0.889	0.925448958801338
4920	GSKIP	SRR14800481	q_0.889	0.593077663122843
4921	GDI1	SRR14800481	q_0.889	0.440510041066718
4922	PNPT1	SRR14800481	q_0.889	0.28885307214754
4923	ZNF714	SRR14800481	q_0.889	0.919289986048941
4924	SLC9A7	SRR14800481	q_0.889	0
4925	DNAJC24	SRR14800481	q_0.889	0.774191014368004
4926	TLN2	SRR14800481	q_0.889	0.795329051626169
4927	SRP72	SRR14800481	q_0.889	0.652471740709794
4928	NSA2	SRR14800481	q_0.889	0.815820539958163
4929	THY1	SRR14800481	q_0.889	0.594917789840854
4930	PICALM	SRR14800481	q_0.889	0.727933945879605
4931	GLB1L2	SRR14800481	q_0.889	0.37614927489981
4932	SNHG10	SRR14800481	q_0.889	0.904453571356771
4933	MEF2A	SRR14800481	q_0.889	0.834809555669221
4934	GIPR	SRR14800481	q_0.889	0.885488549483542
4935	LINC02362	SRR14800481	q_0.889	0.809107951217694
4936	ENSG00000274322	SRR14800481	q_0.889	0.666066723866607
4937	ENSG00000291072	SRR14800481	q_0.889	0.89690466542518
4938	A4GALT	SRR14800481	q_0.889	0.546951496639884
4939	EPB41L4A-AS1	SRR14800481	q_0.889	0.901349792763953
4940	NCF1C	SRR14800481	q_0.889	0.593478171502993
4941	FOXJ2	SRR14800480	q_0.889	0.793584082229868
4942	TMEM38A	SRR14800480	q_0.889	0.556674392238578
4943	CCNE1	SRR14800480	q_0.889	0.64841612335461
4944	MCOLN1	SRR14800480	q_0.889	0.679285975900378
4945	FBXO3	SRR14800480	q_0.889	0.888415470878728
4946	SLC25A16	SRR14800480	q_0.889	0.759279132962559
4947	ZNF710	SRR14800480	q_0.889	0.888410151228264
4948	TM7SF2	SRR14800480	q_0.889	0.479711421141561
4949	UBP1	SRR14800480	q_0.889	0.62283998831262
4950	SPICE1	SRR14800480	q_0.889	0.849788886233655
4951	NPY1R	SRR14800480	q_0.889	0.850642551717069
4952	CENPV	SRR14800480	q_0.889	0.881060665115855
4953	METTL26	SRR14800480	q_0.889	0.63803844259025
4954	MCC	SRR14800480	q_0.889	0.436231043853094
4955	REG3A	SRR14800480	q_0.889	0.98446993958249
4956	USP38	SRR14800480	q_0.889	0.927930140917008
4957	CYP2W1	SRR14800480	q_0.889	0.543140987510933
4958	NFKBIB	SRR14800480	q_0.889	0.666614093817519
4959	ING3	SRR14800480	q_0.889	0.984820971108463
4960	HIGD1A	SRR14800480	q_0.889	0.917970412307855
4961	DUOXA2	SRR14800480	q_0.889	0
4962	CCDC149	SRR14800480	q_0.889	0.949913412799099
4963	FAXDC2	SRR14800480	q_0.889	0.886784551290824
4964	THOC6	SRR14800480	q_0.889	0.447759767050913
4965	POLR2J4	SRR14800480	q_0.889	0.889593462322999
4966	SYNM	SRR14800480	q_0.889	0.999710511258581
4967	SPNS2	SRR14800480	q_0.889	0.800167450343421
4968	SRPRA	SRR14800480	q_0.889	0.434948712451468
4969	LINC03040	SRR14800480	q_0.889	0.576057850701081
4970	RAP1GDS1	SRR14800480	q_0.889	0.768681185333474
4971	ZNF493	SRR14800480	q_0.889	0.939613983594464
4972	VRK2	SRR14800480	q_0.889	0.780236377101799
4973	PMEPA1	SRR14800480	q_0.889	0.673781950752253
4974	CXCL12	SRR14800480	q_0.889	0.588432835099451
4975	EXOC1	SRR14800480	q_0.889	0.564528197783179
4976	FAM114A2	SRR14800480	q_0.889	0.586835647740337
4977	ANGEL2	SRR14800480	q_0.889	0.801948047704555
4978	TMEM183A	SRR14800480	q_0.889	0.826210955793263
4979	HDAC2	SRR14800480	q_0.889	0.746378699593361
4980	ATG5	SRR14800480	q_0.889	0.77588649589974
4981	SH3PXD2A	SRR14800480	q_0.889	0.756624532623551
4982	IFIT3	SRR14800480	q_0.889	0.736946253609653
4983	PBX2	SRR14800480	q_0.889	0.73596465068431
4984	IRF3	SRR14800480	q_0.889	0.819660295087179
4985	SPIRE2	SRR14800480	q_0.889	0.837825399316337
4986	CYBB	SRR14800480	q_0.889	0.592847764343726
4987	ASMTL	SRR14800480	q_0.889	0.256617982505605
4988	ETFRF1	SRR14800480	q_0.889	0.726832420650011
4989	PDE7A	SRR14800480	q_0.889	0.955174483109052
4990	CDH24	SRR14800480	q_0.889	0.409186784234094
4991	RELCH	SRR14800480	q_0.889	0.949368321700099
4992	ZFP90	SRR14800480	q_0.889	0.757804481551632
4993	SAR1B	SRR14800480	q_0.889	0.793106182679904
4994	PPP1R2	SRR14800480	q_0.889	0.272828506628255
4995	ENSG00000254706	SRR14800480	q_0.889	0.401419649556972
4996	GSKIP	SRR14800480	q_0.889	0.507509423267068
4997	GDI1	SRR14800480	q_0.889	0.632052999944029
4998	PNPT1	SRR14800480	q_0.889	0.834669471670182
4999	ZNF714	SRR14800480	q_0.889	0.817250974067813
5000	SLC9A7	SRR14800480	q_0.889	0.510847869759495
5001	DNAJC24	SRR14800480	q_0.889	0.72104111754394
5002	TLN2	SRR14800480	q_0.889	0.880539437344981
5003	SRP72	SRR14800480	q_0.889	0.777446956240585
5004	NSA2	SRR14800480	q_0.889	0.345119902394317
5005	THY1	SRR14800480	q_0.889	0.612923997139661
5006	PICALM	SRR14800480	q_0.889	0.854440519322484
5007	GLB1L2	SRR14800480	q_0.889	0.394843433755409
5008	SNHG10	SRR14800480	q_0.889	0.544935464533344
5009	MEF2A	SRR14800480	q_0.889	0.846910300148162
5010	GIPR	SRR14800480	q_0.889	0.966487432611692
5011	LINC02362	SRR14800480	q_0.889	0.970482590147353
5012	ENSG00000274322	SRR14800480	q_0.889	0.591829898039057
5013	ENSG00000291072	SRR14800480	q_0.889	0.985371553649218
5014	A4GALT	SRR14800480	q_0.889	0.420007260382178
5015	EPB41L4A-AS1	SRR14800480	q_0.889	0.795850517479562
5016	NCF1C	SRR14800480	q_0.889	0.879317734451529
5017	FOXJ2	SRR14800477	q_0.889	0.664261967395389
5018	TMEM38A	SRR14800477	q_0.889	0.460197008349169
5019	CCNE1	SRR14800477	q_0.889	0
5020	MCOLN1	SRR14800477	q_0.889	0.707750972255443
5021	FBXO3	SRR14800477	q_0.889	0.98769335909123
5022	SLC25A16	SRR14800477	q_0.889	0.941096880236142
5023	ZNF710	SRR14800477	q_0.889	0.89896135774741
5024	TM7SF2	SRR14800477	q_0.889	0.592116352343403
5025	UBP1	SRR14800477	q_0.889	0.864297923437794
5026	SPICE1	SRR14800477	q_0.889	0.74213927725732
5027	NPY1R	SRR14800477	q_0.889	0.640133469597064
5028	CENPV	SRR14800477	q_0.889	0.943586541347288
5029	METTL26	SRR14800477	q_0.889	0.762275777016503
5030	MCC	SRR14800477	q_0.889	0.472564597471997
5031	REG3A	SRR14800477	q_0.889	NA
5032	USP38	SRR14800477	q_0.889	0.962359698309407
5033	CYP2W1	SRR14800477	q_0.889	0
5034	NFKBIB	SRR14800477	q_0.889	0.6355642620739
5035	ING3	SRR14800477	q_0.889	0.836491857990957
5036	HIGD1A	SRR14800477	q_0.889	0.812060478418167
5037	DUOXA2	SRR14800477	q_0.889	NA
5038	CCDC149	SRR14800477	q_0.889	0.887661645361958
5039	FAXDC2	SRR14800477	q_0.889	0.835475622844797
5040	THOC6	SRR14800477	q_0.889	0.224259387490566
5041	POLR2J4	SRR14800477	q_0.889	0.884330217108012
5042	SYNM	SRR14800477	q_0.889	0.999987449047636
5043	SPNS2	SRR14800477	q_0.889	0
5044	SRPRA	SRR14800477	q_0.889	0.495670077370774
5045	LINC03040	SRR14800477	q_0.889	0
5046	RAP1GDS1	SRR14800477	q_0.889	0.762045766680279
5047	ZNF493	SRR14800477	q_0.889	0.968893735818504
5048	VRK2	SRR14800477	q_0.889	0.948538869536559
5049	PMEPA1	SRR14800477	q_0.889	0.738960705877177
5050	CXCL12	SRR14800477	q_0.889	0.496468537617888
5051	EXOC1	SRR14800477	q_0.889	0.885194073003498
5052	FAM114A2	SRR14800477	q_0.889	0.760398019898106
5053	ANGEL2	SRR14800477	q_0.889	0.872090049104465
5054	TMEM183A	SRR14800477	q_0.889	0.884263110587387
5055	HDAC2	SRR14800477	q_0.889	0.77312621821765
5056	ATG5	SRR14800477	q_0.889	0.836889977077906
5057	SH3PXD2A	SRR14800477	q_0.889	0.815943876012545
5058	IFIT3	SRR14800477	q_0.889	0
5059	PBX2	SRR14800477	q_0.889	0.816368486290547
5060	IRF3	SRR14800477	q_0.889	0.776411383032492
5061	SPIRE2	SRR14800477	q_0.889	0.806718069020888
5062	CYBB	SRR14800477	q_0.889	0.726460642735874
5063	ASMTL	SRR14800477	q_0.889	0.735561924060135
5064	ETFRF1	SRR14800477	q_0.889	0.446289794666517
5065	PDE7A	SRR14800477	q_0.889	0.930965897529944
5066	CDH24	SRR14800477	q_0.889	0.196601544434522
5067	RELCH	SRR14800477	q_0.889	0.944687908415674
5068	ZFP90	SRR14800477	q_0.889	0.634716853499038
5069	SAR1B	SRR14800477	q_0.889	0.811147320636339
5070	PPP1R2	SRR14800477	q_0.889	0.409136333446208
5071	ENSG00000254706	SRR14800477	q_0.889	0.395563167571765
5072	GSKIP	SRR14800477	q_0.889	0.0406759968667524
5073	GDI1	SRR14800477	q_0.889	0.317661882401942
5074	PNPT1	SRR14800477	q_0.889	0.962839548980977
5075	ZNF714	SRR14800477	q_0.889	0.736738854360332
5076	SLC9A7	SRR14800477	q_0.889	0
5077	DNAJC24	SRR14800477	q_0.889	0.759102655645079
5078	TLN2	SRR14800477	q_0.889	0.81230314267698
5079	SRP72	SRR14800477	q_0.889	0.877197122273064
5080	NSA2	SRR14800477	q_0.889	0.45278598224287
5081	THY1	SRR14800477	q_0.889	0.277994559056407
5082	PICALM	SRR14800477	q_0.889	0.803947347370139
5083	GLB1L2	SRR14800477	q_0.889	0.546716947382139
5084	SNHG10	SRR14800477	q_0.889	0.891174524288059
5085	MEF2A	SRR14800477	q_0.889	0.874726992590087
5086	GIPR	SRR14800477	q_0.889	0.810862400641732
5087	LINC02362	SRR14800477	q_0.889	0.981463283809464
5088	ENSG00000274322	SRR14800477	q_0.889	0.488898107459873
5089	ENSG00000291072	SRR14800477	q_0.889	0.721905010665209
5090	A4GALT	SRR14800477	q_0.889	0.600793591465363
5091	EPB41L4A-AS1	SRR14800477	q_0.889	0.779884661610724
5092	NCF1C	SRR14800477	q_0.889	0.916040737774786
5093	FOXJ2	SRR14800476	q_0.889	0.566088188516938
5094	TMEM38A	SRR14800476	q_0.889	0.87807879640812
5095	CCNE1	SRR14800476	q_0.889	0.880106464336441
5096	MCOLN1	SRR14800476	q_0.889	0.585167413785877
5097	FBXO3	SRR14800476	q_0.889	0.98556389989518
5098	SLC25A16	SRR14800476	q_0.889	0.804854040149545
5099	ZNF710	SRR14800476	q_0.889	0.817703410614552
5100	TM7SF2	SRR14800476	q_0.889	0.476968673208076
5101	UBP1	SRR14800476	q_0.889	0.931048332768166
5102	SPICE1	SRR14800476	q_0.889	0.758179068884009
5103	NPY1R	SRR14800476	q_0.889	0.840568585622667
5104	CENPV	SRR14800476	q_0.889	0.798729402745176
5105	METTL26	SRR14800476	q_0.889	0.681333088569552
5106	MCC	SRR14800476	q_0.889	0.589176805962109
5107	REG3A	SRR14800476	q_0.889	0
5108	USP38	SRR14800476	q_0.889	0.983372120732811
5109	CYP2W1	SRR14800476	q_0.889	0
5110	NFKBIB	SRR14800476	q_0.889	0.738273357997077
5111	ING3	SRR14800476	q_0.889	0.76511567336316
5112	HIGD1A	SRR14800476	q_0.889	0.893718229334468
5113	DUOXA2	SRR14800476	q_0.889	0
5114	CCDC149	SRR14800476	q_0.889	0.783785445128555
5115	FAXDC2	SRR14800476	q_0.889	0.720450579209051
5116	THOC6	SRR14800476	q_0.889	0.22003508873923
5117	POLR2J4	SRR14800476	q_0.889	0.86436603416598
5118	SYNM	SRR14800476	q_0.889	0.994235257585594
5119	SPNS2	SRR14800476	q_0.889	0.543546053410585
5120	SRPRA	SRR14800476	q_0.889	0.556397012730634
5121	LINC03040	SRR14800476	q_0.889	0.614995242901116
5122	RAP1GDS1	SRR14800476	q_0.889	0.708205415594838
5123	ZNF493	SRR14800476	q_0.889	0.949248805704454
5124	VRK2	SRR14800476	q_0.889	0.908152306357991
5125	PMEPA1	SRR14800476	q_0.889	0.809390670502726
5126	CXCL12	SRR14800476	q_0.889	0.523489766575117
5127	EXOC1	SRR14800476	q_0.889	0.727108424912756
5128	FAM114A2	SRR14800476	q_0.889	0.63001949138522
5129	ANGEL2	SRR14800476	q_0.889	0.820115588021691
5130	TMEM183A	SRR14800476	q_0.889	0.905425159023287
5131	HDAC2	SRR14800476	q_0.889	0.878960978068127
5132	ATG5	SRR14800476	q_0.889	0.792499790329601
5133	SH3PXD2A	SRR14800476	q_0.889	0.9114901972445
5134	IFIT3	SRR14800476	q_0.889	0.999982876994901
5135	PBX2	SRR14800476	q_0.889	0.729337848257352
5136	IRF3	SRR14800476	q_0.889	0.825044065134957
5137	SPIRE2	SRR14800476	q_0.889	0.829315903483321
5138	CYBB	SRR14800476	q_0.889	0.64216060723229
5139	ASMTL	SRR14800476	q_0.889	0.452767147564612
5140	ETFRF1	SRR14800476	q_0.889	0.465537862336545
5141	PDE7A	SRR14800476	q_0.889	0.828786916101555
5142	CDH24	SRR14800476	q_0.889	0.583187165350316
5143	RELCH	SRR14800476	q_0.889	0.947777097064121
5144	ZFP90	SRR14800476	q_0.889	0.752786845642153
5145	SAR1B	SRR14800476	q_0.889	0.646153380025305
5146	PPP1R2	SRR14800476	q_0.889	0.342981426033422
5147	ENSG00000254706	SRR14800476	q_0.889	0.863855723404029
5148	GSKIP	SRR14800476	q_0.889	0.534016082223892
5149	GDI1	SRR14800476	q_0.889	0.474387896968441
5150	PNPT1	SRR14800476	q_0.889	0.790851543816603
5151	ZNF714	SRR14800476	q_0.889	0.836876886878611
5152	SLC9A7	SRR14800476	q_0.889	0.9538522194329
5153	DNAJC24	SRR14800476	q_0.889	0.897835616036607
5154	TLN2	SRR14800476	q_0.889	0.884798594786371
5155	SRP72	SRR14800476	q_0.889	0.824308473166331
5156	NSA2	SRR14800476	q_0.889	0.521227274529685
5157	THY1	SRR14800476	q_0.889	0.350479128132927
5158	PICALM	SRR14800476	q_0.889	0.978641836033317
5159	GLB1L2	SRR14800476	q_0.889	0.572301661744926
5160	SNHG10	SRR14800476	q_0.889	0.932959809414827
5161	MEF2A	SRR14800476	q_0.889	0.758635771323506
5162	GIPR	SRR14800476	q_0.889	0.9645671805641
5163	LINC02362	SRR14800476	q_0.889	0.957190461268712
5164	ENSG00000274322	SRR14800476	q_0.889	0.477328289491536
5165	ENSG00000291072	SRR14800476	q_0.889	0.846610761183509
5166	A4GALT	SRR14800476	q_0.889	0.195408151999341
5167	EPB41L4A-AS1	SRR14800476	q_0.889	0.771513934412865
5168	NCF1C	SRR14800476	q_0.889	0.580709452407463
5169	FOXJ2	SRR14800475	q_0.889	0.743219476932593
5170	TMEM38A	SRR14800475	q_0.889	0.942504467482663
5171	CCNE1	SRR14800475	q_0.889	0.304006156249622
5172	MCOLN1	SRR14800475	q_0.889	0.672304796107825
5173	FBXO3	SRR14800475	q_0.889	0.906567023032966
5174	SLC25A16	SRR14800475	q_0.889	0.865352457764622
5175	ZNF710	SRR14800475	q_0.889	0.911823697060487
5176	TM7SF2	SRR14800475	q_0.889	0.21186820758235
5177	UBP1	SRR14800475	q_0.889	0.601718946964566
5178	SPICE1	SRR14800475	q_0.889	0.791806139863674
5179	NPY1R	SRR14800475	q_0.889	0.148397287175159
5180	CENPV	SRR14800475	q_0.889	0.776268095336628
5181	METTL26	SRR14800475	q_0.889	0.627515101052744
5182	MCC	SRR14800475	q_0.889	0.561806682343036
5183	REG3A	SRR14800475	q_0.889	0
5184	USP38	SRR14800475	q_0.889	0.832613253606382
5185	CYP2W1	SRR14800475	q_0.889	0
5186	NFKBIB	SRR14800475	q_0.889	0.73380077384384
5187	ING3	SRR14800475	q_0.889	0.726500773717771
5188	HIGD1A	SRR14800475	q_0.889	0.810851413247703
5189	DUOXA2	SRR14800475	q_0.889	0.793694660610833
5190	CCDC149	SRR14800475	q_0.889	0.909755277269861
5191	FAXDC2	SRR14800475	q_0.889	0.827021981198122
5192	THOC6	SRR14800475	q_0.889	0.889979603727954
5193	POLR2J4	SRR14800475	q_0.889	0.952612162514845
5194	SYNM	SRR14800475	q_0.889	0.999757619255992
5195	SPNS2	SRR14800475	q_0.889	0.798804846725002
5196	SRPRA	SRR14800475	q_0.889	0.278174332517539
5197	LINC03040	SRR14800475	q_0.889	0.953447163114528
5198	RAP1GDS1	SRR14800475	q_0.889	0.637604074608063
5199	ZNF493	SRR14800475	q_0.889	0.949414399270611
5200	VRK2	SRR14800475	q_0.889	0.813085560985833
5201	PMEPA1	SRR14800475	q_0.889	0.228302274486865
5202	CXCL12	SRR14800475	q_0.889	0.485129152900048
5203	EXOC1	SRR14800475	q_0.889	0.526672946393607
5204	FAM114A2	SRR14800475	q_0.889	0.606854682006304
5205	ANGEL2	SRR14800475	q_0.889	0.717931068285638
5206	TMEM183A	SRR14800475	q_0.889	0.96757609982963
5207	HDAC2	SRR14800475	q_0.889	0.714747584580918
5208	ATG5	SRR14800475	q_0.889	0.943921853249042
5209	SH3PXD2A	SRR14800475	q_0.889	0.271322956669711
5210	IFIT3	SRR14800475	q_0.889	0.716162316856522
5211	PBX2	SRR14800475	q_0.889	0.527549120575716
5212	IRF3	SRR14800475	q_0.889	0.722806658867024
5213	SPIRE2	SRR14800475	q_0.889	0.702386853058253
5214	CYBB	SRR14800475	q_0.889	0.695599638862618
5215	ASMTL	SRR14800475	q_0.889	0.423270906166376
5216	ETFRF1	SRR14800475	q_0.889	0.403050692566094
5217	PDE7A	SRR14800475	q_0.889	0.952182483541369
5218	CDH24	SRR14800475	q_0.889	0.597107630830217
5219	RELCH	SRR14800475	q_0.889	0.724697064041537
5220	ZFP90	SRR14800475	q_0.889	0.58843566336983
5221	SAR1B	SRR14800475	q_0.889	0.595476543086366
5222	PPP1R2	SRR14800475	q_0.889	0.762268841233314
5223	ENSG00000254706	SRR14800475	q_0.889	0.895311563884524
5224	GSKIP	SRR14800475	q_0.889	0.604347399958372
5225	GDI1	SRR14800475	q_0.889	0.283689660226441
5226	PNPT1	SRR14800475	q_0.889	0.634601617665313
5227	ZNF714	SRR14800475	q_0.889	0.552541964130008
5228	SLC9A7	SRR14800475	q_0.889	0.969643005354362
5229	DNAJC24	SRR14800475	q_0.889	0.594240317827151
5230	TLN2	SRR14800475	q_0.889	0.707184407481588
5231	SRP72	SRR14800475	q_0.889	0.886774042253413
5232	NSA2	SRR14800475	q_0.889	0.468032956270932
5233	THY1	SRR14800475	q_0.889	0.388238445904204
5234	PICALM	SRR14800475	q_0.889	0.886932898691335
5235	GLB1L2	SRR14800475	q_0.889	0.497370525750873
5236	SNHG10	SRR14800475	q_0.889	0.773476711154106
5237	MEF2A	SRR14800475	q_0.889	0.666029459250068
5238	GIPR	SRR14800475	q_0.889	NA
5239	LINC02362	SRR14800475	q_0.889	0.723511023848996
5240	ENSG00000274322	SRR14800475	q_0.889	0
5241	ENSG00000291072	SRR14800475	q_0.889	0.809883206857842
5242	A4GALT	SRR14800475	q_0.889	0.849024074200468
5243	EPB41L4A-AS1	SRR14800475	q_0.889	0.398360764949678
5244	NCF1C	SRR14800475	q_0.889	0.433205968119204
5245	FOXJ2	SRR14800490	q_0.889	0.757552501028844
5246	TMEM38A	SRR14800490	q_0.889	0.999633225193788
5247	CCNE1	SRR14800490	q_0.889	NA
5248	MCOLN1	SRR14800490	q_0.889	0.477322957395221
5249	FBXO3	SRR14800490	q_0.889	0.847039292598624
5250	SLC25A16	SRR14800490	q_0.889	0.821977560120597
5251	ZNF710	SRR14800490	q_0.889	0.922791024727568
5252	TM7SF2	SRR14800490	q_0.889	0.82832058946539
5253	UBP1	SRR14800490	q_0.889	0.740784580884045
5254	SPICE1	SRR14800490	q_0.889	0.803772929977885
5255	NPY1R	SRR14800490	q_0.889	0.699496283171113
5256	CENPV	SRR14800490	q_0.889	0.890905472085035
5257	METTL26	SRR14800490	q_0.889	0.633560415734089
5258	MCC	SRR14800490	q_0.889	0.584886950953819
5259	REG3A	SRR14800490	q_0.889	NA
5260	USP38	SRR14800490	q_0.889	0.829621379773857
5261	CYP2W1	SRR14800490	q_0.889	0
5262	NFKBIB	SRR14800490	q_0.889	0.696712229064103
5263	ING3	SRR14800490	q_0.889	0.880424863463171
5264	HIGD1A	SRR14800490	q_0.889	0.788418773815233
5265	DUOXA2	SRR14800490	q_0.889	NA
5266	CCDC149	SRR14800490	q_0.889	0.912963043180012
5267	FAXDC2	SRR14800490	q_0.889	0.74650216593857
5268	THOC6	SRR14800490	q_0.889	0.42556314603892
5269	POLR2J4	SRR14800490	q_0.889	0.973130909539398
5270	SYNM	SRR14800490	q_0.889	0.990690943668426
5271	SPNS2	SRR14800490	q_0.889	0
5272	SRPRA	SRR14800490	q_0.889	0.573433970184582
5273	LINC03040	SRR14800490	q_0.889	0
5274	RAP1GDS1	SRR14800490	q_0.889	0.687891053641808
5275	ZNF493	SRR14800490	q_0.889	0.93764922748449
5276	VRK2	SRR14800490	q_0.889	0.827812981669495
5277	PMEPA1	SRR14800490	q_0.889	0.193993612027974
5278	CXCL12	SRR14800490	q_0.889	0.610582223076616
5279	EXOC1	SRR14800490	q_0.889	0.740144993016166
5280	FAM114A2	SRR14800490	q_0.889	0.745576111749339
5281	ANGEL2	SRR14800490	q_0.889	0.909653825947894
5282	TMEM183A	SRR14800490	q_0.889	0.855215412224434
5283	HDAC2	SRR14800490	q_0.889	0.708641303814581
5284	ATG5	SRR14800490	q_0.889	0.762773623038854
5285	SH3PXD2A	SRR14800490	q_0.889	0.484058695180928
5286	IFIT3	SRR14800490	q_0.889	0.772538370866016
5287	PBX2	SRR14800490	q_0.889	0.500185154703856
5288	IRF3	SRR14800490	q_0.889	0.684821012297291
5289	SPIRE2	SRR14800490	q_0.889	0.909749679164186
5290	CYBB	SRR14800490	q_0.889	0.564185241605358
5291	ASMTL	SRR14800490	q_0.889	0.443570605001991
5292	ETFRF1	SRR14800490	q_0.889	0.48327892017804
5293	PDE7A	SRR14800490	q_0.889	0.752952659971644
5294	CDH24	SRR14800490	q_0.889	0.47323709406032
5295	RELCH	SRR14800490	q_0.889	0.783435943119364
5296	ZFP90	SRR14800490	q_0.889	0.877249874013997
5297	SAR1B	SRR14800490	q_0.889	0.569819857651251
5298	PPP1R2	SRR14800490	q_0.889	0.585606202713907
5299	ENSG00000254706	SRR14800490	q_0.889	0.44211449380939
5300	GSKIP	SRR14800490	q_0.889	0
5301	GDI1	SRR14800490	q_0.889	0.497608507013829
5302	PNPT1	SRR14800490	q_0.889	0.576877006219101
5303	ZNF714	SRR14800490	q_0.889	0.373164440197397
5304	SLC9A7	SRR14800490	q_0.889	0.352145803958453
5305	DNAJC24	SRR14800490	q_0.889	0.575086912212765
5306	TLN2	SRR14800490	q_0.889	0.835459711351798
5307	SRP72	SRR14800490	q_0.889	0.861447332539231
5308	NSA2	SRR14800490	q_0.889	0.374866961995759
5309	THY1	SRR14800490	q_0.889	0.34235532063359
5310	PICALM	SRR14800490	q_0.889	0.880642669071198
5311	GLB1L2	SRR14800490	q_0.889	0.718473078549239
5312	SNHG10	SRR14800490	q_0.889	0.744321673594002
5313	MEF2A	SRR14800490	q_0.889	0.711166745051501
5314	GIPR	SRR14800490	q_0.889	NA
5315	LINC02362	SRR14800490	q_0.889	0.807737158126084
5316	ENSG00000274322	SRR14800490	q_0.889	0.829494376475283
5317	ENSG00000291072	SRR14800490	q_0.889	0.651166826119488
5318	A4GALT	SRR14800490	q_0.889	0.802186443308472
5319	EPB41L4A-AS1	SRR14800490	q_0.889	0.797735479681337
5320	NCF1C	SRR14800490	q_0.889	0.538236018231837
5321	FOXJ2	SRR14800489	q_0.889	0.71353286823419
5322	TMEM38A	SRR14800489	q_0.889	0.971124898032708
5323	CCNE1	SRR14800489	q_0.889	0.28726767254083
5324	MCOLN1	SRR14800489	q_0.889	0.508443816349389
5325	FBXO3	SRR14800489	q_0.889	0.960640899742595
5326	SLC25A16	SRR14800489	q_0.889	0.715715704147482
5327	ZNF710	SRR14800489	q_0.889	0.938865413348062
5328	TM7SF2	SRR14800489	q_0.889	0.419923849596976
5329	UBP1	SRR14800489	q_0.889	0.759051321830303
5330	SPICE1	SRR14800489	q_0.889	0.660039699550462
5331	NPY1R	SRR14800489	q_0.889	0.645864860150736
5332	CENPV	SRR14800489	q_0.889	0.909077406024324
5333	METTL26	SRR14800489	q_0.889	0.72748936179474
5334	MCC	SRR14800489	q_0.889	0.550281849577748
5335	REG3A	SRR14800489	q_0.889	NA
5336	USP38	SRR14800489	q_0.889	0.933646232261173
5337	CYP2W1	SRR14800489	q_0.889	0
5338	NFKBIB	SRR14800489	q_0.889	0.699528698326889
5339	ING3	SRR14800489	q_0.889	0.957267118245781
5340	HIGD1A	SRR14800489	q_0.889	0.844113874954858
5341	DUOXA2	SRR14800489	q_0.889	0.965013738245412
5342	CCDC149	SRR14800489	q_0.889	0.956763054115797
5343	FAXDC2	SRR14800489	q_0.889	0.80580780253717
5344	THOC6	SRR14800489	q_0.889	0.456864903103997
5345	POLR2J4	SRR14800489	q_0.889	0.859915722649018
5346	SYNM	SRR14800489	q_0.889	0.973561026214189
5347	SPNS2	SRR14800489	q_0.889	0
5348	SRPRA	SRR14800489	q_0.889	0.600556023507499
5349	LINC03040	SRR14800489	q_0.889	0
5350	RAP1GDS1	SRR14800489	q_0.889	0.924239659821115
5351	ZNF493	SRR14800489	q_0.889	0.934477047782379
5352	VRK2	SRR14800489	q_0.889	0.867023481046126
5353	PMEPA1	SRR14800489	q_0.889	0.680979796216604
5354	CXCL12	SRR14800489	q_0.889	0.59158401142005
5355	EXOC1	SRR14800489	q_0.889	0.969724823744135
5356	FAM114A2	SRR14800489	q_0.889	0.855292110336671
5357	ANGEL2	SRR14800489	q_0.889	0.866573482712853
5358	TMEM183A	SRR14800489	q_0.889	0.945884871310613
5359	HDAC2	SRR14800489	q_0.889	0.624139375483192
5360	ATG5	SRR14800489	q_0.889	0.803911904039946
5361	SH3PXD2A	SRR14800489	q_0.889	0.834985093337681
5362	IFIT3	SRR14800489	q_0.889	0.992163098545008
5363	PBX2	SRR14800489	q_0.889	0.634115273195471
5364	IRF3	SRR14800489	q_0.889	0.749026470617912
5365	SPIRE2	SRR14800489	q_0.889	0.895126196616756
5366	CYBB	SRR14800489	q_0.889	0.676862970843749
5367	ASMTL	SRR14800489	q_0.889	0.427016741175088
5368	ETFRF1	SRR14800489	q_0.889	0.553740630486362
5369	PDE7A	SRR14800489	q_0.889	0.72996162348319
5370	CDH24	SRR14800489	q_0.889	0.616598208937337
5371	RELCH	SRR14800489	q_0.889	0.863912946671981
5372	ZFP90	SRR14800489	q_0.889	0.695117088598364
5373	SAR1B	SRR14800489	q_0.889	0.744672863445541
5374	PPP1R2	SRR14800489	q_0.889	0.666991398894922
5375	ENSG00000254706	SRR14800489	q_0.889	0.977300761889843
5376	GSKIP	SRR14800489	q_0.889	0
5377	GDI1	SRR14800489	q_0.889	0.489172913734464
5378	PNPT1	SRR14800489	q_0.889	0.808168812989188
5379	ZNF714	SRR14800489	q_0.889	0.664049835773002
5380	SLC9A7	SRR14800489	q_0.889	0.59572401599045
5381	DNAJC24	SRR14800489	q_0.889	0.830268769543226
5382	TLN2	SRR14800489	q_0.889	0.917575194912693
5383	SRP72	SRR14800489	q_0.889	0.819352445889248
5384	NSA2	SRR14800489	q_0.889	0.444055055716995
5385	THY1	SRR14800489	q_0.889	0.604999825452418
5386	PICALM	SRR14800489	q_0.889	0.886012252722674
5387	GLB1L2	SRR14800489	q_0.889	0.500604720841973
5388	SNHG10	SRR14800489	q_0.889	0.755416483073329
5389	MEF2A	SRR14800489	q_0.889	0.862713548057855
5390	GIPR	SRR14800489	q_0.889	0.955349390725551
5391	LINC02362	SRR14800489	q_0.889	0.978041653296639
5392	ENSG00000274322	SRR14800489	q_0.889	0.346702990805421
5393	ENSG00000291072	SRR14800489	q_0.889	0.955974233402043
5394	A4GALT	SRR14800489	q_0.889	0.3569394094938
5395	EPB41L4A-AS1	SRR14800489	q_0.889	0.589730897585759
5396	NCF1C	SRR14800489	q_0.889	0.878225158329091
5397	FOXJ2	SRR14800488	q_0.889	0.189174927339097
5398	TMEM38A	SRR14800488	q_0.889	0.896168366546572
5399	CCNE1	SRR14800488	q_0.889	0.473242319853054
5400	MCOLN1	SRR14800488	q_0.889	0.421896224586673
5401	FBXO3	SRR14800488	q_0.889	0.84380592874284
5402	SLC25A16	SRR14800488	q_0.889	0.930779721205374
5403	ZNF710	SRR14800488	q_0.889	0.910606024337986
5404	TM7SF2	SRR14800488	q_0.889	0.649844043223193
5405	UBP1	SRR14800488	q_0.889	0.757650023884233
5406	SPICE1	SRR14800488	q_0.889	0.847418764944698
5407	NPY1R	SRR14800488	q_0.889	0.53227782064378
5408	CENPV	SRR14800488	q_0.889	0.931350489986538
5409	METTL26	SRR14800488	q_0.889	0.729400470276492
5410	MCC	SRR14800488	q_0.889	0.674743629189584
5411	REG3A	SRR14800488	q_0.889	0
5412	USP38	SRR14800488	q_0.889	0.849832673188907
5413	CYP2W1	SRR14800488	q_0.889	0
5414	NFKBIB	SRR14800488	q_0.889	0.823666199151809
5415	ING3	SRR14800488	q_0.889	0.832547972254016
5416	HIGD1A	SRR14800488	q_0.889	0.455999358586643
5417	DUOXA2	SRR14800488	q_0.889	0
5418	CCDC149	SRR14800488	q_0.889	0.754859004183951
5419	FAXDC2	SRR14800488	q_0.889	0.683305583864229
5420	THOC6	SRR14800488	q_0.889	0.502114548658981
5421	POLR2J4	SRR14800488	q_0.889	0.888430623159252
5422	SYNM	SRR14800488	q_0.889	0
5423	SPNS2	SRR14800488	q_0.889	0
5424	SRPRA	SRR14800488	q_0.889	0.498791110340108
5425	LINC03040	SRR14800488	q_0.889	0.538554623161647
5426	RAP1GDS1	SRR14800488	q_0.889	0.714584641910385
5427	ZNF493	SRR14800488	q_0.889	0.963634272117808
5428	VRK2	SRR14800488	q_0.889	0.917487051045142
5429	PMEPA1	SRR14800488	q_0.889	0.886760898351647
5430	CXCL12	SRR14800488	q_0.889	0.568232175367037
5431	EXOC1	SRR14800488	q_0.889	0.777094971998015
5432	FAM114A2	SRR14800488	q_0.889	0.809984266666078
5433	ANGEL2	SRR14800488	q_0.889	0.939435188278232
5434	TMEM183A	SRR14800488	q_0.889	0.701081366347171
5435	HDAC2	SRR14800488	q_0.889	0.82885144330548
5436	ATG5	SRR14800488	q_0.889	0.834991944680508
5437	SH3PXD2A	SRR14800488	q_0.889	0.766077934920647
5438	IFIT3	SRR14800488	q_0.889	0.991438260247969
5439	PBX2	SRR14800488	q_0.889	0.432461753774766
5440	IRF3	SRR14800488	q_0.889	0.799200474530745
5441	SPIRE2	SRR14800488	q_0.889	0.812166536062721
5442	CYBB	SRR14800488	q_0.889	0.754536171184186
5443	ASMTL	SRR14800488	q_0.889	0.176505068827989
5444	ETFRF1	SRR14800488	q_0.889	0.61564003496505
5445	PDE7A	SRR14800488	q_0.889	0.678984219834392
5446	CDH24	SRR14800488	q_0.889	0.792712312677232
5447	RELCH	SRR14800488	q_0.889	0.761739850520082
5448	ZFP90	SRR14800488	q_0.889	0.637076793445386
5449	SAR1B	SRR14800488	q_0.889	0.59531690488608
5450	PPP1R2	SRR14800488	q_0.889	0.423960614198332
5451	ENSG00000254706	SRR14800488	q_0.889	0.854700418936557
5452	GSKIP	SRR14800488	q_0.889	0.662356966935587
5453	GDI1	SRR14800488	q_0.889	0.498464182369713
5454	PNPT1	SRR14800488	q_0.889	0.400636267116249
5455	ZNF714	SRR14800488	q_0.889	0.605660202317984
5456	SLC9A7	SRR14800488	q_0.889	0.374891258138398
5457	DNAJC24	SRR14800488	q_0.889	0.64840302949638
5458	TLN2	SRR14800488	q_0.889	0.926277143167784
5459	SRP72	SRR14800488	q_0.889	0.522565564932056
5460	NSA2	SRR14800488	q_0.889	0.845648520035675
5461	THY1	SRR14800488	q_0.889	0.773616044605227
5462	PICALM	SRR14800488	q_0.889	0.853828177779942
5463	GLB1L2	SRR14800488	q_0.889	0.50337180977897
5464	SNHG10	SRR14800488	q_0.889	0.815556970598169
5465	MEF2A	SRR14800488	q_0.889	0.713013239175384
5466	GIPR	SRR14800488	q_0.889	0.99545149590199
5467	LINC02362	SRR14800488	q_0.889	0.857242667094315
5468	ENSG00000274322	SRR14800488	q_0.889	0.451894420108149
5469	ENSG00000291072	SRR14800488	q_0.889	0.940840518785425
5470	A4GALT	SRR14800488	q_0.889	0.3276810034094
5471	EPB41L4A-AS1	SRR14800488	q_0.889	0.857357007406954
5472	NCF1C	SRR14800488	q_0.889	0
5473	FOXJ2	SRR14800479	q_0.889	0.346425868186546
5474	TMEM38A	SRR14800479	q_0.889	0.894391533246125
5475	CCNE1	SRR14800479	q_0.889	0.964041504917714
5476	MCOLN1	SRR14800479	q_0.889	0.793077074263159
5477	FBXO3	SRR14800479	q_0.889	0.715806230713288
5478	SLC25A16	SRR14800479	q_0.889	0.72274229367822
5479	ZNF710	SRR14800479	q_0.889	0.784683166434392
5480	TM7SF2	SRR14800479	q_0.889	0.588175721289569
5481	UBP1	SRR14800479	q_0.889	0.855594400385075
5482	SPICE1	SRR14800479	q_0.889	0.918248412918291
5483	NPY1R	SRR14800479	q_0.889	0
5484	CENPV	SRR14800479	q_0.889	0.953311591539598
5485	METTL26	SRR14800479	q_0.889	0.818965941493217
5486	MCC	SRR14800479	q_0.889	0.379405210316963
5487	REG3A	SRR14800479	q_0.889	0.983816725293006
5488	USP38	SRR14800479	q_0.889	0.786361030007618
5489	CYP2W1	SRR14800479	q_0.889	0.475900971687709
5490	NFKBIB	SRR14800479	q_0.889	0.798517521665547
5491	ING3	SRR14800479	q_0.889	0.9616728395536
5492	HIGD1A	SRR14800479	q_0.889	0.69747790851366
5493	DUOXA2	SRR14800479	q_0.889	0.861249055244061
5494	CCDC149	SRR14800479	q_0.889	0.79456412648915
5495	FAXDC2	SRR14800479	q_0.889	0.914909796152877
5496	THOC6	SRR14800479	q_0.889	0.528616940899509
5497	POLR2J4	SRR14800479	q_0.889	0.854766918636056
5498	SYNM	SRR14800479	q_0.889	0
5499	SPNS2	SRR14800479	q_0.889	0
5500	SRPRA	SRR14800479	q_0.889	0.59232220771038
5501	LINC03040	SRR14800479	q_0.889	0.961043543319658
5502	RAP1GDS1	SRR14800479	q_0.889	0.786318143295266
5503	ZNF493	SRR14800479	q_0.889	0.910856885493387
5504	VRK2	SRR14800479	q_0.889	0.923482534075207
5505	PMEPA1	SRR14800479	q_0.889	0.641945704463334
5506	CXCL12	SRR14800479	q_0.889	0.570432161845852
5507	EXOC1	SRR14800479	q_0.889	0.588348341517026
5508	FAM114A2	SRR14800479	q_0.889	0.861211944623551
5509	ANGEL2	SRR14800479	q_0.889	0.910984137664179
5510	TMEM183A	SRR14800479	q_0.889	0.634047054259603
5511	HDAC2	SRR14800479	q_0.889	0.795242371999985
5512	ATG5	SRR14800479	q_0.889	0.839903281476532
5513	SH3PXD2A	SRR14800479	q_0.889	0.798317773544181
5514	IFIT3	SRR14800479	q_0.889	0
5515	PBX2	SRR14800479	q_0.889	0.760897595357246
5516	IRF3	SRR14800479	q_0.889	0.726336662712442
5517	SPIRE2	SRR14800479	q_0.889	0.841390187794507
5518	CYBB	SRR14800479	q_0.889	0.531275966444032
5519	ASMTL	SRR14800479	q_0.889	0.520695058606955
5520	ETFRF1	SRR14800479	q_0.889	0.834778524207755
5521	PDE7A	SRR14800479	q_0.889	0.706672680576581
5522	CDH24	SRR14800479	q_0.889	0.731987408558551
5523	RELCH	SRR14800479	q_0.889	0.831737441280587
5524	ZFP90	SRR14800479	q_0.889	0.72112518485171
5525	SAR1B	SRR14800479	q_0.889	0.482398397726022
5526	PPP1R2	SRR14800479	q_0.889	0.289237156438269
5527	ENSG00000254706	SRR14800479	q_0.889	0
5528	GSKIP	SRR14800479	q_0.889	0.645848078219878
5529	GDI1	SRR14800479	q_0.889	0.634587825452794
5530	PNPT1	SRR14800479	q_0.889	0.64853129364768
5531	ZNF714	SRR14800479	q_0.889	0.914516041571916
5532	SLC9A7	SRR14800479	q_0.889	0
5533	DNAJC24	SRR14800479	q_0.889	0.776236872670571
5534	TLN2	SRR14800479	q_0.889	0.823740440924527
5535	SRP72	SRR14800479	q_0.889	0.53180663917801
5536	NSA2	SRR14800479	q_0.889	0.792056023820938
5537	THY1	SRR14800479	q_0.889	0.841185903521309
5538	PICALM	SRR14800479	q_0.889	0.843866377316271
5539	GLB1L2	SRR14800479	q_0.889	0.539864423639612
5540	SNHG10	SRR14800479	q_0.889	0.759461813913431
5541	MEF2A	SRR14800479	q_0.889	0.728442347258632
5542	GIPR	SRR14800479	q_0.889	0.914979427188271
5543	LINC02362	SRR14800479	q_0.889	0.703889383137721
5544	ENSG00000274322	SRR14800479	q_0.889	0.259499176947825
5545	ENSG00000291072	SRR14800479	q_0.889	0.842624736103605
5546	A4GALT	SRR14800479	q_0.889	0.163061356969124
5547	EPB41L4A-AS1	SRR14800479	q_0.889	0.671988913621584
5548	NCF1C	SRR14800479	q_0.889	0
5549	FOXJ2	SRR14800478	q_0.889	0.517994671660858
5550	TMEM38A	SRR14800478	q_0.889	0
5551	CCNE1	SRR14800478	q_0.889	0.776568335119426
5552	MCOLN1	SRR14800478	q_0.889	0.450472395496609
5553	FBXO3	SRR14800478	q_0.889	0.907821448587279
5554	SLC25A16	SRR14800478	q_0.889	0.939090803463614
5555	ZNF710	SRR14800478	q_0.889	0.975154562725805
5556	TM7SF2	SRR14800478	q_0.889	0.524844145413221
5557	UBP1	SRR14800478	q_0.889	0.690840546318932
5558	SPICE1	SRR14800478	q_0.889	0.892055325906244
5559	NPY1R	SRR14800478	q_0.889	0
5560	CENPV	SRR14800478	q_0.889	0.839870025756788
5561	METTL26	SRR14800478	q_0.889	0.892238708469138
5562	MCC	SRR14800478	q_0.889	0.572695251196238
5563	REG3A	SRR14800478	q_0.889	0.992218784652657
5564	USP38	SRR14800478	q_0.889	0.944907369454005
5565	CYP2W1	SRR14800478	q_0.889	0.991247574378942
5566	NFKBIB	SRR14800478	q_0.889	0.549670898664345
5567	ING3	SRR14800478	q_0.889	0.803204038388254
5568	HIGD1A	SRR14800478	q_0.889	0.455993606637259
5569	DUOXA2	SRR14800478	q_0.889	0.261065641126327
5570	CCDC149	SRR14800478	q_0.889	0.757855664761049
5571	FAXDC2	SRR14800478	q_0.889	0.85714231394289
5572	THOC6	SRR14800478	q_0.889	0.365714068390885
5573	POLR2J4	SRR14800478	q_0.889	0.882827199089845
5574	SYNM	SRR14800478	q_0.889	0.999959920140149
5575	SPNS2	SRR14800478	q_0.889	0.590721418907022
5576	SRPRA	SRR14800478	q_0.889	0.299240932459616
5577	LINC03040	SRR14800478	q_0.889	0.971938161545279
5578	RAP1GDS1	SRR14800478	q_0.889	0.874159102092982
5579	ZNF493	SRR14800478	q_0.889	0.937578897030562
5580	VRK2	SRR14800478	q_0.889	0.848255790121979
5581	PMEPA1	SRR14800478	q_0.889	0.877678904536533
5582	CXCL12	SRR14800478	q_0.889	0.805680733245565
5583	EXOC1	SRR14800478	q_0.889	0.775338539903391
5584	FAM114A2	SRR14800478	q_0.889	0.742450455611393
5585	ANGEL2	SRR14800478	q_0.889	0.906196382901591
5586	TMEM183A	SRR14800478	q_0.889	0.953880924858448
5587	HDAC2	SRR14800478	q_0.889	0.71039363112164
5588	ATG5	SRR14800478	q_0.889	0.858979665658624
5589	SH3PXD2A	SRR14800478	q_0.889	0.597003091682668
5590	IFIT3	SRR14800478	q_0.889	0.827626755425018
5591	PBX2	SRR14800478	q_0.889	0.903953950350316
5592	IRF3	SRR14800478	q_0.889	0.801318939386854
5593	SPIRE2	SRR14800478	q_0.889	0.853279864403044
5594	CYBB	SRR14800478	q_0.889	0.5075695693444
5595	ASMTL	SRR14800478	q_0.889	0
5596	ETFRF1	SRR14800478	q_0.889	0.690973899076769
5597	PDE7A	SRR14800478	q_0.889	0.940479636307812
5598	CDH24	SRR14800478	q_0.889	0.850696987649373
5599	RELCH	SRR14800478	q_0.889	0.815138760308911
5600	ZFP90	SRR14800478	q_0.889	0.732119202770579
5601	SAR1B	SRR14800478	q_0.889	0.76728261588344
5602	PPP1R2	SRR14800478	q_0.889	0.497391622570832
5603	ENSG00000254706	SRR14800478	q_0.889	0.826690935092667
5604	GSKIP	SRR14800478	q_0.889	0.554734658718661
5605	GDI1	SRR14800478	q_0.889	0.553028887428223
5606	PNPT1	SRR14800478	q_0.889	0.975872673974765
5607	ZNF714	SRR14800478	q_0.889	0.870671875741989
5608	SLC9A7	SRR14800478	q_0.889	0.481483818970075
5609	DNAJC24	SRR14800478	q_0.889	0.785987716280287
5610	TLN2	SRR14800478	q_0.889	0.680117990208319
5611	SRP72	SRR14800478	q_0.889	0.813366030769405
5612	NSA2	SRR14800478	q_0.889	0.426134238504973
5613	THY1	SRR14800478	q_0.889	0.713679550060862
5614	PICALM	SRR14800478	q_0.889	0.917700383996762
5615	GLB1L2	SRR14800478	q_0.889	0.343387181971856
5616	SNHG10	SRR14800478	q_0.889	0.783837674196126
5617	MEF2A	SRR14800478	q_0.889	0.824218622635589
5618	GIPR	SRR14800478	q_0.889	0.961556359484715
5619	LINC02362	SRR14800478	q_0.889	0.710252510924187
5620	ENSG00000274322	SRR14800478	q_0.889	0.378898062303438
5621	ENSG00000291072	SRR14800478	q_0.889	0.843063684270923
5622	A4GALT	SRR14800478	q_0.889	0.627568399954202
5623	EPB41L4A-AS1	SRR14800478	q_0.889	0.914897048188802
5624	NCF1C	SRR14800478	q_0.889	0
5625	FOXJ2	SRR14800487	q_0.889	0.666694560247986
5626	TMEM38A	SRR14800487	q_0.889	0.80291368679201
5627	CCNE1	SRR14800487	q_0.889	0.718706295073782
5628	MCOLN1	SRR14800487	q_0.889	0.548167562971943
5629	FBXO3	SRR14800487	q_0.889	0.947233841178425
5630	SLC25A16	SRR14800487	q_0.889	0.844567546271736
5631	ZNF710	SRR14800487	q_0.889	0.933314186831162
5632	TM7SF2	SRR14800487	q_0.889	0.332800536252302
5633	UBP1	SRR14800487	q_0.889	0.708476569745499
5634	SPICE1	SRR14800487	q_0.889	0.957640858063915
5635	NPY1R	SRR14800487	q_0.889	0.827512864808254
5636	CENPV	SRR14800487	q_0.889	0.773786212996808
5637	METTL26	SRR14800487	q_0.889	0.873004100985908
5638	MCC	SRR14800487	q_0.889	0.705984098710104
5639	REG3A	SRR14800487	q_0.889	0.999801356966634
5640	USP38	SRR14800487	q_0.889	0.948759698688764
5641	CYP2W1	SRR14800487	q_0.889	0
5642	NFKBIB	SRR14800487	q_0.889	0.445465391764622
5643	ING3	SRR14800487	q_0.889	0.94971566687141
5644	HIGD1A	SRR14800487	q_0.889	0.332192364874422
5645	DUOXA2	SRR14800487	q_0.889	0.696135994455572
5646	CCDC149	SRR14800487	q_0.889	0.81303445693504
5647	FAXDC2	SRR14800487	q_0.889	0.714292736379071
5648	THOC6	SRR14800487	q_0.889	0.187202210508522
5649	POLR2J4	SRR14800487	q_0.889	0.895621576882851
5650	SYNM	SRR14800487	q_0.889	0.996921096475557
5651	SPNS2	SRR14800487	q_0.889	0.38557868248433
5652	SRPRA	SRR14800487	q_0.889	0.288790581299487
5653	LINC03040	SRR14800487	q_0.889	0.892635610566597
5654	RAP1GDS1	SRR14800487	q_0.889	0.800849122635272
5655	ZNF493	SRR14800487	q_0.889	0.936992866842026
5656	VRK2	SRR14800487	q_0.889	0.812818608630245
5657	PMEPA1	SRR14800487	q_0.889	0.478833166382532
5658	CXCL12	SRR14800487	q_0.889	0.66818643644624
5659	EXOC1	SRR14800487	q_0.889	0.927970672865069
5660	FAM114A2	SRR14800487	q_0.889	0.73673193776767
5661	ANGEL2	SRR14800487	q_0.889	0.918634731816167
5662	TMEM183A	SRR14800487	q_0.889	0.827246054793182
5663	HDAC2	SRR14800487	q_0.889	0.77540313472809
5664	ATG5	SRR14800487	q_0.889	0.881203257228699
5665	SH3PXD2A	SRR14800487	q_0.889	0.749566233392634
5666	IFIT3	SRR14800487	q_0.889	0.884220468885435
5667	PBX2	SRR14800487	q_0.889	0.415401843938677
5668	IRF3	SRR14800487	q_0.889	0.610952942483321
5669	SPIRE2	SRR14800487	q_0.889	0.774358269956015
5670	CYBB	SRR14800487	q_0.889	0.580789401579397
5671	ASMTL	SRR14800487	q_0.889	0.329810615310165
5672	ETFRF1	SRR14800487	q_0.889	0.453355773329343
5673	PDE7A	SRR14800487	q_0.889	0.866351706108145
5674	CDH24	SRR14800487	q_0.889	0.567211068897777
5675	RELCH	SRR14800487	q_0.889	0.83922248623842
5676	ZFP90	SRR14800487	q_0.889	0.635888394137746
5677	SAR1B	SRR14800487	q_0.889	0.806884919275182
5678	PPP1R2	SRR14800487	q_0.889	0.534591393724676
5679	ENSG00000254706	SRR14800487	q_0.889	0.524499988741097
5680	GSKIP	SRR14800487	q_0.889	0.0757850426404252
5681	GDI1	SRR14800487	q_0.889	0.518699586824461
5682	PNPT1	SRR14800487	q_0.889	0.919842501513581
5683	ZNF714	SRR14800487	q_0.889	0.813364038640409
5684	SLC9A7	SRR14800487	q_0.889	0.805936140798088
5685	DNAJC24	SRR14800487	q_0.889	0.674967599609768
5686	TLN2	SRR14800487	q_0.889	0.745060493619881
5687	SRP72	SRR14800487	q_0.889	0.754393510764678
5688	NSA2	SRR14800487	q_0.889	0.218563620103608
5689	THY1	SRR14800487	q_0.889	0.496227397908098
5690	PICALM	SRR14800487	q_0.889	0.868834325743333
5691	GLB1L2	SRR14800487	q_0.889	0.447254297224834
5692	SNHG10	SRR14800487	q_0.889	0.80561210062063
5693	MEF2A	SRR14800487	q_0.889	0.848198379446468
5694	GIPR	SRR14800487	q_0.889	0.986580554924662
5695	LINC02362	SRR14800487	q_0.889	0.986056280116437
5696	ENSG00000274322	SRR14800487	q_0.889	0.326673140526706
5697	ENSG00000291072	SRR14800487	q_0.889	0.749365207828085
5698	A4GALT	SRR14800487	q_0.889	0.946236879354496
5699	EPB41L4A-AS1	SRR14800487	q_0.889	0.761608328164562
5700	NCF1C	SRR14800487	q_0.889	0.507121897078394
5701	FOXJ2	SRR14800486	q_0.889	0.134906438402911
5702	TMEM38A	SRR14800486	q_0.889	0.97180095935336
5703	CCNE1	SRR14800486	q_0.889	0.699726724236971
5704	MCOLN1	SRR14800486	q_0.889	0.466333803413972
5705	FBXO3	SRR14800486	q_0.889	0.944538372343299
5706	SLC25A16	SRR14800486	q_0.889	0.823167837202717
5707	ZNF710	SRR14800486	q_0.889	0.854634159860529
5708	TM7SF2	SRR14800486	q_0.889	0.291800305427136
5709	UBP1	SRR14800486	q_0.889	0.89584632904482
5710	SPICE1	SRR14800486	q_0.889	0.876515828535205
5711	NPY1R	SRR14800486	q_0.889	0.809904699343429
5712	CENPV	SRR14800486	q_0.889	0.852839242412687
5713	METTL26	SRR14800486	q_0.889	0.56267769188866
5714	MCC	SRR14800486	q_0.889	0.100885843675276
5715	REG3A	SRR14800486	q_0.889	0.690240397698661
5716	USP38	SRR14800486	q_0.889	0.949777160270615
5717	CYP2W1	SRR14800486	q_0.889	0
5718	NFKBIB	SRR14800486	q_0.889	0.867472584296254
5719	ING3	SRR14800486	q_0.889	0.959991450003875
5720	HIGD1A	SRR14800486	q_0.889	0.379434133665854
5721	DUOXA2	SRR14800486	q_0.889	0.451495664735013
5722	CCDC149	SRR14800486	q_0.889	0.901767169649861
5723	FAXDC2	SRR14800486	q_0.889	0.853567972457077
5724	THOC6	SRR14800486	q_0.889	0.310047827052204
5725	POLR2J4	SRR14800486	q_0.889	0.874460491516209
5726	SYNM	SRR14800486	q_0.889	0.999865763666693
5727	SPNS2	SRR14800486	q_0.889	0
5728	SRPRA	SRR14800486	q_0.889	0.481553211474928
5729	LINC03040	SRR14800486	q_0.889	0.909382629678565
5730	RAP1GDS1	SRR14800486	q_0.889	0.881298440808553
5731	ZNF493	SRR14800486	q_0.889	0.848292173040141
5732	VRK2	SRR14800486	q_0.889	0.8031702692605
5733	PMEPA1	SRR14800486	q_0.889	0.637560741103281
5734	CXCL12	SRR14800486	q_0.889	0.810135252363374
5735	EXOC1	SRR14800486	q_0.889	0.852909353280917
5736	FAM114A2	SRR14800486	q_0.889	0.923299915382529
5737	ANGEL2	SRR14800486	q_0.889	0.847007185832192
5738	TMEM183A	SRR14800486	q_0.889	0.873158907718526
5739	HDAC2	SRR14800486	q_0.889	0.885733045038825
5740	ATG5	SRR14800486	q_0.889	0.906584346480388
5741	SH3PXD2A	SRR14800486	q_0.889	0.828145303885857
5742	IFIT3	SRR14800486	q_0.889	0.884131612976681
5743	PBX2	SRR14800486	q_0.889	0.480913608138764
5744	IRF3	SRR14800486	q_0.889	0.856268726868105
5745	SPIRE2	SRR14800486	q_0.889	0.848432839775587
5746	CYBB	SRR14800486	q_0.889	0.754757236020751
5747	ASMTL	SRR14800486	q_0.889	0.845998928806789
5748	ETFRF1	SRR14800486	q_0.889	0.524109013405326
5749	PDE7A	SRR14800486	q_0.889	0.803044028792599
5750	CDH24	SRR14800486	q_0.889	0.526559645867443
5751	RELCH	SRR14800486	q_0.889	0.929399437299039
5752	ZFP90	SRR14800486	q_0.889	0.497296606241118
5753	SAR1B	SRR14800486	q_0.889	0.632092109634174
5754	PPP1R2	SRR14800486	q_0.889	0.314506068634807
5755	ENSG00000254706	SRR14800486	q_0.889	0
5756	GSKIP	SRR14800486	q_0.889	0.56728925240865
5757	GDI1	SRR14800486	q_0.889	0.546482265418639
5758	PNPT1	SRR14800486	q_0.889	0.750925878304262
5759	ZNF714	SRR14800486	q_0.889	0.782065574740374
5760	SLC9A7	SRR14800486	q_0.889	0.531918029560659
5761	DNAJC24	SRR14800486	q_0.889	0.8924545945806
5762	TLN2	SRR14800486	q_0.889	0.879962466433321
5763	SRP72	SRR14800486	q_0.889	0.822535568502021
5764	NSA2	SRR14800486	q_0.889	0.498681555557121
5765	THY1	SRR14800486	q_0.889	0.644020012052812
5766	PICALM	SRR14800486	q_0.889	0.879392089772396
5767	GLB1L2	SRR14800486	q_0.889	0.449242274674512
5768	SNHG10	SRR14800486	q_0.889	0.834226582817954
5769	MEF2A	SRR14800486	q_0.889	0.656725004500179
5770	GIPR	SRR14800486	q_0.889	0.949563411215382
5771	LINC02362	SRR14800486	q_0.889	0.954587728631293
5772	ENSG00000274322	SRR14800486	q_0.889	0.409782150344792
5773	ENSG00000291072	SRR14800486	q_0.889	0.912437198766774
5774	A4GALT	SRR14800486	q_0.889	0.532955640141614
5775	EPB41L4A-AS1	SRR14800486	q_0.889	0.592888498765094
5776	NCF1C	SRR14800486	q_0.889	0.985109898175927
5777	FOXJ2	SRR14800485	q_0.889	0.141774176533018
5778	TMEM38A	SRR14800485	q_0.889	0.75980563426645
5779	CCNE1	SRR14800485	q_0.889	0.377054742649547
5780	MCOLN1	SRR14800485	q_0.889	0.554015527236511
5781	FBXO3	SRR14800485	q_0.889	0.961194777399761
5782	SLC25A16	SRR14800485	q_0.889	0.942365769169314
5783	ZNF710	SRR14800485	q_0.889	0.985131832712083
5784	TM7SF2	SRR14800485	q_0.889	0.0433078002638026
5785	UBP1	SRR14800485	q_0.889	0.76020309069381
5786	SPICE1	SRR14800485	q_0.889	0.920000565341672
5787	NPY1R	SRR14800485	q_0.889	0.521873275953659
5788	CENPV	SRR14800485	q_0.889	0.775239230133355
5789	METTL26	SRR14800485	q_0.889	0.75816211597915
5790	MCC	SRR14800485	q_0.889	0.712954134739582
5791	REG3A	SRR14800485	q_0.889	0.924280862254763
5792	USP38	SRR14800485	q_0.889	0.911170691329842
5793	CYP2W1	SRR14800485	q_0.889	0.506944503793723
5794	NFKBIB	SRR14800485	q_0.889	0.687251390093572
5795	ING3	SRR14800485	q_0.889	0.987011498566043
5796	HIGD1A	SRR14800485	q_0.889	0.508636970746992
5797	DUOXA2	SRR14800485	q_0.889	0.386595340892334
5798	CCDC149	SRR14800485	q_0.889	0.493773252505235
5799	FAXDC2	SRR14800485	q_0.889	0.637877225079478
5800	THOC6	SRR14800485	q_0.889	0.496582270075231
5801	POLR2J4	SRR14800485	q_0.889	0.657207028359946
5802	SYNM	SRR14800485	q_0.889	0.960698394461065
5803	SPNS2	SRR14800485	q_0.889	0.54632145309638
5804	SRPRA	SRR14800485	q_0.889	0.494813857159566
5805	LINC03040	SRR14800485	q_0.889	0.99349440833383
5806	RAP1GDS1	SRR14800485	q_0.889	0.883094647314151
5807	ZNF493	SRR14800485	q_0.889	0.955485261372468
5808	VRK2	SRR14800485	q_0.889	0.860109530140769
5809	PMEPA1	SRR14800485	q_0.889	0.188910270484391
5810	CXCL12	SRR14800485	q_0.889	0.923143865903862
5811	EXOC1	SRR14800485	q_0.889	0.584418353124446
5812	FAM114A2	SRR14800485	q_0.889	0.871997017194136
5813	ANGEL2	SRR14800485	q_0.889	0.944450377487057
5814	TMEM183A	SRR14800485	q_0.889	0.795298284528739
5815	HDAC2	SRR14800485	q_0.889	0.745188756092517
5816	ATG5	SRR14800485	q_0.889	0.898785743633259
5817	SH3PXD2A	SRR14800485	q_0.889	0.828287353031978
5818	IFIT3	SRR14800485	q_0.889	0.985565031301217
5819	PBX2	SRR14800485	q_0.889	0.5977318714873
5820	IRF3	SRR14800485	q_0.889	0.766023702611388
5821	SPIRE2	SRR14800485	q_0.889	0.842271378892934
5822	CYBB	SRR14800485	q_0.889	0.583542534026279
5823	ASMTL	SRR14800485	q_0.889	0.646225595511382
5824	ETFRF1	SRR14800485	q_0.889	0.629841438021556
5825	PDE7A	SRR14800485	q_0.889	0.772498412779529
5826	CDH24	SRR14800485	q_0.889	0.992752696356332
5827	RELCH	SRR14800485	q_0.889	0.850931898294582
5828	ZFP90	SRR14800485	q_0.889	0.622742653096598
5829	SAR1B	SRR14800485	q_0.889	0.671263972018587
5830	PPP1R2	SRR14800485	q_0.889	0.395982767580362
5831	ENSG00000254706	SRR14800485	q_0.889	0.875144964332791
5832	GSKIP	SRR14800485	q_0.889	0.6151959785627
5833	GDI1	SRR14800485	q_0.889	0.580808609515769
5834	PNPT1	SRR14800485	q_0.889	0.82810381884755
5835	ZNF714	SRR14800485	q_0.889	0.854725909815419
5836	SLC9A7	SRR14800485	q_0.889	0.790134506643507
5837	DNAJC24	SRR14800485	q_0.889	0.711774348805877
5838	TLN2	SRR14800485	q_0.889	0.874458283867585
5839	SRP72	SRR14800485	q_0.889	0.845308200811558
5840	NSA2	SRR14800485	q_0.889	0.583416574630873
5841	THY1	SRR14800485	q_0.889	0.58525673668136
5842	PICALM	SRR14800485	q_0.889	0.882935838389834
5843	GLB1L2	SRR14800485	q_0.889	0.510962272888488
5844	SNHG10	SRR14800485	q_0.889	0.669756313237717
5845	MEF2A	SRR14800485	q_0.889	0.636348601292165
5846	GIPR	SRR14800485	q_0.889	0
5847	LINC02362	SRR14800485	q_0.889	0.922847344000868
5848	ENSG00000274322	SRR14800485	q_0.889	0.501778956157601
5849	ENSG00000291072	SRR14800485	q_0.889	0.930545245592497
5850	A4GALT	SRR14800485	q_0.889	0.9081145109219
5851	EPB41L4A-AS1	SRR14800485	q_0.889	0.636949746791432
5852	NCF1C	SRR14800485	q_0.889	0.837185323353249
5853	FOXJ2	SRR14800484	q_0.889	0.607658302259624
5854	TMEM38A	SRR14800484	q_0.889	0.830869199564387
5855	CCNE1	SRR14800484	q_0.889	0.845126096220138
5856	MCOLN1	SRR14800484	q_0.889	0.292143716126432
5857	FBXO3	SRR14800484	q_0.889	0.909615307253377
5858	SLC25A16	SRR14800484	q_0.889	0.959694533453137
5859	ZNF710	SRR14800484	q_0.889	0.888912157124865
5860	TM7SF2	SRR14800484	q_0.889	0.26400901078514
5861	UBP1	SRR14800484	q_0.889	0.664281556581926
5862	SPICE1	SRR14800484	q_0.889	0.847142570863604
5863	NPY1R	SRR14800484	q_0.889	0.655761277722404
5864	CENPV	SRR14800484	q_0.889	0.798443169208554
5865	METTL26	SRR14800484	q_0.889	0.864856586124907
5866	MCC	SRR14800484	q_0.889	0.562843535922117
5867	REG3A	SRR14800484	q_0.889	0.738255983442802
5868	USP38	SRR14800484	q_0.889	0.723646969959169
5869	CYP2W1	SRR14800484	q_0.889	0.808551962327968
5870	NFKBIB	SRR14800484	q_0.889	0.567662903136234
5871	ING3	SRR14800484	q_0.889	0.95537181323692
5872	HIGD1A	SRR14800484	q_0.889	0.718954867783258
5873	DUOXA2	SRR14800484	q_0.889	0.520131002118415
5874	CCDC149	SRR14800484	q_0.889	0.669555022698368
5875	FAXDC2	SRR14800484	q_0.889	0.777191703542023
5876	THOC6	SRR14800484	q_0.889	0.331179749183094
5877	POLR2J4	SRR14800484	q_0.889	0.952968234721042
5878	SYNM	SRR14800484	q_0.889	0.968585263864662
5879	SPNS2	SRR14800484	q_0.889	0
5880	SRPRA	SRR14800484	q_0.889	0.341396318226121
5881	LINC03040	SRR14800484	q_0.889	0.980566214424125
5882	RAP1GDS1	SRR14800484	q_0.889	0.682511774658798
5883	ZNF493	SRR14800484	q_0.889	0.987145597954861
5884	VRK2	SRR14800484	q_0.889	0.927961379827092
5885	PMEPA1	SRR14800484	q_0.889	0.922561801627409
5886	CXCL12	SRR14800484	q_0.889	0.866240212035818
5887	EXOC1	SRR14800484	q_0.889	0.8282789051904
5888	FAM114A2	SRR14800484	q_0.889	0.866308742187487
5889	ANGEL2	SRR14800484	q_0.889	0.897034908030637
5890	TMEM183A	SRR14800484	q_0.889	0.793971534438007
5891	HDAC2	SRR14800484	q_0.889	0.898654278034774
5892	ATG5	SRR14800484	q_0.889	0.938810238940758
5893	SH3PXD2A	SRR14800484	q_0.889	0.776975660685001
5894	IFIT3	SRR14800484	q_0.889	0.89170186397214
5895	PBX2	SRR14800484	q_0.889	0.579861442727391
5896	IRF3	SRR14800484	q_0.889	0.713292416948235
5897	SPIRE2	SRR14800484	q_0.889	0.817407743130169
5898	CYBB	SRR14800484	q_0.889	0.72908832748593
5899	ASMTL	SRR14800484	q_0.889	0.452783076896362
5900	ETFRF1	SRR14800484	q_0.889	0.772900146153225
5901	PDE7A	SRR14800484	q_0.889	0.909606412388002
5902	CDH24	SRR14800484	q_0.889	0.835937341969652
5903	RELCH	SRR14800484	q_0.889	0.878774477202641
5904	ZFP90	SRR14800484	q_0.889	0.832012264170169
5905	SAR1B	SRR14800484	q_0.889	0.720510193073702
5906	PPP1R2	SRR14800484	q_0.889	0.164651842278644
5907	ENSG00000254706	SRR14800484	q_0.889	0.544700139303775
5908	GSKIP	SRR14800484	q_0.889	0.0805779198094261
5909	GDI1	SRR14800484	q_0.889	0.326731273764904
5910	PNPT1	SRR14800484	q_0.889	0.956593021006448
5911	ZNF714	SRR14800484	q_0.889	0.765628878059186
5912	SLC9A7	SRR14800484	q_0.889	0.669412416781178
5913	DNAJC24	SRR14800484	q_0.889	0.840437116268775
5914	TLN2	SRR14800484	q_0.889	0.774476089840227
5915	SRP72	SRR14800484	q_0.889	0.752412673013167
5916	NSA2	SRR14800484	q_0.889	0.442420560489983
5917	THY1	SRR14800484	q_0.889	0.545881372766076
5918	PICALM	SRR14800484	q_0.889	0.847383135482055
5919	GLB1L2	SRR14800484	q_0.889	0.422969757103169
5920	SNHG10	SRR14800484	q_0.889	0.804720723776283
5921	MEF2A	SRR14800484	q_0.889	0.661422207186839
5922	GIPR	SRR14800484	q_0.889	0.613839697484933
5923	LINC02362	SRR14800484	q_0.889	0.849209428417926
5924	ENSG00000274322	SRR14800484	q_0.889	0.368227537078078
5925	ENSG00000291072	SRR14800484	q_0.889	0.820679646109553
5926	A4GALT	SRR14800484	q_0.889	0.567517690704877
5927	EPB41L4A-AS1	SRR14800484	q_0.889	0.739982649093404
5928	NCF1C	SRR14800484	q_0.889	0.847767019948184
5929	FOXJ2	SRR14800483	q_0.889	0.333698682595724
5930	TMEM38A	SRR14800483	q_0.889	0.963318878793373
5931	CCNE1	SRR14800483	q_0.889	0.688633732918995
5932	MCOLN1	SRR14800483	q_0.889	0.825183128756237
5933	FBXO3	SRR14800483	q_0.889	0.943819745935711
5934	SLC25A16	SRR14800483	q_0.889	0.824143937101972
5935	ZNF710	SRR14800483	q_0.889	0.998846139301626
5936	TM7SF2	SRR14800483	q_0.889	0.676168841905736
5937	UBP1	SRR14800483	q_0.889	0.752531259739979
5938	SPICE1	SRR14800483	q_0.889	0.838303315365361
5939	NPY1R	SRR14800483	q_0.889	0
5940	CENPV	SRR14800483	q_0.889	0.882571491116609
5941	METTL26	SRR14800483	q_0.889	0.785602328862499
5942	MCC	SRR14800483	q_0.889	0.423073535476844
5943	REG3A	SRR14800483	q_0.889	0.732642405631914
5944	USP38	SRR14800483	q_0.889	0.97171631987043
5945	CYP2W1	SRR14800483	q_0.889	0.477849115042121
5946	NFKBIB	SRR14800483	q_0.889	0.59439805326925
5947	ING3	SRR14800483	q_0.889	0.985382363835815
5948	HIGD1A	SRR14800483	q_0.889	0.860859708920981
5949	DUOXA2	SRR14800483	q_0.889	0.900361099446304
5950	CCDC149	SRR14800483	q_0.889	0.794290911939918
5951	FAXDC2	SRR14800483	q_0.889	0.481966429170435
5952	THOC6	SRR14800483	q_0.889	0.562353085982149
5953	POLR2J4	SRR14800483	q_0.889	0.948843128064633
5954	SYNM	SRR14800483	q_0.889	0.968032167609299
5955	SPNS2	SRR14800483	q_0.889	0.700536523010518
5956	SRPRA	SRR14800483	q_0.889	0.56690744902502
5957	LINC03040	SRR14800483	q_0.889	0.991435474746093
5958	RAP1GDS1	SRR14800483	q_0.889	0.91971826199416
5959	ZNF493	SRR14800483	q_0.889	0.93202548650974
5960	VRK2	SRR14800483	q_0.889	0.766218799237708
5961	PMEPA1	SRR14800483	q_0.889	0.591328557190791
5962	CXCL12	SRR14800483	q_0.889	0.881260835809998
5963	EXOC1	SRR14800483	q_0.889	0.918594348403946
5964	FAM114A2	SRR14800483	q_0.889	0.824395401190814
5965	ANGEL2	SRR14800483	q_0.889	0.841653102041814
5966	TMEM183A	SRR14800483	q_0.889	0.716486910237162
5967	HDAC2	SRR14800483	q_0.889	0.740423407748594
5968	ATG5	SRR14800483	q_0.889	0.982272964733647
5969	SH3PXD2A	SRR14800483	q_0.889	0.301669048609254
5970	IFIT3	SRR14800483	q_0.889	0.805065500703564
5971	PBX2	SRR14800483	q_0.889	0.753287140297792
5972	IRF3	SRR14800483	q_0.889	0.772981831508779
5973	SPIRE2	SRR14800483	q_0.889	0.884240624765754
5974	CYBB	SRR14800483	q_0.889	0.739363799497456
5975	ASMTL	SRR14800483	q_0.889	0.722702646591046
5976	ETFRF1	SRR14800483	q_0.889	0.462895774093762
5977	PDE7A	SRR14800483	q_0.889	0.882416663908187
5978	CDH24	SRR14800483	q_0.889	0.975378534979095
5979	RELCH	SRR14800483	q_0.889	0.842052272959095
5980	ZFP90	SRR14800483	q_0.889	0.588682276559051
5981	SAR1B	SRR14800483	q_0.889	0.647209110107488
5982	PPP1R2	SRR14800483	q_0.889	0.597865772455344
5983	ENSG00000254706	SRR14800483	q_0.889	0.679435328126548
5984	GSKIP	SRR14800483	q_0.889	0
5985	GDI1	SRR14800483	q_0.889	0.669321306204542
5986	PNPT1	SRR14800483	q_0.889	0.940153960792472
5987	ZNF714	SRR14800483	q_0.889	0.903271593193906
5988	SLC9A7	SRR14800483	q_0.889	0
5989	DNAJC24	SRR14800483	q_0.889	0.872361462648024
5990	TLN2	SRR14800483	q_0.889	0.828841759202266
5991	SRP72	SRR14800483	q_0.889	0.789091457917988
5992	NSA2	SRR14800483	q_0.889	0.474926289355591
5993	THY1	SRR14800483	q_0.889	0.459535975099071
5994	PICALM	SRR14800483	q_0.889	0.782768240490422
5995	GLB1L2	SRR14800483	q_0.889	0.550690074937032
5996	SNHG10	SRR14800483	q_0.889	0.785927381740641
5997	MEF2A	SRR14800483	q_0.889	0.930884821380589
5998	GIPR	SRR14800483	q_0.889	0.324345525629987
5999	LINC02362	SRR14800483	q_0.889	0.937057618224715
6000	ENSG00000274322	SRR14800483	q_0.889	0.274302359975051
6001	ENSG00000291072	SRR14800483	q_0.889	0.800796530454517
6002	A4GALT	SRR14800483	q_0.889	0.613971519171072
6003	EPB41L4A-AS1	SRR14800483	q_0.889	0.716727595068406
6004	NCF1C	SRR14800483	q_0.889	0.849243650290889
6005	FOXJ2	SRR14800482	q_0.889	0.560012761635799
6006	TMEM38A	SRR14800482	q_0.889	0.786787960997769
6007	CCNE1	SRR14800482	q_0.889	0.645168700195158
6008	MCOLN1	SRR14800482	q_0.889	0.393191564043082
6009	FBXO3	SRR14800482	q_0.889	0.923710869550537
6010	SLC25A16	SRR14800482	q_0.889	0.948457168542236
6011	ZNF710	SRR14800482	q_0.889	0.891481374683378
6012	TM7SF2	SRR14800482	q_0.889	0.221495603850624
6013	UBP1	SRR14800482	q_0.889	0.763508580175072
6014	SPICE1	SRR14800482	q_0.889	0.811389646798624
6015	NPY1R	SRR14800482	q_0.889	0.208892891621114
6016	CENPV	SRR14800482	q_0.889	0.864674046377267
6017	METTL26	SRR14800482	q_0.889	0.84250379428856
6018	MCC	SRR14800482	q_0.889	0.673467498081382
6019	REG3A	SRR14800482	q_0.889	0.998662257494369
6020	USP38	SRR14800482	q_0.889	0.9139351824289
6021	CYP2W1	SRR14800482	q_0.889	0.536379413386975
6022	NFKBIB	SRR14800482	q_0.889	0.602697079071998
6023	ING3	SRR14800482	q_0.889	0.942403964964456
6024	HIGD1A	SRR14800482	q_0.889	0.437385096754223
6025	DUOXA2	SRR14800482	q_0.889	0.135361461765382
6026	CCDC149	SRR14800482	q_0.889	0.675764042927148
6027	FAXDC2	SRR14800482	q_0.889	0.701696386119942
6028	THOC6	SRR14800482	q_0.889	0.184342738007602
6029	POLR2J4	SRR14800482	q_0.889	0.8821370033342
6030	SYNM	SRR14800482	q_0.889	0
6031	SPNS2	SRR14800482	q_0.889	0.603515875795628
6032	SRPRA	SRR14800482	q_0.889	0.395333497405187
6033	LINC03040	SRR14800482	q_0.889	0.968615397158174
6034	RAP1GDS1	SRR14800482	q_0.889	0.945263938808132
6035	ZNF493	SRR14800482	q_0.889	0.945091529365481
6036	VRK2	SRR14800482	q_0.889	0.80370014796947
6037	PMEPA1	SRR14800482	q_0.889	0.755941918464153
6038	CXCL12	SRR14800482	q_0.889	0.912912434639507
6039	EXOC1	SRR14800482	q_0.889	0.830993006798049
6040	FAM114A2	SRR14800482	q_0.889	0.867217508665397
6041	ANGEL2	SRR14800482	q_0.889	0.908492674546374
6042	TMEM183A	SRR14800482	q_0.889	0.860321346395963
6043	HDAC2	SRR14800482	q_0.889	0.748483746002472
6044	ATG5	SRR14800482	q_0.889	0.798136304643254
6045	SH3PXD2A	SRR14800482	q_0.889	0.861284303093399
6046	IFIT3	SRR14800482	q_0.889	0.985699151538232
6047	PBX2	SRR14800482	q_0.889	0.353568515822288
6048	IRF3	SRR14800482	q_0.889	0.751086749960414
6049	SPIRE2	SRR14800482	q_0.889	0.748487432150159
6050	CYBB	SRR14800482	q_0.889	0
6051	ASMTL	SRR14800482	q_0.889	0.657849227716967
6052	ETFRF1	SRR14800482	q_0.889	0.758232939771121
6053	PDE7A	SRR14800482	q_0.889	0.886308947467323
6054	CDH24	SRR14800482	q_0.889	0.803246557037821
6055	RELCH	SRR14800482	q_0.889	0.89664629280704
6056	ZFP90	SRR14800482	q_0.889	0.718421279295284
6057	SAR1B	SRR14800482	q_0.889	0.672284376917154
6058	PPP1R2	SRR14800482	q_0.889	0.221223985208513
6059	ENSG00000254706	SRR14800482	q_0.889	0.899810082754566
6060	GSKIP	SRR14800482	q_0.889	0.684567895822539
6061	GDI1	SRR14800482	q_0.889	0.445226180407216
6062	PNPT1	SRR14800482	q_0.889	0.651759571211887
6063	ZNF714	SRR14800482	q_0.889	0.919137560378304
6064	SLC9A7	SRR14800482	q_0.889	0.810841283205682
6065	DNAJC24	SRR14800482	q_0.889	0.72426250240111
6066	TLN2	SRR14800482	q_0.889	0.716356906308841
6067	SRP72	SRR14800482	q_0.889	0.555606425104049
6068	NSA2	SRR14800482	q_0.889	0.861832242891228
6069	THY1	SRR14800482	q_0.889	0.797792804851534
6070	PICALM	SRR14800482	q_0.889	0.817315518592381
6071	GLB1L2	SRR14800482	q_0.889	0.29548484185529
6072	SNHG10	SRR14800482	q_0.889	0.685218320565554
6073	MEF2A	SRR14800482	q_0.889	0.818660540536661
6074	GIPR	SRR14800482	q_0.889	0.994008871559644
6075	LINC02362	SRR14800482	q_0.889	0.690274463133916
6076	ENSG00000274322	SRR14800482	q_0.889	0.744839461177585
6077	ENSG00000291072	SRR14800482	q_0.889	0.90154089506812
6078	A4GALT	SRR14800482	q_0.889	0.585992787480388
6079	EPB41L4A-AS1	SRR14800482	q_0.889	0.851933377932101
6080	NCF1C	SRR14800482	q_0.889	0
6081	FOXJ2	SRR14800481	q_1.111	0.475757806947544
6082	TMEM38A	SRR14800481	q_1.111	0.709597086935092
6083	CCNE1	SRR14800481	q_1.111	0.330490872752518
6084	MCOLN1	SRR14800481	q_1.111	0.197747608733061
6085	FBXO3	SRR14800481	q_1.111	0.932364096383947
6086	SLC25A16	SRR14800481	q_1.111	0.834391817972209
6087	ZNF710	SRR14800481	q_1.111	0.871948272823253
6088	TM7SF2	SRR14800481	q_1.111	0.524839313902505
6089	UBP1	SRR14800481	q_1.111	0.69332620090884
6090	SPICE1	SRR14800481	q_1.111	0.825834678686146
6091	NPY1R	SRR14800481	q_1.111	0.437506816143623
6092	CENPV	SRR14800481	q_1.111	0.924841291310865
6093	METTL26	SRR14800481	q_1.111	0.609916302414832
6094	MCC	SRR14800481	q_1.111	0.0764517891048181
6095	REG3A	SRR14800481	q_1.111	NA
6096	USP38	SRR14800481	q_1.111	0.924535407991158
6097	CYP2W1	SRR14800481	q_1.111	0.392769580578169
6098	NFKBIB	SRR14800481	q_1.111	0.968006413675425
6099	ING3	SRR14800481	q_1.111	0.896276253421931
6100	HIGD1A	SRR14800481	q_1.111	0.504002384196856
6101	DUOXA2	SRR14800481	q_1.111	0
6102	CCDC149	SRR14800481	q_1.111	0.486491971313463
6103	FAXDC2	SRR14800481	q_1.111	0.701739231321764
6104	THOC6	SRR14800481	q_1.111	0.366129256856364
6105	POLR2J4	SRR14800481	q_1.111	0.943613493120083
6106	SYNM	SRR14800481	q_1.111	0
6107	SPNS2	SRR14800481	q_1.111	0.925554479827798
6108	SRPRA	SRR14800481	q_1.111	0.312771326780024
6109	LINC03040	SRR14800481	q_1.111	0.460324379241749
6110	RAP1GDS1	SRR14800481	q_1.111	0.713401109414316
6111	ZNF493	SRR14800481	q_1.111	0.982371341742747
6112	VRK2	SRR14800481	q_1.111	0.823016162841955
6113	PMEPA1	SRR14800481	q_1.111	0.71909238914349
6114	CXCL12	SRR14800481	q_1.111	0.500043141048453
6115	EXOC1	SRR14800481	q_1.111	0.707031829019439
6116	FAM114A2	SRR14800481	q_1.111	0.724945299105603
6117	ANGEL2	SRR14800481	q_1.111	0.89219319620195
6118	TMEM183A	SRR14800481	q_1.111	0.767116899859902
6119	HDAC2	SRR14800481	q_1.111	0.631211455556527
6120	ATG5	SRR14800481	q_1.111	0.793234328683553
6121	SH3PXD2A	SRR14800481	q_1.111	0.879367562224213
6122	IFIT3	SRR14800481	q_1.111	0.790868411567128
6123	PBX2	SRR14800481	q_1.111	0.563363708433853
6124	IRF3	SRR14800481	q_1.111	0.791872368348311
6125	SPIRE2	SRR14800481	q_1.111	0.791249960805853
6126	CYBB	SRR14800481	q_1.111	0.712099191132575
6127	ASMTL	SRR14800481	q_1.111	0.430869923818733
6128	ETFRF1	SRR14800481	q_1.111	0.505342116234105
6129	PDE7A	SRR14800481	q_1.111	0.94747380295163
6130	CDH24	SRR14800481	q_1.111	0.963040687411223
6131	RELCH	SRR14800481	q_1.111	0.881814757134835
6132	ZFP90	SRR14800481	q_1.111	0.720540031634804
6133	SAR1B	SRR14800481	q_1.111	0.528413885399929
6134	PPP1R2	SRR14800481	q_1.111	0.33057591237605
6135	ENSG00000254706	SRR14800481	q_1.111	0.914265555730446
6136	GSKIP	SRR14800481	q_1.111	0.60147252917873
6137	GDI1	SRR14800481	q_1.111	0.398802153331305
6138	PNPT1	SRR14800481	q_1.111	0.302987382137831
6139	ZNF714	SRR14800481	q_1.111	0.915960478734704
6140	SLC9A7	SRR14800481	q_1.111	0
6141	DNAJC24	SRR14800481	q_1.111	0.759378477772986
6142	TLN2	SRR14800481	q_1.111	0.807484271655574
6143	SRP72	SRR14800481	q_1.111	0.6593973640184
6144	NSA2	SRR14800481	q_1.111	0.826147305690684
6145	THY1	SRR14800481	q_1.111	0.618834401087589
6146	PICALM	SRR14800481	q_1.111	0.745360859924111
6147	GLB1L2	SRR14800481	q_1.111	0.339619900213744
6148	SNHG10	SRR14800481	q_1.111	0.901520893991595
6149	MEF2A	SRR14800481	q_1.111	0.82735441956141
6150	GIPR	SRR14800481	q_1.111	0.875160300930401
6151	LINC02362	SRR14800481	q_1.111	0.82093689385793
6152	ENSG00000274322	SRR14800481	q_1.111	0.625348352331135
6153	ENSG00000291072	SRR14800481	q_1.111	0.898418904049024
6154	A4GALT	SRR14800481	q_1.111	0.506888394721471
6155	EPB41L4A-AS1	SRR14800481	q_1.111	0.901101820807803
6156	NCF1C	SRR14800481	q_1.111	0.617102218900309
6157	FOXJ2	SRR14800480	q_1.111	0.779930415196809
6158	TMEM38A	SRR14800480	q_1.111	0.508546378606482
6159	CCNE1	SRR14800480	q_1.111	0.662863715830062
6160	MCOLN1	SRR14800480	q_1.111	0.648871921491597
6161	FBXO3	SRR14800480	q_1.111	0.882669591422035
6162	SLC25A16	SRR14800480	q_1.111	0.771199029129696
6163	ZNF710	SRR14800480	q_1.111	0.875436312027086
6164	TM7SF2	SRR14800480	q_1.111	0.435570235815591
6165	UBP1	SRR14800480	q_1.111	0.633990751206534
6166	SPICE1	SRR14800480	q_1.111	0.838042771113386
6167	NPY1R	SRR14800480	q_1.111	0.842830137193713
6168	CENPV	SRR14800480	q_1.111	0.877131908583697
6169	METTL26	SRR14800480	q_1.111	0.660163948145502
6170	MCC	SRR14800480	q_1.111	0.384151371772256
6171	REG3A	SRR14800480	q_1.111	0.982049754943596
6172	USP38	SRR14800480	q_1.111	0.929449162453389
6173	CYP2W1	SRR14800480	q_1.111	0.494336403775187
6174	NFKBIB	SRR14800480	q_1.111	0.649597839826756
6175	ING3	SRR14800480	q_1.111	0.984449468355967
6176	HIGD1A	SRR14800480	q_1.111	0.911785489482328
6177	DUOXA2	SRR14800480	q_1.111	0
6178	CCDC149	SRR14800480	q_1.111	0.946593766526668
6179	FAXDC2	SRR14800480	q_1.111	0.885733409280042
6180	THOC6	SRR14800480	q_1.111	0.412345478393051
6181	POLR2J4	SRR14800480	q_1.111	0.904334455403428
6182	SYNM	SRR14800480	q_1.111	0.999664970207179
6183	SPNS2	SRR14800480	q_1.111	0.772790427733266
6184	SRPRA	SRR14800480	q_1.111	0.388156432810052
6185	LINC03040	SRR14800480	q_1.111	0.596197415739918
6186	RAP1GDS1	SRR14800480	q_1.111	0.792889671196245
6187	ZNF493	SRR14800480	q_1.111	0.938879889848175
6188	VRK2	SRR14800480	q_1.111	0.775840812099662
6189	PMEPA1	SRR14800480	q_1.111	0.63370962003031
6190	CXCL12	SRR14800480	q_1.111	0.566030954653341
6191	EXOC1	SRR14800480	q_1.111	0.586599228029078
6192	FAM114A2	SRR14800480	q_1.111	0.633535872139532
6193	ANGEL2	SRR14800480	q_1.111	0.81825814735883
6194	TMEM183A	SRR14800480	q_1.111	0.840342030768742
6195	HDAC2	SRR14800480	q_1.111	0.758379939215454
6196	ATG5	SRR14800480	q_1.111	0.769100812774199
6197	SH3PXD2A	SRR14800480	q_1.111	0.73077176111818
6198	IFIT3	SRR14800480	q_1.111	0.702733371188816
6199	PBX2	SRR14800480	q_1.111	0.745722877085367
6200	IRF3	SRR14800480	q_1.111	0.8051254220446
6201	SPIRE2	SRR14800480	q_1.111	0.828156990910029
6202	CYBB	SRR14800480	q_1.111	0.558415700968115
6203	ASMTL	SRR14800480	q_1.111	0.208957232525
6204	ETFRF1	SRR14800480	q_1.111	0.697559779945061
6205	PDE7A	SRR14800480	q_1.111	0.954687204256283
6206	CDH24	SRR14800480	q_1.111	0.401644223562471
6207	RELCH	SRR14800480	q_1.111	0.948905191215013
6208	ZFP90	SRR14800480	q_1.111	0.767605089856058
6209	SAR1B	SRR14800480	q_1.111	0.788993201439778
6210	PPP1R2	SRR14800480	q_1.111	0.251860233120936
6211	ENSG00000254706	SRR14800480	q_1.111	0.349135336026193
6212	GSKIP	SRR14800480	q_1.111	0.514976857181977
6213	GDI1	SRR14800480	q_1.111	0.593632569535675
6214	PNPT1	SRR14800480	q_1.111	0.85429561182176
6215	ZNF714	SRR14800480	q_1.111	0.824568932466031
6216	SLC9A7	SRR14800480	q_1.111	0.46065779465352
6217	DNAJC24	SRR14800480	q_1.111	0.703889689693128
6218	TLN2	SRR14800480	q_1.111	0.878349843492397
6219	SRP72	SRR14800480	q_1.111	0.775557892964973
6220	NSA2	SRR14800480	q_1.111	0.318031465516851
6221	THY1	SRR14800480	q_1.111	0.640558369967119
6222	PICALM	SRR14800480	q_1.111	0.865892849517925
6223	GLB1L2	SRR14800480	q_1.111	0.346733888786451
6224	SNHG10	SRR14800480	q_1.111	0.541149623343266
6225	MEF2A	SRR14800480	q_1.111	0.839384646055015
6226	GIPR	SRR14800480	q_1.111	0.962668439505784
6227	LINC02362	SRR14800480	q_1.111	0.969029332731278
6228	ENSG00000274322	SRR14800480	q_1.111	0.545714394813195
6229	ENSG00000291072	SRR14800480	q_1.111	0.985205601092764
6230	A4GALT	SRR14800480	q_1.111	0.399840691952193
6231	EPB41L4A-AS1	SRR14800480	q_1.111	0.814959782104037
6232	NCF1C	SRR14800480	q_1.111	0.870882587372414
6233	FOXJ2	SRR14800477	q_1.111	0.680113460440745
6234	TMEM38A	SRR14800477	q_1.111	0.408515761228346
6235	CCNE1	SRR14800477	q_1.111	0
6236	MCOLN1	SRR14800477	q_1.111	0.676424870197251
6237	FBXO3	SRR14800477	q_1.111	0.987731848447794
6238	SLC25A16	SRR14800477	q_1.111	0.940836102924405
6239	ZNF710	SRR14800477	q_1.111	0.887897074170474
6240	TM7SF2	SRR14800477	q_1.111	0.555588052006614
6241	UBP1	SRR14800477	q_1.111	0.856110045106491
6242	SPICE1	SRR14800477	q_1.111	0.731846672710092
6243	NPY1R	SRR14800477	q_1.111	0.651517680975652
6244	CENPV	SRR14800477	q_1.111	0.940921447690632
6245	METTL26	SRR14800477	q_1.111	0.777540035897397
6246	MCC	SRR14800477	q_1.111	0.421167754458832
6247	REG3A	SRR14800477	q_1.111	NA
6248	USP38	SRR14800477	q_1.111	0.961393284454764
6249	CYP2W1	SRR14800477	q_1.111	0
6250	NFKBIB	SRR14800477	q_1.111	0.605956345031616
6251	ING3	SRR14800477	q_1.111	0.853211023625654
6252	HIGD1A	SRR14800477	q_1.111	0.794390139994432
6253	DUOXA2	SRR14800477	q_1.111	NA
6254	CCDC149	SRR14800477	q_1.111	0.881193137078791
6255	FAXDC2	SRR14800477	q_1.111	0.834319879047578
6256	THOC6	SRR14800477	q_1.111	0.192481723923996
6257	POLR2J4	SRR14800477	q_1.111	0.880143900497454
6258	SYNM	SRR14800477	q_1.111	0.999985474253441
6259	SPNS2	SRR14800477	q_1.111	0
6260	SRPRA	SRR14800477	q_1.111	0.450491944522626
6261	LINC03040	SRR14800477	q_1.111	0
6262	RAP1GDS1	SRR14800477	q_1.111	0.780801578734875
6263	ZNF493	SRR14800477	q_1.111	0.968637327137637
6264	VRK2	SRR14800477	q_1.111	0.9459136111058
6265	PMEPA1	SRR14800477	q_1.111	0.704950987433832
6266	CXCL12	SRR14800477	q_1.111	0.458366116847041
6267	EXOC1	SRR14800477	q_1.111	0.880324787660008
6268	FAM114A2	SRR14800477	q_1.111	0.767127267257289
6269	ANGEL2	SRR14800477	q_1.111	0.880180311629145
6270	TMEM183A	SRR14800477	q_1.111	0.899240084141068
6271	HDAC2	SRR14800477	q_1.111	0.788270826979856
6272	ATG5	SRR14800477	q_1.111	0.831790979673257
6273	SH3PXD2A	SRR14800477	q_1.111	0.798549026262974
6274	IFIT3	SRR14800477	q_1.111	0
6275	PBX2	SRR14800477	q_1.111	0.834720037504787
6276	IRF3	SRR14800477	q_1.111	0.762659550215185
6277	SPIRE2	SRR14800477	q_1.111	0.792666701510437
6278	CYBB	SRR14800477	q_1.111	0.707142971873268
6279	ASMTL	SRR14800477	q_1.111	0.701209998818491
6280	ETFRF1	SRR14800477	q_1.111	0.399445788440631
6281	PDE7A	SRR14800477	q_1.111	0.930373679515208
6282	CDH24	SRR14800477	q_1.111	0.172875480613003
6283	RELCH	SRR14800477	q_1.111	0.947594901973939
6284	ZFP90	SRR14800477	q_1.111	0.658631079814424
6285	SAR1B	SRR14800477	q_1.111	0.805635283849008
6286	PPP1R2	SRR14800477	q_1.111	0.401587117131221
6287	ENSG00000254706	SRR14800477	q_1.111	0.343289722537362
6288	GSKIP	SRR14800477	q_1.111	0.0285635575086595
6289	GDI1	SRR14800477	q_1.111	0.300031302017144
6290	PNPT1	SRR14800477	q_1.111	0.961791160957881
6291	ZNF714	SRR14800477	q_1.111	0.718315807221624
6292	SLC9A7	SRR14800477	q_1.111	0
6293	DNAJC24	SRR14800477	q_1.111	0.751714896536469
6294	TLN2	SRR14800477	q_1.111	0.834645332768642
6295	SRP72	SRR14800477	q_1.111	0.871369487665634
6296	NSA2	SRR14800477	q_1.111	0.434810759878283
6297	THY1	SRR14800477	q_1.111	0.257351207124538
6298	PICALM	SRR14800477	q_1.111	0.825166866112334
6299	GLB1L2	SRR14800477	q_1.111	0.502926855209225
6300	SNHG10	SRR14800477	q_1.111	0.885911061386187
6301	MEF2A	SRR14800477	q_1.111	0.866184937438629
6302	GIPR	SRR14800477	q_1.111	0.804945074460259
6303	LINC02362	SRR14800477	q_1.111	0.981005470824256
6304	ENSG00000274322	SRR14800477	q_1.111	0.437956701184439
6305	ENSG00000291072	SRR14800477	q_1.111	0.740067841941968
6306	A4GALT	SRR14800477	q_1.111	0.615324581367408
6307	EPB41L4A-AS1	SRR14800477	q_1.111	0.767135275183893
6308	NCF1C	SRR14800477	q_1.111	0.908801702269822
6309	FOXJ2	SRR14800476	q_1.111	0.571898328438669
6310	TMEM38A	SRR14800476	q_1.111	0.860376067660095
6311	CCNE1	SRR14800476	q_1.111	0.870576726137338
6312	MCOLN1	SRR14800476	q_1.111	0.549066895527767
6313	FBXO3	SRR14800476	q_1.111	0.985455959493856
6314	SLC25A16	SRR14800476	q_1.111	0.817201873991185
6315	ZNF710	SRR14800476	q_1.111	0.796606034724397
6316	TM7SF2	SRR14800476	q_1.111	0.430201235386668
6317	UBP1	SRR14800476	q_1.111	0.927205705303815
6318	SPICE1	SRR14800476	q_1.111	0.749305483833788
6319	NPY1R	SRR14800476	q_1.111	0.829166543432308
6320	CENPV	SRR14800476	q_1.111	0.792824614130839
6321	METTL26	SRR14800476	q_1.111	0.708270256519565
6322	MCC	SRR14800476	q_1.111	0.54289684063321
6323	REG3A	SRR14800476	q_1.111	0
6324	USP38	SRR14800476	q_1.111	0.983372397694906
6325	CYP2W1	SRR14800476	q_1.111	0
6326	NFKBIB	SRR14800476	q_1.111	0.710525785346987
6327	ING3	SRR14800476	q_1.111	0.770409527656269
6328	HIGD1A	SRR14800476	q_1.111	0.881703768129807
6329	DUOXA2	SRR14800476	q_1.111	0
6330	CCDC149	SRR14800476	q_1.111	0.797823219769286
6331	FAXDC2	SRR14800476	q_1.111	0.715665712941193
6332	THOC6	SRR14800476	q_1.111	0.196724706544824
6333	POLR2J4	SRR14800476	q_1.111	0.877153673114552
6334	SYNM	SRR14800476	q_1.111	0.993331425398181
6335	SPNS2	SRR14800476	q_1.111	0.49476091011602
6336	SRPRA	SRR14800476	q_1.111	0.513125525405908
6337	LINC03040	SRR14800476	q_1.111	0.643064152431477
6338	RAP1GDS1	SRR14800476	q_1.111	0.743331689102198
6339	ZNF493	SRR14800476	q_1.111	0.949238104814737
6340	VRK2	SRR14800476	q_1.111	0.911318250674855
6341	PMEPA1	SRR14800476	q_1.111	0.783088507287577
6342	CXCL12	SRR14800476	q_1.111	0.507179894285001
6343	EXOC1	SRR14800476	q_1.111	0.741817411192306
6344	FAM114A2	SRR14800476	q_1.111	0.650121326861626
6345	ANGEL2	SRR14800476	q_1.111	0.827653772019411
6346	TMEM183A	SRR14800476	q_1.111	0.907480558416304
6347	HDAC2	SRR14800476	q_1.111	0.882132376016927
6348	ATG5	SRR14800476	q_1.111	0.792145572863743
6349	SH3PXD2A	SRR14800476	q_1.111	0.902245114180963
6350	IFIT3	SRR14800476	q_1.111	0.999980182831517
6351	PBX2	SRR14800476	q_1.111	0.743073120183253
6352	IRF3	SRR14800476	q_1.111	0.810523335706544
6353	SPIRE2	SRR14800476	q_1.111	0.823171856027052
6354	CYBB	SRR14800476	q_1.111	0.617982831041874
6355	ASMTL	SRR14800476	q_1.111	0.400940595361677
6356	ETFRF1	SRR14800476	q_1.111	0.419372927628563
6357	PDE7A	SRR14800476	q_1.111	0.841427607020825
6358	CDH24	SRR14800476	q_1.111	0.6047402569263
6359	RELCH	SRR14800476	q_1.111	0.948410158964359
6360	ZFP90	SRR14800476	q_1.111	0.767798660185858
6361	SAR1B	SRR14800476	q_1.111	0.618887982838731
6362	PPP1R2	SRR14800476	q_1.111	0.327725363090811
6363	ENSG00000254706	SRR14800476	q_1.111	0.844287888684487
6364	GSKIP	SRR14800476	q_1.111	0.546181780999444
6365	GDI1	SRR14800476	q_1.111	0.435862259034325
6366	PNPT1	SRR14800476	q_1.111	0.806499480506083
6367	ZNF714	SRR14800476	q_1.111	0.832608322005784
6368	SLC9A7	SRR14800476	q_1.111	0.946799118071435
6369	DNAJC24	SRR14800476	q_1.111	0.893138533655552
6370	TLN2	SRR14800476	q_1.111	0.896606773078627
6371	SRP72	SRR14800476	q_1.111	0.817321601025935
6372	NSA2	SRR14800476	q_1.111	0.499897013131741
6373	THY1	SRR14800476	q_1.111	0.335989908425262
6374	PICALM	SRR14800476	q_1.111	0.978897648655663
6375	GLB1L2	SRR14800476	q_1.111	0.531291508351354
6376	SNHG10	SRR14800476	q_1.111	0.928776339331904
6377	MEF2A	SRR14800476	q_1.111	0.74832944506689
6378	GIPR	SRR14800476	q_1.111	0.961393789921453
6379	LINC02362	SRR14800476	q_1.111	0.956213294465488
6380	ENSG00000274322	SRR14800476	q_1.111	0.426054976578198
6381	ENSG00000291072	SRR14800476	q_1.111	0.850303996673694
6382	A4GALT	SRR14800476	q_1.111	0.183904801010884
6383	EPB41L4A-AS1	SRR14800476	q_1.111	0.788024908742752
6384	NCF1C	SRR14800476	q_1.111	0.601769313207609
6385	FOXJ2	SRR14800475	q_1.111	0.73951137439595
6386	TMEM38A	SRR14800475	q_1.111	0.933781660513387
6387	CCNE1	SRR14800475	q_1.111	0.30583215950044
6388	MCOLN1	SRR14800475	q_1.111	0.63870892465099
6389	FBXO3	SRR14800475	q_1.111	0.905048729343735
6390	SLC25A16	SRR14800475	q_1.111	0.881675321121282
6391	ZNF710	SRR14800475	q_1.111	0.901804823076113
6392	TM7SF2	SRR14800475	q_1.111	0.188366275931261
6393	UBP1	SRR14800475	q_1.111	0.604240969163746
6394	SPICE1	SRR14800475	q_1.111	0.784270498372887
6395	NPY1R	SRR14800475	q_1.111	0.134087232152969
6396	CENPV	SRR14800475	q_1.111	0.769918268780164
6397	METTL26	SRR14800475	q_1.111	0.635527898750303
6398	MCC	SRR14800475	q_1.111	0.513949711234788
6399	REG3A	SRR14800475	q_1.111	0
6400	USP38	SRR14800475	q_1.111	0.844750262013573
6401	CYP2W1	SRR14800475	q_1.111	0
6402	NFKBIB	SRR14800475	q_1.111	0.704039732378874
6403	ING3	SRR14800475	q_1.111	0.757597075892446
6404	HIGD1A	SRR14800475	q_1.111	0.805608731402657
6405	DUOXA2	SRR14800475	q_1.111	0.765574892618966
6406	CCDC149	SRR14800475	q_1.111	0.903286801758275
6407	FAXDC2	SRR14800475	q_1.111	0.815550704871566
6408	THOC6	SRR14800475	q_1.111	0.879473670231337
6409	POLR2J4	SRR14800475	q_1.111	0.953965951104745
6410	SYNM	SRR14800475	q_1.111	0.999719487918239
6411	SPNS2	SRR14800475	q_1.111	0.771270670349302
6412	SRPRA	SRR14800475	q_1.111	0.257542577411854
6413	LINC03040	SRR14800475	q_1.111	0.948105997934965
6414	RAP1GDS1	SRR14800475	q_1.111	0.670473144460118
6415	ZNF493	SRR14800475	q_1.111	0.949608108976626
6416	VRK2	SRR14800475	q_1.111	0.812897142029105
6417	PMEPA1	SRR14800475	q_1.111	0.182766370732352
6418	CXCL12	SRR14800475	q_1.111	0.450458859202959
6419	EXOC1	SRR14800475	q_1.111	0.550026631926917
6420	FAM114A2	SRR14800475	q_1.111	0.595397092054535
6421	ANGEL2	SRR14800475	q_1.111	0.742913016247245
6422	TMEM183A	SRR14800475	q_1.111	0.967722881104336
6423	HDAC2	SRR14800475	q_1.111	0.73111005176227
6424	ATG5	SRR14800475	q_1.111	0.941610286983649
6425	SH3PXD2A	SRR14800475	q_1.111	0.226136670794158
6426	IFIT3	SRR14800475	q_1.111	0.679911226155053
6427	PBX2	SRR14800475	q_1.111	0.511476279072169
6428	IRF3	SRR14800475	q_1.111	0.700829833305496
6429	SPIRE2	SRR14800475	q_1.111	0.703274121868056
6430	CYBB	SRR14800475	q_1.111	0.683832969117176
6431	ASMTL	SRR14800475	q_1.111	0.371062116393134
6432	ETFRF1	SRR14800475	q_1.111	0.356078136397817
6433	PDE7A	SRR14800475	q_1.111	0.952627364736078
6434	CDH24	SRR14800475	q_1.111	0.621470604812173
6435	RELCH	SRR14800475	q_1.111	0.742494997484214
6436	ZFP90	SRR14800475	q_1.111	0.584883372434686
6437	SAR1B	SRR14800475	q_1.111	0.596178054471781
6438	PPP1R2	SRR14800475	q_1.111	0.742065085187958
6439	ENSG00000254706	SRR14800475	q_1.111	0.879926234745877
6440	GSKIP	SRR14800475	q_1.111	0.630197506243731
6441	GDI1	SRR14800475	q_1.111	0.263423067233398
6442	PNPT1	SRR14800475	q_1.111	0.668560293162817
6443	ZNF714	SRR14800475	q_1.111	0.564552705411924
6444	SLC9A7	SRR14800475	q_1.111	0.96495615521089
6445	DNAJC24	SRR14800475	q_1.111	0.568174954763934
6446	TLN2	SRR14800475	q_1.111	0.735874229624984
6447	SRP72	SRR14800475	q_1.111	0.885394842614306
6448	NSA2	SRR14800475	q_1.111	0.432712245310469
6449	THY1	SRR14800475	q_1.111	0.378031278462692
6450	PICALM	SRR14800475	q_1.111	0.901158991872762
6451	GLB1L2	SRR14800475	q_1.111	0.451340867606603
6452	SNHG10	SRR14800475	q_1.111	0.767666682997809
6453	MEF2A	SRR14800475	q_1.111	0.664630018637992
6454	GIPR	SRR14800475	q_1.111	NA
6455	LINC02362	SRR14800475	q_1.111	0.754914048217908
6456	ENSG00000274322	SRR14800475	q_1.111	0
6457	ENSG00000291072	SRR14800475	q_1.111	0.832776587707202
6458	A4GALT	SRR14800475	q_1.111	0.834760563016785
6459	EPB41L4A-AS1	SRR14800475	q_1.111	0.394534586209963
6460	NCF1C	SRR14800475	q_1.111	0.428959214842128
6461	FOXJ2	SRR14800490	q_1.111	0.74449294677883
6462	TMEM38A	SRR14800490	q_1.111	0.999575528586613
6463	CCNE1	SRR14800490	q_1.111	NA
6464	MCOLN1	SRR14800490	q_1.111	0.433227659205366
6465	FBXO3	SRR14800490	q_1.111	0.861779363049311
6466	SLC25A16	SRR14800490	q_1.111	0.837148979774615
6467	ZNF710	SRR14800490	q_1.111	0.914900671492925
6468	TM7SF2	SRR14800490	q_1.111	0.814362611280694
6469	UBP1	SRR14800490	q_1.111	0.729367552715895
6470	SPICE1	SRR14800490	q_1.111	0.790647893258471
6471	NPY1R	SRR14800490	q_1.111	0.685178739832391
6472	CENPV	SRR14800490	q_1.111	0.886289714294335
6473	METTL26	SRR14800490	q_1.111	0.64363782559889
6474	MCC	SRR14800490	q_1.111	0.538345354887872
6475	REG3A	SRR14800490	q_1.111	NA
6476	USP38	SRR14800490	q_1.111	0.84110778566817
6477	CYP2W1	SRR14800490	q_1.111	0
6478	NFKBIB	SRR14800490	q_1.111	0.672305502295154
6479	ING3	SRR14800490	q_1.111	0.898132125774094
6480	HIGD1A	SRR14800490	q_1.111	0.771389880859791
6481	DUOXA2	SRR14800490	q_1.111	NA
6482	CCDC149	SRR14800490	q_1.111	0.910366696231995
6483	FAXDC2	SRR14800490	q_1.111	0.737750956392794
6484	THOC6	SRR14800490	q_1.111	0.388754267550505
6485	POLR2J4	SRR14800490	q_1.111	0.973033971926239
6486	SYNM	SRR14800490	q_1.111	0.98923460824798
6487	SPNS2	SRR14800490	q_1.111	0
6488	SRPRA	SRR14800490	q_1.111	0.531332819005143
6489	LINC03040	SRR14800490	q_1.111	0
6490	RAP1GDS1	SRR14800490	q_1.111	0.720120882281879
6491	ZNF493	SRR14800490	q_1.111	0.938665215861617
6492	VRK2	SRR14800490	q_1.111	0.823879919097268
6493	PMEPA1	SRR14800490	q_1.111	0.151687054398501
6494	CXCL12	SRR14800490	q_1.111	0.580782939404207
6495	EXOC1	SRR14800490	q_1.111	0.751358540135786
6496	FAM114A2	SRR14800490	q_1.111	0.757959755338558
6497	ANGEL2	SRR14800490	q_1.111	0.911409459352668
6498	TMEM183A	SRR14800490	q_1.111	0.871322538616796
6499	HDAC2	SRR14800490	q_1.111	0.711668213447188
6500	ATG5	SRR14800490	q_1.111	0.753209706864594
6501	SH3PXD2A	SRR14800490	q_1.111	0.438584946204625
6502	IFIT3	SRR14800490	q_1.111	0.742058369636592
6503	PBX2	SRR14800490	q_1.111	0.51047740567792
6504	IRF3	SRR14800490	q_1.111	0.664148162572995
6505	SPIRE2	SRR14800490	q_1.111	0.907884904074379
6506	CYBB	SRR14800490	q_1.111	0.52558421281519
6507	ASMTL	SRR14800490	q_1.111	0.391591196088849
6508	ETFRF1	SRR14800490	q_1.111	0.437042775226057
6509	PDE7A	SRR14800490	q_1.111	0.765377754341418
6510	CDH24	SRR14800490	q_1.111	0.475026246680128
6511	RELCH	SRR14800490	q_1.111	0.807841928053712
6512	ZFP90	SRR14800490	q_1.111	0.894728635732777
6513	SAR1B	SRR14800490	q_1.111	0.56449375560422
6514	PPP1R2	SRR14800490	q_1.111	0.545643065252207
6515	ENSG00000254706	SRR14800490	q_1.111	0.390113650208158
6516	GSKIP	SRR14800490	q_1.111	0
6517	GDI1	SRR14800490	q_1.111	0.452612877292508
6518	PNPT1	SRR14800490	q_1.111	0.604718431541472
6519	ZNF714	SRR14800490	q_1.111	0.387421803408829
6520	SLC9A7	SRR14800490	q_1.111	0.30038291124039
6521	DNAJC24	SRR14800490	q_1.111	0.56161274164737
6522	TLN2	SRR14800490	q_1.111	0.858728844311585
6523	SRP72	SRR14800490	q_1.111	0.857874073769755
6524	NSA2	SRR14800490	q_1.111	0.349511093927815
6525	THY1	SRR14800490	q_1.111	0.327036513570942
6526	PICALM	SRR14800490	q_1.111	0.893581899574794
6527	GLB1L2	SRR14800490	q_1.111	0.687672131641741
6528	SNHG10	SRR14800490	q_1.111	0.765514149529063
6529	MEF2A	SRR14800490	q_1.111	0.693998964272441
6530	GIPR	SRR14800490	q_1.111	NA
6531	LINC02362	SRR14800490	q_1.111	0.826510076301955
6532	ENSG00000274322	SRR14800490	q_1.111	0.805601541810786
6533	ENSG00000291072	SRR14800490	q_1.111	0.65410196225433
6534	A4GALT	SRR14800490	q_1.111	0.781966735206204
6535	EPB41L4A-AS1	SRR14800490	q_1.111	0.814927442061799
6536	NCF1C	SRR14800490	q_1.111	0.551173595201425
6537	FOXJ2	SRR14800489	q_1.111	0.708036004026243
6538	TMEM38A	SRR14800489	q_1.111	0.966662647033671
6539	CCNE1	SRR14800489	q_1.111	0.286508167639397
6540	MCOLN1	SRR14800489	q_1.111	0.466247834799828
6541	FBXO3	SRR14800489	q_1.111	0.960336248910346
6542	SLC25A16	SRR14800489	q_1.111	0.746177631358935
6543	ZNF710	SRR14800489	q_1.111	0.931953015148048
6544	TM7SF2	SRR14800489	q_1.111	0.371875092062083
6545	UBP1	SRR14800489	q_1.111	0.741971903859604
6546	SPICE1	SRR14800489	q_1.111	0.673792204714881
6547	NPY1R	SRR14800489	q_1.111	0.628124036133901
6548	CENPV	SRR14800489	q_1.111	0.904228549881278
6549	METTL26	SRR14800489	q_1.111	0.731403955980598
6550	MCC	SRR14800489	q_1.111	0.501827326155789
6551	REG3A	SRR14800489	q_1.111	NA
6552	USP38	SRR14800489	q_1.111	0.933448726691928
6553	CYP2W1	SRR14800489	q_1.111	0
6554	NFKBIB	SRR14800489	q_1.111	0.668676107966998
6555	ING3	SRR14800489	q_1.111	0.956312934588992
6556	HIGD1A	SRR14800489	q_1.111	0.834997615802241
6557	DUOXA2	SRR14800489	q_1.111	0.95962806177309
6558	CCDC149	SRR14800489	q_1.111	0.954226066495532
6559	FAXDC2	SRR14800489	q_1.111	0.803600511029421
6560	THOC6	SRR14800489	q_1.111	0.409858644116608
6561	POLR2J4	SRR14800489	q_1.111	0.872498305829063
6562	SYNM	SRR14800489	q_1.111	0.969468941907322
6563	SPNS2	SRR14800489	q_1.111	0
6564	SRPRA	SRR14800489	q_1.111	0.559936301114891
6565	LINC03040	SRR14800489	q_1.111	0
6566	RAP1GDS1	SRR14800489	q_1.111	0.926344698737633
6567	ZNF493	SRR14800489	q_1.111	0.936864888657017
6568	VRK2	SRR14800489	q_1.111	0.858998493492117
6569	PMEPA1	SRR14800489	q_1.111	0.64152413960561
6570	CXCL12	SRR14800489	q_1.111	0.557665531314941
6571	EXOC1	SRR14800489	q_1.111	0.96833894043527
6572	FAM114A2	SRR14800489	q_1.111	0.870314657821417
6573	ANGEL2	SRR14800489	q_1.111	0.870152879915158
6574	TMEM183A	SRR14800489	q_1.111	0.945960090267878
6575	HDAC2	SRR14800489	q_1.111	0.643096579055024
6576	ATG5	SRR14800489	q_1.111	0.796192750174614
6577	SH3PXD2A	SRR14800489	q_1.111	0.81903364316851
6578	IFIT3	SRR14800489	q_1.111	0.990935952992089
6579	PBX2	SRR14800489	q_1.111	0.644589708886918
6580	IRF3	SRR14800489	q_1.111	0.733712518722706
6581	SPIRE2	SRR14800489	q_1.111	0.892241743787224
6582	CYBB	SRR14800489	q_1.111	0.656822861727219
6583	ASMTL	SRR14800489	q_1.111	0.374838919908135
6584	ETFRF1	SRR14800489	q_1.111	0.514632467294946
6585	PDE7A	SRR14800489	q_1.111	0.745353616406408
6586	CDH24	SRR14800489	q_1.111	0.64500437888394
6587	RELCH	SRR14800489	q_1.111	0.870582138444351
6588	ZFP90	SRR14800489	q_1.111	0.724485014603786
6589	SAR1B	SRR14800489	q_1.111	0.735083139145152
6590	PPP1R2	SRR14800489	q_1.111	0.631509928357647
6591	ENSG00000254706	SRR14800489	q_1.111	0.973779199249482
6592	GSKIP	SRR14800489	q_1.111	0
6593	GDI1	SRR14800489	q_1.111	0.444365946253815
6594	PNPT1	SRR14800489	q_1.111	0.824365570543924
6595	ZNF714	SRR14800489	q_1.111	0.650447929699282
6596	SLC9A7	SRR14800489	q_1.111	0.54985356179245
6597	DNAJC24	SRR14800489	q_1.111	0.820340179032209
6598	TLN2	SRR14800489	q_1.111	0.919002833435008
6599	SRP72	SRR14800489	q_1.111	0.814560356425441
6600	NSA2	SRR14800489	q_1.111	0.425611589683666
6601	THY1	SRR14800489	q_1.111	0.577799702798288
6602	PICALM	SRR14800489	q_1.111	0.896900031446494
6603	GLB1L2	SRR14800489	q_1.111	0.455485910837937
6604	SNHG10	SRR14800489	q_1.111	0.751887072511253
6605	MEF2A	SRR14800489	q_1.111	0.853458258632551
6606	GIPR	SRR14800489	q_1.111	0.951103490587129
6607	LINC02362	SRR14800489	q_1.111	0.977431372975112
6608	ENSG00000274322	SRR14800489	q_1.111	0.295059627202833
6609	ENSG00000291072	SRR14800489	q_1.111	0.955442799254226
6610	A4GALT	SRR14800489	q_1.111	0.350367357691667
6611	EPB41L4A-AS1	SRR14800489	q_1.111	0.581269199772124
6612	NCF1C	SRR14800489	q_1.111	0.871457158434906
6613	FOXJ2	SRR14800488	q_1.111	0.177181175396991
6614	TMEM38A	SRR14800488	q_1.111	0.880899889699787
6615	CCNE1	SRR14800488	q_1.111	0.509865484592888
6616	MCOLN1	SRR14800488	q_1.111	0.373886143688512
6617	FBXO3	SRR14800488	q_1.111	0.858576808968948
6618	SLC25A16	SRR14800488	q_1.111	0.932301013304404
6619	ZNF710	SRR14800488	q_1.111	0.900431940779748
6620	TM7SF2	SRR14800488	q_1.111	0.613246023997912
6621	UBP1	SRR14800488	q_1.111	0.75358422614027
6622	SPICE1	SRR14800488	q_1.111	0.842164315272499
6623	NPY1R	SRR14800488	q_1.111	0.523119525557499
6624	CENPV	SRR14800488	q_1.111	0.929707717269161
6625	METTL26	SRR14800488	q_1.111	0.735032647173536
6626	MCC	SRR14800488	q_1.111	0.634752912883476
6627	REG3A	SRR14800488	q_1.111	0
6628	USP38	SRR14800488	q_1.111	0.865184599456303
6629	CYP2W1	SRR14800488	q_1.111	0
6630	NFKBIB	SRR14800488	q_1.111	0.817098850604888
6631	ING3	SRR14800488	q_1.111	0.850450140719682
6632	HIGD1A	SRR14800488	q_1.111	0.430562353341811
6633	DUOXA2	SRR14800488	q_1.111	0
6634	CCDC149	SRR14800488	q_1.111	0.750450526277544
6635	FAXDC2	SRR14800488	q_1.111	0.663681515591415
6636	THOC6	SRR14800488	q_1.111	0.457459499532716
6637	POLR2J4	SRR14800488	q_1.111	0.904290659851234
6638	SYNM	SRR14800488	q_1.111	0
6639	SPNS2	SRR14800488	q_1.111	0
6640	SRPRA	SRR14800488	q_1.111	0.462804949418297
6641	LINC03040	SRR14800488	q_1.111	0.551550739527839
6642	RAP1GDS1	SRR14800488	q_1.111	0.731225118345726
6643	ZNF493	SRR14800488	q_1.111	0.962354453632813
6644	VRK2	SRR14800488	q_1.111	0.914140736825708
6645	PMEPA1	SRR14800488	q_1.111	0.870217866412501
6646	CXCL12	SRR14800488	q_1.111	0.531797635403981
6647	EXOC1	SRR14800488	q_1.111	0.790360752955164
6648	FAM114A2	SRR14800488	q_1.111	0.82901753483767
6649	ANGEL2	SRR14800488	q_1.111	0.940534951639414
6650	TMEM183A	SRR14800488	q_1.111	0.719094031523854
6651	HDAC2	SRR14800488	q_1.111	0.843630419418867
6652	ATG5	SRR14800488	q_1.111	0.837362736864644
6653	SH3PXD2A	SRR14800488	q_1.111	0.741156119904991
6654	IFIT3	SRR14800488	q_1.111	0.990098216891016
6655	PBX2	SRR14800488	q_1.111	0.409540892045017
6656	IRF3	SRR14800488	q_1.111	0.815939441513023
6657	SPIRE2	SRR14800488	q_1.111	0.798690172458423
6658	CYBB	SRR14800488	q_1.111	0.727445099204246
6659	ASMTL	SRR14800488	q_1.111	0.136149682257503
6660	ETFRF1	SRR14800488	q_1.111	0.576447197095646
6661	PDE7A	SRR14800488	q_1.111	0.705188170915785
6662	CDH24	SRR14800488	q_1.111	0.787206795846102
6663	RELCH	SRR14800488	q_1.111	0.784055721982237
6664	ZFP90	SRR14800488	q_1.111	0.664335760566061
6665	SAR1B	SRR14800488	q_1.111	0.596116441646852
6666	PPP1R2	SRR14800488	q_1.111	0.377330001204875
6667	ENSG00000254706	SRR14800488	q_1.111	0.833955046996673
6668	GSKIP	SRR14800488	q_1.111	0.675247162043607
6669	GDI1	SRR14800488	q_1.111	0.458893288755154
6670	PNPT1	SRR14800488	q_1.111	0.442159245126928
6671	ZNF714	SRR14800488	q_1.111	0.57257337942888
6672	SLC9A7	SRR14800488	q_1.111	0.32276467659074
6673	DNAJC24	SRR14800488	q_1.111	0.62021074162749
6674	TLN2	SRR14800488	q_1.111	0.928422110397898
6675	SRP72	SRR14800488	q_1.111	0.519062046754526
6676	NSA2	SRR14800488	q_1.111	0.85269320390904
6677	THY1	SRR14800488	q_1.111	0.757281846361036
6678	PICALM	SRR14800488	q_1.111	0.865341214596955
6679	GLB1L2	SRR14800488	q_1.111	0.457550878389676
6680	SNHG10	SRR14800488	q_1.111	0.799190554520462
6681	MEF2A	SRR14800488	q_1.111	0.687647494786685
6682	GIPR	SRR14800488	q_1.111	0.994997676747828
6683	LINC02362	SRR14800488	q_1.111	0.872620461301722
6684	ENSG00000274322	SRR14800488	q_1.111	0.400052073416063
6685	ENSG00000291072	SRR14800488	q_1.111	0.942260245398379
6686	A4GALT	SRR14800488	q_1.111	0.300958972552805
6687	EPB41L4A-AS1	SRR14800488	q_1.111	0.859428430009676
6688	NCF1C	SRR14800488	q_1.111	0
6689	FOXJ2	SRR14800479	q_1.111	0.319931042541701
6690	TMEM38A	SRR14800479	q_1.111	0.878880900075983
6691	CCNE1	SRR14800479	q_1.111	0.961676012005269
6692	MCOLN1	SRR14800479	q_1.111	0.773835770332925
6693	FBXO3	SRR14800479	q_1.111	0.747184485735481
6694	SLC25A16	SRR14800479	q_1.111	0.75346061424484
6695	ZNF710	SRR14800479	q_1.111	0.767776717699883
6696	TM7SF2	SRR14800479	q_1.111	0.555270614560884
6697	UBP1	SRR14800479	q_1.111	0.849167513401175
6698	SPICE1	SRR14800479	q_1.111	0.913668798744638
6699	NPY1R	SRR14800479	q_1.111	0
6700	CENPV	SRR14800479	q_1.111	0.950857546970342
6701	METTL26	SRR14800479	q_1.111	0.83868702298427
6702	MCC	SRR14800479	q_1.111	0.327231914803557
6703	REG3A	SRR14800479	q_1.111	0.981295772969679
6704	USP38	SRR14800479	q_1.111	0.801021192517528
6705	CYP2W1	SRR14800479	q_1.111	0.424589837102411
6706	NFKBIB	SRR14800479	q_1.111	0.793308723687563
6707	ING3	SRR14800479	q_1.111	0.961631947342268
6708	HIGD1A	SRR14800479	q_1.111	0.664439648081703
6709	DUOXA2	SRR14800479	q_1.111	0.84134411110401
6710	CCDC149	SRR14800479	q_1.111	0.81207775003939
6711	FAXDC2	SRR14800479	q_1.111	0.913754370853303
6712	THOC6	SRR14800479	q_1.111	0.484300280953188
6713	POLR2J4	SRR14800479	q_1.111	0.867974134433961
6714	SYNM	SRR14800479	q_1.111	0
6715	SPNS2	SRR14800479	q_1.111	0
6716	SRPRA	SRR14800479	q_1.111	0.551144801881557
6717	LINC03040	SRR14800479	q_1.111	0.957843176255551
6718	RAP1GDS1	SRR14800479	q_1.111	0.809054587522702
6719	ZNF493	SRR14800479	q_1.111	0.91205943604888
6720	VRK2	SRR14800479	q_1.111	0.918341643254094
6721	PMEPA1	SRR14800479	q_1.111	0.599308885186067
6722	CXCL12	SRR14800479	q_1.111	0.58946867819629
6723	EXOC1	SRR14800479	q_1.111	0.613339712958152
6724	FAM114A2	SRR14800479	q_1.111	0.877268097067369
6725	ANGEL2	SRR14800479	q_1.111	0.912163756339922
6726	TMEM183A	SRR14800479	q_1.111	0.671956032850101
6727	HDAC2	SRR14800479	q_1.111	0.802741542779337
6728	ATG5	SRR14800479	q_1.111	0.841290410185178
6729	SH3PXD2A	SRR14800479	q_1.111	0.786323115308223
6730	IFIT3	SRR14800479	q_1.111	0
6731	PBX2	SRR14800479	q_1.111	0.757687733447591
6732	IRF3	SRR14800479	q_1.111	0.748718290412219
6733	SPIRE2	SRR14800479	q_1.111	0.835146749009736
6734	CYBB	SRR14800479	q_1.111	0.542943940095196
6735	ASMTL	SRR14800479	q_1.111	0.470892676549753
6736	ETFRF1	SRR14800479	q_1.111	0.828411825172573
6737	PDE7A	SRR14800479	q_1.111	0.715497770694431
6738	CDH24	SRR14800479	q_1.111	0.721155059588409
6739	RELCH	SRR14800479	q_1.111	0.842810021508937
6740	ZFP90	SRR14800479	q_1.111	0.751661580370557
6741	SAR1B	SRR14800479	q_1.111	0.496192207795387
6742	PPP1R2	SRR14800479	q_1.111	0.249740796597175
6743	ENSG00000254706	SRR14800479	q_1.111	0
6744	GSKIP	SRR14800479	q_1.111	0.65911260979757
6745	GDI1	SRR14800479	q_1.111	0.609840873316535
6746	PNPT1	SRR14800479	q_1.111	0.685026814938192
6747	ZNF714	SRR14800479	q_1.111	0.907212918617377
6748	SLC9A7	SRR14800479	q_1.111	0
6749	DNAJC24	SRR14800479	q_1.111	0.757927130747347
6750	TLN2	SRR14800479	q_1.111	0.847964827961762
6751	SRP72	SRR14800479	q_1.111	0.514061913989663
6752	NSA2	SRR14800479	q_1.111	0.792195427309442
6753	THY1	SRR14800479	q_1.111	0.82375248863895
6754	PICALM	SRR14800479	q_1.111	0.86161030287535
6755	GLB1L2	SRR14800479	q_1.111	0.495695635754933
6756	SNHG10	SRR14800479	q_1.111	0.751146941582112
6757	MEF2A	SRR14800479	q_1.111	0.737642923150971
6758	GIPR	SRR14800479	q_1.111	0.909351877474871
6759	LINC02362	SRR14800479	q_1.111	0.732818330691296
6760	ENSG00000274322	SRR14800479	q_1.111	0.211647634589312
6761	ENSG00000291072	SRR14800479	q_1.111	0.856759313887788
6762	A4GALT	SRR14800479	q_1.111	0.13501683924793
6763	EPB41L4A-AS1	SRR14800479	q_1.111	0.671483600083665
6764	NCF1C	SRR14800479	q_1.111	0
6765	FOXJ2	SRR14800478	q_1.111	0.535528974681486
6766	TMEM38A	SRR14800478	q_1.111	0
6767	CCNE1	SRR14800478	q_1.111	0.770037761108704
6768	MCOLN1	SRR14800478	q_1.111	0.406050699669565
6769	FBXO3	SRR14800478	q_1.111	0.904078287250714
6770	SLC25A16	SRR14800478	q_1.111	0.939688904932059
6771	ZNF710	SRR14800478	q_1.111	0.972370393766567
6772	TM7SF2	SRR14800478	q_1.111	0.486367593719953
6773	UBP1	SRR14800478	q_1.111	0.677192280817768
6774	SPICE1	SRR14800478	q_1.111	0.884015404874534
6775	NPY1R	SRR14800478	q_1.111	0
6776	CENPV	SRR14800478	q_1.111	0.832105178121717
6777	METTL26	SRR14800478	q_1.111	0.890351279341196
6778	MCC	SRR14800478	q_1.111	0.525439306504099
6779	REG3A	SRR14800478	q_1.111	0.991000316756973
6780	USP38	SRR14800478	q_1.111	0.946317349597845
6781	CYP2W1	SRR14800478	q_1.111	0.989877847537849
6782	NFKBIB	SRR14800478	q_1.111	0.518000509516238
6783	ING3	SRR14800478	q_1.111	0.817348804314238
6784	HIGD1A	SRR14800478	q_1.111	0.411060645432782
6785	DUOXA2	SRR14800478	q_1.111	0.213112270544985
6786	CCDC149	SRR14800478	q_1.111	0.768839808385105
6787	FAXDC2	SRR14800478	q_1.111	0.848078259534358
6788	THOC6	SRR14800478	q_1.111	0.318445404614852
6789	POLR2J4	SRR14800478	q_1.111	0.897014086873951
6790	SYNM	SRR14800478	q_1.111	0.999953613994146
6791	SPNS2	SRR14800478	q_1.111	0.544536956215353
6792	SRPRA	SRR14800478	q_1.111	0.263592398202239
6793	LINC03040	SRR14800478	q_1.111	0.968663443859795
6794	RAP1GDS1	SRR14800478	q_1.111	0.872637251908922
6795	ZNF493	SRR14800478	q_1.111	0.936184546935729
6796	VRK2	SRR14800478	q_1.111	0.844656989470386
6797	PMEPA1	SRR14800478	q_1.111	0.859923146410718
6798	CXCL12	SRR14800478	q_1.111	0.792717664436091
6799	EXOC1	SRR14800478	q_1.111	0.761750120300693
6800	FAM114A2	SRR14800478	q_1.111	0.775868054404153
6801	ANGEL2	SRR14800478	q_1.111	0.904277486545574
6802	TMEM183A	SRR14800478	q_1.111	0.954390800281404
6803	HDAC2	SRR14800478	q_1.111	0.726070669790656
6804	ATG5	SRR14800478	q_1.111	0.852096879560924
6805	SH3PXD2A	SRR14800478	q_1.111	0.561402621351508
6806	IFIT3	SRR14800478	q_1.111	0.803506288063765
6807	PBX2	SRR14800478	q_1.111	0.904565445656559
6808	IRF3	SRR14800478	q_1.111	0.78472750460257
6809	SPIRE2	SRR14800478	q_1.111	0.844267857754879
6810	CYBB	SRR14800478	q_1.111	0.466930949605615
6811	ASMTL	SRR14800478	q_1.111	0
6812	ETFRF1	SRR14800478	q_1.111	0.657903026078119
6813	PDE7A	SRR14800478	q_1.111	0.939370130845581
6814	CDH24	SRR14800478	q_1.111	0.842372234901842
6815	RELCH	SRR14800478	q_1.111	0.827183534317466
6816	ZFP90	SRR14800478	q_1.111	0.745433684606731
6817	SAR1B	SRR14800478	q_1.111	0.756469759392466
6818	PPP1R2	SRR14800478	q_1.111	0.459175319841759
6819	ENSG00000254706	SRR14800478	q_1.111	0.802456698178928
6820	GSKIP	SRR14800478	q_1.111	0.570751663827597
6821	GDI1	SRR14800478	q_1.111	0.51209162739389
6822	PNPT1	SRR14800478	q_1.111	0.975248688554288
6823	ZNF714	SRR14800478	q_1.111	0.866672055008649
6824	SLC9A7	SRR14800478	q_1.111	0.430324543621702
6825	DNAJC24	SRR14800478	q_1.111	0.770803773661802
6826	TLN2	SRR14800478	q_1.111	0.696672545913296
6827	SRP72	SRR14800478	q_1.111	0.809714598914907
6828	NSA2	SRR14800478	q_1.111	0.404939041484481
6829	THY1	SRR14800478	q_1.111	0.707974376217871
6830	PICALM	SRR14800478	q_1.111	0.920316936256611
6831	GLB1L2	SRR14800478	q_1.111	0.295448791343153
6832	SNHG10	SRR14800478	q_1.111	0.786569469423954
6833	MEF2A	SRR14800478	q_1.111	0.80990886823935
6834	GIPR	SRR14800478	q_1.111	0.958390874730111
6835	LINC02362	SRR14800478	q_1.111	0.731095231601293
6836	ENSG00000274322	SRR14800478	q_1.111	0.326729602518855
6837	ENSG00000291072	SRR14800478	q_1.111	0.853805065170226
6838	A4GALT	SRR14800478	q_1.111	0.616509088202342
6839	EPB41L4A-AS1	SRR14800478	q_1.111	0.914057161182242
6840	NCF1C	SRR14800478	q_1.111	0
6841	FOXJ2	SRR14800487	q_1.111	0.6642314601419
6842	TMEM38A	SRR14800487	q_1.111	0.775854684112936
6843	CCNE1	SRR14800487	q_1.111	0.691596277747363
6844	MCOLN1	SRR14800487	q_1.111	0.507820122646133
6845	FBXO3	SRR14800487	q_1.111	0.947120580883865
6846	SLC25A16	SRR14800487	q_1.111	0.839044801633699
6847	ZNF710	SRR14800487	q_1.111	0.925844903194724
6848	TM7SF2	SRR14800487	q_1.111	0.285763184593532
6849	UBP1	SRR14800487	q_1.111	0.694759140151567
6850	SPICE1	SRR14800487	q_1.111	0.955244405709434
6851	NPY1R	SRR14800487	q_1.111	0.816747934588983
6852	CENPV	SRR14800487	q_1.111	0.767895755993094
6853	METTL26	SRR14800487	q_1.111	0.864931939097667
6854	MCC	SRR14800487	q_1.111	0.668773832011712
6855	REG3A	SRR14800487	q_1.111	0.999770105606748
6856	USP38	SRR14800487	q_1.111	0.949478497190774
6857	CYP2W1	SRR14800487	q_1.111	0
6858	NFKBIB	SRR14800487	q_1.111	0.39904042495375
6859	ING3	SRR14800487	q_1.111	0.947857380834536
6860	HIGD1A	SRR14800487	q_1.111	0.315883332812314
6861	DUOXA2	SRR14800487	q_1.111	0.6580224021467
6862	CCDC149	SRR14800487	q_1.111	0.797739948279362
6863	FAXDC2	SRR14800487	q_1.111	0.728544185649945
6864	THOC6	SRR14800487	q_1.111	0.148009234889797
6865	POLR2J4	SRR14800487	q_1.111	0.910957869067853
6866	SYNM	SRR14800487	q_1.111	0.996437566958547
6867	SPNS2	SRR14800487	q_1.111	0.333354836024261
6868	SRPRA	SRR14800487	q_1.111	0.244493298847269
6869	LINC03040	SRR14800487	q_1.111	0.885766540862398
6870	RAP1GDS1	SRR14800487	q_1.111	0.808840285742634
6871	ZNF493	SRR14800487	q_1.111	0.938841336716483
6872	VRK2	SRR14800487	q_1.111	0.797564172801169
6873	PMEPA1	SRR14800487	q_1.111	0.427600477476493
6874	CXCL12	SRR14800487	q_1.111	0.654406921398882
6875	EXOC1	SRR14800487	q_1.111	0.92505512224971
6876	FAM114A2	SRR14800487	q_1.111	0.768976354784363
6877	ANGEL2	SRR14800487	q_1.111	0.916993005965505
6878	TMEM183A	SRR14800487	q_1.111	0.841393867065396
6879	HDAC2	SRR14800487	q_1.111	0.778980195134532
6880	ATG5	SRR14800487	q_1.111	0.87849101010274
6881	SH3PXD2A	SRR14800487	q_1.111	0.722827087710116
6882	IFIT3	SRR14800487	q_1.111	0.867336450447169
6883	PBX2	SRR14800487	q_1.111	0.39442745063818
6884	IRF3	SRR14800487	q_1.111	0.61481236777036
6885	SPIRE2	SRR14800487	q_1.111	0.758680587220726
6886	CYBB	SRR14800487	q_1.111	0.555628121227017
6887	ASMTL	SRR14800487	q_1.111	0.27862087190616
6888	ETFRF1	SRR14800487	q_1.111	0.406823776446997
6889	PDE7A	SRR14800487	q_1.111	0.867110211787114
6890	CDH24	SRR14800487	q_1.111	0.585620954750046
6891	RELCH	SRR14800487	q_1.111	0.853639575938422
6892	ZFP90	SRR14800487	q_1.111	0.659159318057319
6893	SAR1B	SRR14800487	q_1.111	0.801037336546871
6894	PPP1R2	SRR14800487	q_1.111	0.491110909280475
6895	ENSG00000254706	SRR14800487	q_1.111	0.474855660327745
6896	GSKIP	SRR14800487	q_1.111	0.052698468750938
6897	GDI1	SRR14800487	q_1.111	0.47365737513812
6898	PNPT1	SRR14800487	q_1.111	0.917369956028262
6899	ZNF714	SRR14800487	q_1.111	0.808280653952725
6900	SLC9A7	SRR14800487	q_1.111	0.779229128870308
6901	DNAJC24	SRR14800487	q_1.111	0.650247352900233
6902	TLN2	SRR14800487	q_1.111	0.766031085047261
6903	SRP72	SRR14800487	q_1.111	0.752730845026646
6904	NSA2	SRR14800487	q_1.111	0.189923580736853
6905	THY1	SRR14800487	q_1.111	0.476514371296179
6906	PICALM	SRR14800487	q_1.111	0.880962352927629
6907	GLB1L2	SRR14800487	q_1.111	0.401011697233003
6908	SNHG10	SRR14800487	q_1.111	0.808923841740017
6909	MEF2A	SRR14800487	q_1.111	0.841859274424717
6910	GIPR	SRR14800487	q_1.111	0.985320140780811
6911	LINC02362	SRR14800487	q_1.111	0.985555538562671
6912	ENSG00000274322	SRR14800487	q_1.111	0.275581688491579
6913	ENSG00000291072	SRR14800487	q_1.111	0.758814411613105
6914	A4GALT	SRR14800487	q_1.111	0.942409426211852
6915	EPB41L4A-AS1	SRR14800487	q_1.111	0.743646671229205
6916	NCF1C	SRR14800487	q_1.111	0.514522592663871
6917	FOXJ2	SRR14800486	q_1.111	0.120204831464861
6918	TMEM38A	SRR14800486	q_1.111	0.96744131775203
6919	CCNE1	SRR14800486	q_1.111	0.680348964312684
6920	MCOLN1	SRR14800486	q_1.111	0.419300948677245
6921	FBXO3	SRR14800486	q_1.111	0.943611668276996
6922	SLC25A16	SRR14800486	q_1.111	0.838238996430531
6923	ZNF710	SRR14800486	q_1.111	0.838008292034281
6924	TM7SF2	SRR14800486	q_1.111	0.272103295444742
6925	UBP1	SRR14800486	q_1.111	0.889845797854082
6926	SPICE1	SRR14800486	q_1.111	0.867419761753718
6927	NPY1R	SRR14800486	q_1.111	0.799751343838312
6928	CENPV	SRR14800486	q_1.111	0.848033827302436
6929	METTL26	SRR14800486	q_1.111	0.570821618509827
6930	MCC	SRR14800486	q_1.111	0.0718719126486921
6931	REG3A	SRR14800486	q_1.111	0.651597780092092
6932	USP38	SRR14800486	q_1.111	0.947908574565404
6933	CYP2W1	SRR14800486	q_1.111	0
6934	NFKBIB	SRR14800486	q_1.111	0.851973005854658
6935	ING3	SRR14800486	q_1.111	0.959057032258535
6936	HIGD1A	SRR14800486	q_1.111	0.368167428629881
6937	DUOXA2	SRR14800486	q_1.111	0.399646190969561
6938	CCDC149	SRR14800486	q_1.111	0.895659200502441
6939	FAXDC2	SRR14800486	q_1.111	0.850562299916166
6940	THOC6	SRR14800486	q_1.111	0.263902302904475
6941	POLR2J4	SRR14800486	q_1.111	0.889005673222597
6942	SYNM	SRR14800486	q_1.111	0.999844644206044
6943	SPNS2	SRR14800486	q_1.111	0
6944	SRPRA	SRR14800486	q_1.111	0.435720464500527
6945	LINC03040	SRR14800486	q_1.111	0.898583381841161
6946	RAP1GDS1	SRR14800486	q_1.111	0.882426024964019
6947	ZNF493	SRR14800486	q_1.111	0.862815999459486
6948	VRK2	SRR14800486	q_1.111	0.791773393615744
6949	PMEPA1	SRR14800486	q_1.111	0.594591896719959
6950	CXCL12	SRR14800486	q_1.111	0.800470142703786
6951	EXOC1	SRR14800486	q_1.111	0.848056838097757
6952	FAM114A2	SRR14800486	q_1.111	0.92666963375174
6953	ANGEL2	SRR14800486	q_1.111	0.853450883482305
6954	TMEM183A	SRR14800486	q_1.111	0.889486679884393
6955	HDAC2	SRR14800486	q_1.111	0.894528809881273
6956	ATG5	SRR14800486	q_1.111	0.903375278610546
6957	SH3PXD2A	SRR14800486	q_1.111	0.815365890270781
6958	IFIT3	SRR14800486	q_1.111	0.867235692655858
6959	PBX2	SRR14800486	q_1.111	0.487877182450144
6960	IRF3	SRR14800486	q_1.111	0.848815269964879
6961	SPIRE2	SRR14800486	q_1.111	0.837552239368153
6962	CYBB	SRR14800486	q_1.111	0.731182939882848
6963	ASMTL	SRR14800486	q_1.111	0.824151256796388
6964	ETFRF1	SRR14800486	q_1.111	0.479805390233149
6965	PDE7A	SRR14800486	q_1.111	0.818391432199816
6966	CDH24	SRR14800486	q_1.111	0.537377373507198
6967	RELCH	SRR14800486	q_1.111	0.930607372001966
6968	ZFP90	SRR14800486	q_1.111	0.529211443793722
6969	SAR1B	SRR14800486	q_1.111	0.605050502733372
6970	PPP1R2	SRR14800486	q_1.111	0.296603447704064
6971	ENSG00000254706	SRR14800486	q_1.111	0
6972	GSKIP	SRR14800486	q_1.111	0.585714305292089
6973	GDI1	SRR14800486	q_1.111	0.502793045431617
6974	PNPT1	SRR14800486	q_1.111	0.768141995982585
6975	ZNF714	SRR14800486	q_1.111	0.78319913625608
6976	SLC9A7	SRR14800486	q_1.111	0.482594926324063
6977	DNAJC24	SRR14800486	q_1.111	0.886462378301311
6978	TLN2	SRR14800486	q_1.111	0.889773650379167
6979	SRP72	SRR14800486	q_1.111	0.81506834407675
6980	NSA2	SRR14800486	q_1.111	0.486555046799548
6981	THY1	SRR14800486	q_1.111	0.622991564941679
6982	PICALM	SRR14800486	q_1.111	0.891836764476477
6983	GLB1L2	SRR14800486	q_1.111	0.401747532451663
6984	SNHG10	SRR14800486	q_1.111	0.832402838461074
6985	MEF2A	SRR14800486	q_1.111	0.6943862301327
6986	GIPR	SRR14800486	q_1.111	0.944488387457409
6987	LINC02362	SRR14800486	q_1.111	0.954084037134559
6988	ENSG00000274322	SRR14800486	q_1.111	0.357505309480392
6989	ENSG00000291072	SRR14800486	q_1.111	0.914894395386839
6990	A4GALT	SRR14800486	q_1.111	0.496274518396218
6991	EPB41L4A-AS1	SRR14800486	q_1.111	0.619819808365314
6992	NCF1C	SRR14800486	q_1.111	0.983711899411435
6993	FOXJ2	SRR14800485	q_1.111	0.127246681875639
6994	TMEM38A	SRR14800485	q_1.111	0.727955573697051
6995	CCNE1	SRR14800485	q_1.111	0.392089535749633
6996	MCOLN1	SRR14800485	q_1.111	0.510684610944697
6997	FBXO3	SRR14800485	q_1.111	0.959717408645639
6998	SLC25A16	SRR14800485	q_1.111	0.943385721645025
6999	ZNF710	SRR14800485	q_1.111	0.983517360747672
7000	TM7SF2	SRR14800485	q_1.111	0.0306782436368308
7001	UBP1	SRR14800485	q_1.111	0.743949435154822
7002	SPICE1	SRR14800485	q_1.111	0.916538368192159
7003	NPY1R	SRR14800485	q_1.111	0.514150072827323
7004	CENPV	SRR14800485	q_1.111	0.763230922924081
7005	METTL26	SRR14800485	q_1.111	0.766571647490215
7006	MCC	SRR14800485	q_1.111	0.676397922706226
7007	REG3A	SRR14800485	q_1.111	0.912931105923084
7008	USP38	SRR14800485	q_1.111	0.909837461818919
7009	CYP2W1	SRR14800485	q_1.111	0.45660934876521
7010	NFKBIB	SRR14800485	q_1.111	0.658138677668642
7011	ING3	SRR14800485	q_1.111	0.986689793514535
7012	HIGD1A	SRR14800485	q_1.111	0.464822434656995
7013	DUOXA2	SRR14800485	q_1.111	0.334364635512756
7014	CCDC149	SRR14800485	q_1.111	0.502405561561085
7015	FAXDC2	SRR14800485	q_1.111	0.648326139844069
7016	THOC6	SRR14800485	q_1.111	0.451600077452393
7017	POLR2J4	SRR14800485	q_1.111	0.697374982630771
7018	SYNM	SRR14800485	q_1.111	0.954665106539674
7019	SPNS2	SRR14800485	q_1.111	0.497670861126748
7020	SRPRA	SRR14800485	q_1.111	0.448971349845518
7021	LINC03040	SRR14800485	q_1.111	0.992764158873472
7022	RAP1GDS1	SRR14800485	q_1.111	0.895508687432646
7023	ZNF493	SRR14800485	q_1.111	0.954132096956891
7024	VRK2	SRR14800485	q_1.111	0.851905454398021
7025	PMEPA1	SRR14800485	q_1.111	0.147148472380704
7026	CXCL12	SRR14800485	q_1.111	0.917022652100863
7027	EXOC1	SRR14800485	q_1.111	0.61043006308107
7028	FAM114A2	SRR14800485	q_1.111	0.888998040221177
7029	ANGEL2	SRR14800485	q_1.111	0.946037966334773
7030	TMEM183A	SRR14800485	q_1.111	0.815772388865168
7031	HDAC2	SRR14800485	q_1.111	0.757680688346286
7032	ATG5	SRR14800485	q_1.111	0.89563088106104
7033	SH3PXD2A	SRR14800485	q_1.111	0.809376796630989
7034	IFIT3	SRR14800485	q_1.111	0.983313967217393
7035	PBX2	SRR14800485	q_1.111	0.591369057119312
7036	IRF3	SRR14800485	q_1.111	0.758678839160547
7037	SPIRE2	SRR14800485	q_1.111	0.841561950474201
7038	CYBB	SRR14800485	q_1.111	0.562872754169372
7039	ASMTL	SRR14800485	q_1.111	0.603917847452125
7040	ETFRF1	SRR14800485	q_1.111	0.596405095411606
7041	PDE7A	SRR14800485	q_1.111	0.784427194609258
7042	CDH24	SRR14800485	q_1.111	0.991945500692058
7043	RELCH	SRR14800485	q_1.111	0.864716307708575
7044	ZFP90	SRR14800485	q_1.111	0.63920191527063
7045	SAR1B	SRR14800485	q_1.111	0.672158217649764
7046	PPP1R2	SRR14800485	q_1.111	0.347729902705977
7047	ENSG00000254706	SRR14800485	q_1.111	0.857053973886963
7048	GSKIP	SRR14800485	q_1.111	0.643307076277488
7049	GDI1	SRR14800485	q_1.111	0.538922490426903
7050	PNPT1	SRR14800485	q_1.111	0.847240088988667
7051	ZNF714	SRR14800485	q_1.111	0.849857549256778
7052	SLC9A7	SRR14800485	q_1.111	0.761610312117138
7053	DNAJC24	SRR14800485	q_1.111	0.692788219494842
7054	TLN2	SRR14800485	q_1.111	0.885193921089216
7055	SRP72	SRR14800485	q_1.111	0.839728107313254
7056	NSA2	SRR14800485	q_1.111	0.551047734204955
7057	THY1	SRR14800485	q_1.111	0.560384358336006
7058	PICALM	SRR14800485	q_1.111	0.894605288399939
7059	GLB1L2	SRR14800485	q_1.111	0.467579431958189
7060	SNHG10	SRR14800485	q_1.111	0.669001053320705
7061	MEF2A	SRR14800485	q_1.111	0.634946260632678
7062	GIPR	SRR14800485	q_1.111	0
7063	LINC02362	SRR14800485	q_1.111	0.920472275924944
7064	ENSG00000274322	SRR14800485	q_1.111	0.451259385731174
7065	ENSG00000291072	SRR14800485	q_1.111	0.931718095701163
7066	A4GALT	SRR14800485	q_1.111	0.900746624097617
7067	EPB41L4A-AS1	SRR14800485	q_1.111	0.649933312507003
7068	NCF1C	SRR14800485	q_1.111	0.829476704336556
7069	FOXJ2	SRR14800484	q_1.111	0.620780238267445
7070	TMEM38A	SRR14800484	q_1.111	0.807144428641026
7071	CCNE1	SRR14800484	q_1.111	0.830895343879938
7072	MCOLN1	SRR14800484	q_1.111	0.272471668091253
7073	FBXO3	SRR14800484	q_1.111	0.90985636323357
7074	SLC25A16	SRR14800484	q_1.111	0.959809654787029
7075	ZNF710	SRR14800484	q_1.111	0.876972916027354
7076	TM7SF2	SRR14800484	q_1.111	0.218966187046104
7077	UBP1	SRR14800484	q_1.111	0.661426185194247
7078	SPICE1	SRR14800484	q_1.111	0.837317488577088
7079	NPY1R	SRR14800484	q_1.111	0.641078624345945
7080	CENPV	SRR14800484	q_1.111	0.794769352287843
7081	METTL26	SRR14800484	q_1.111	0.857638389655906
7082	MCC	SRR14800484	q_1.111	0.51504227949831
7083	REG3A	SRR14800484	q_1.111	0.704175079518416
7084	USP38	SRR14800484	q_1.111	0.747152544049359
7085	CYP2W1	SRR14800484	q_1.111	0.782151259376946
7086	NFKBIB	SRR14800484	q_1.111	0.535538315158438
7087	ING3	SRR14800484	q_1.111	0.953792454315345
7088	HIGD1A	SRR14800484	q_1.111	0.687730814760199
7089	DUOXA2	SRR14800484	q_1.111	0.470305579216528
7090	CCDC149	SRR14800484	q_1.111	0.673379904268264
7091	FAXDC2	SRR14800484	q_1.111	0.780042808793189
7092	THOC6	SRR14800484	q_1.111	0.283825038708822
7093	POLR2J4	SRR14800484	q_1.111	0.953400904589352
7094	SYNM	SRR14800484	q_1.111	0.963738365206091
7095	SPNS2	SRR14800484	q_1.111	0
7096	SRPRA	SRR14800484	q_1.111	0.2938602501419
7097	LINC03040	SRR14800484	q_1.111	0.978593698443767
7098	RAP1GDS1	SRR14800484	q_1.111	0.700322151226449
7099	ZNF493	SRR14800484	q_1.111	0.986650017787499
7100	VRK2	SRR14800484	q_1.111	0.923687596168623
7101	PMEPA1	SRR14800484	q_1.111	0.910967735230531
7102	CXCL12	SRR14800484	q_1.111	0.857569116173798
7103	EXOC1	SRR14800484	q_1.111	0.816385126271605
7104	FAM114A2	SRR14800484	q_1.111	0.883219696118191
7105	ANGEL2	SRR14800484	q_1.111	0.895571450970314
7106	TMEM183A	SRR14800484	q_1.111	0.810910068128802
7107	HDAC2	SRR14800484	q_1.111	0.901865816537232
7108	ATG5	SRR14800484	q_1.111	0.936364999376397
7109	SH3PXD2A	SRR14800484	q_1.111	0.760013963372642
7110	IFIT3	SRR14800484	q_1.111	0.875825929225302
7111	PBX2	SRR14800484	q_1.111	0.60328743990917
7112	IRF3	SRR14800484	q_1.111	0.702259637810344
7113	SPIRE2	SRR14800484	q_1.111	0.804295750722402
7114	CYBB	SRR14800484	q_1.111	0.70720349679841
7115	ASMTL	SRR14800484	q_1.111	0.4009568154782
7116	ETFRF1	SRR14800484	q_1.111	0.749140003189951
7117	PDE7A	SRR14800484	q_1.111	0.905847492735035
7118	CDH24	SRR14800484	q_1.111	0.816724017012169
7119	RELCH	SRR14800484	q_1.111	0.892106783763931
7120	ZFP90	SRR14800484	q_1.111	0.84638948339211
7121	SAR1B	SRR14800484	q_1.111	0.706345363491504
7122	PPP1R2	SRR14800484	q_1.111	0.141064854511457
7123	ENSG00000254706	SRR14800484	q_1.111	0.495970659945081
7124	GSKIP	SRR14800484	q_1.111	0.0584764349544597
7125	GDI1	SRR14800484	q_1.111	0.281375709479118
7126	PNPT1	SRR14800484	q_1.111	0.953352370091885
7127	ZNF714	SRR14800484	q_1.111	0.788829204789866
7128	SLC9A7	SRR14800484	q_1.111	0.628972290481291
7129	DNAJC24	SRR14800484	q_1.111	0.827793066548758
7130	TLN2	SRR14800484	q_1.111	0.794306823543402
7131	SRP72	SRR14800484	q_1.111	0.748180193887934
7132	NSA2	SRR14800484	q_1.111	0.442106409933689
7133	THY1	SRR14800484	q_1.111	0.516957522824399
7134	PICALM	SRR14800484	q_1.111	0.861947883730495
7135	GLB1L2	SRR14800484	q_1.111	0.376346173462781
7136	SNHG10	SRR14800484	q_1.111	0.797998341375835
7137	MEF2A	SRR14800484	q_1.111	0.663641891617352
7138	GIPR	SRR14800484	q_1.111	0.641666005716896
7139	LINC02362	SRR14800484	q_1.111	0.865029444406414
7140	ENSG00000274322	SRR14800484	q_1.111	0.316185154886838
7141	ENSG00000291072	SRR14800484	q_1.111	0.814390119252409
7142	A4GALT	SRR14800484	q_1.111	0.536515687668641
7143	EPB41L4A-AS1	SRR14800484	q_1.111	0.73394375662653
7144	NCF1C	SRR14800484	q_1.111	0.837755245083149
7145	FOXJ2	SRR14800483	q_1.111	0.340529470273494
7146	TMEM38A	SRR14800483	q_1.111	0.957678410794785
7147	CCNE1	SRR14800483	q_1.111	0.702587938126701
7148	MCOLN1	SRR14800483	q_1.111	0.805161020194677
7149	FBXO3	SRR14800483	q_1.111	0.942653242807581
7150	SLC25A16	SRR14800483	q_1.111	0.837549849050664
7151	ZNF710	SRR14800483	q_1.111	0.998721871526444
7152	TM7SF2	SRR14800483	q_1.111	0.645739905613078
7153	UBP1	SRR14800483	q_1.111	0.7395477306506
7154	SPICE1	SRR14800483	q_1.111	0.828249309113605
7155	NPY1R	SRR14800483	q_1.111	0
7156	CENPV	SRR14800483	q_1.111	0.874116535969856
7157	METTL26	SRR14800483	q_1.111	0.796570196458742
7158	MCC	SRR14800483	q_1.111	0.370863258279843
7159	REG3A	SRR14800483	q_1.111	0.697998771256789
7160	USP38	SRR14800483	q_1.111	0.97181319414192
7161	CYP2W1	SRR14800483	q_1.111	0.426589775075795
7162	NFKBIB	SRR14800483	q_1.111	0.571979348916171
7163	ING3	SRR14800483	q_1.111	0.985252216323107
7164	HIGD1A	SRR14800483	q_1.111	0.848533737609211
7165	DUOXA2	SRR14800483	q_1.111	0.885666651232459
7166	CCDC149	SRR14800483	q_1.111	0.809170368068391
7167	FAXDC2	SRR14800483	q_1.111	0.489153012382419
7168	THOC6	SRR14800483	q_1.111	0.526290503347486
7169	POLR2J4	SRR14800483	q_1.111	0.947613999619336
7170	SYNM	SRR14800483	q_1.111	0.963101667146739
7171	SPNS2	SRR14800483	q_1.111	0.66282354868746
7172	SRPRA	SRR14800483	q_1.111	0.524625694526427
7173	LINC03040	SRR14800483	q_1.111	0.990600644116537
7174	RAP1GDS1	SRR14800483	q_1.111	0.920906966922329
7175	ZNF493	SRR14800483	q_1.111	0.932971458882997
7176	VRK2	SRR14800483	q_1.111	0.754573872271818
7177	PMEPA1	SRR14800483	q_1.111	0.545181821392754
7178	CXCL12	SRR14800483	q_1.111	0.868906539393283
7179	EXOC1	SRR14800483	q_1.111	0.916395220503747
7180	FAM114A2	SRR14800483	q_1.111	0.838094689797599
7181	ANGEL2	SRR14800483	q_1.111	0.854818854502016
7182	TMEM183A	SRR14800483	q_1.111	0.746409409325503
7183	HDAC2	SRR14800483	q_1.111	0.752541960336923
7184	ATG5	SRR14800483	q_1.111	0.981702231018752
7185	SH3PXD2A	SRR14800483	q_1.111	0.282716323381684
7186	IFIT3	SRR14800483	q_1.111	0.778256882371778
7187	PBX2	SRR14800483	q_1.111	0.76521657615484
7188	IRF3	SRR14800483	q_1.111	0.755817665569132
7189	SPIRE2	SRR14800483	q_1.111	0.878422586093907
7190	CYBB	SRR14800483	q_1.111	0.722933631477353
7191	ASMTL	SRR14800483	q_1.111	0.687081492008041
7192	ETFRF1	SRR14800483	q_1.111	0.415716420532332
7193	PDE7A	SRR14800483	q_1.111	0.884851845327668
7194	CDH24	SRR14800483	q_1.111	0.972526486651303
7195	RELCH	SRR14800483	q_1.111	0.853811455260479
7196	ZFP90	SRR14800483	q_1.111	0.589241422075685
7197	SAR1B	SRR14800483	q_1.111	0.644013125637888
7198	PPP1R2	SRR14800483	q_1.111	0.559500518522493
7199	ENSG00000254706	SRR14800483	q_1.111	0.639846219916058
7200	GSKIP	SRR14800483	q_1.111	0
7201	GDI1	SRR14800483	q_1.111	0.633853084135025
7202	PNPT1	SRR14800483	q_1.111	0.938857961179658
7203	ZNF714	SRR14800483	q_1.111	0.902809031100123
7204	SLC9A7	SRR14800483	q_1.111	0
7205	DNAJC24	SRR14800483	q_1.111	0.863281010209198
7206	TLN2	SRR14800483	q_1.111	0.853702288194023
7207	SRP72	SRR14800483	q_1.111	0.779718806719858
7208	NSA2	SRR14800483	q_1.111	0.462883910596364
7209	THY1	SRR14800483	q_1.111	0.419862016671071
7210	PICALM	SRR14800483	q_1.111	0.801625457426272
7211	GLB1L2	SRR14800483	q_1.111	0.511312521340808
7212	SNHG10	SRR14800483	q_1.111	0.781004969959074
7213	MEF2A	SRR14800483	q_1.111	0.927635994908665
7214	GIPR	SRR14800483	q_1.111	0.307308856532074
7215	LINC02362	SRR14800483	q_1.111	0.936457905641919
7216	ENSG00000274322	SRR14800483	q_1.111	0.225541112817879
7217	ENSG00000291072	SRR14800483	q_1.111	0.813448354745005
7218	A4GALT	SRR14800483	q_1.111	0.582731229239955
7219	EPB41L4A-AS1	SRR14800483	q_1.111	0.699905080493786
7220	NCF1C	SRR14800483	q_1.111	0.842968928645131
7221	FOXJ2	SRR14800482	q_1.111	0.573361644409868
7222	TMEM38A	SRR14800482	q_1.111	0.757886267973878
7223	CCNE1	SRR14800482	q_1.111	0.651783822193815
7224	MCOLN1	SRR14800482	q_1.111	0.383596334600458
7225	FBXO3	SRR14800482	q_1.111	0.922785388513664
7226	SLC25A16	SRR14800482	q_1.111	0.948671356791647
7227	ZNF710	SRR14800482	q_1.111	0.878557027766115
7228	TM7SF2	SRR14800482	q_1.111	0.179017276144945
7229	UBP1	SRR14800482	q_1.111	0.754894969874247
7230	SPICE1	SRR14800482	q_1.111	0.801927880807304
7231	NPY1R	SRR14800482	q_1.111	0.198563970230101
7232	CENPV	SRR14800482	q_1.111	0.859250541502362
7233	METTL26	SRR14800482	q_1.111	0.858638775963812
7234	MCC	SRR14800482	q_1.111	0.633368532969816
7235	REG3A	SRR14800482	q_1.111	0.998451945324168
7236	USP38	SRR14800482	q_1.111	0.913594691425281
7237	CYP2W1	SRR14800482	q_1.111	0.487257769857109
7238	NFKBIB	SRR14800482	q_1.111	0.628206651534562
7239	ING3	SRR14800482	q_1.111	0.942979545521144
7240	HIGD1A	SRR14800482	q_1.111	0.406283689416907
7241	DUOXA2	SRR14800482	q_1.111	0.100528021078696
7242	CCDC149	SRR14800482	q_1.111	0.680060135197124
7243	FAXDC2	SRR14800482	q_1.111	0.714647230105464
7244	THOC6	SRR14800482	q_1.111	0.14576242693852
7245	POLR2J4	SRR14800482	q_1.111	0.879392973641058
7246	SYNM	SRR14800482	q_1.111	0
7247	SPNS2	SRR14800482	q_1.111	0.558148728981701
7248	SRPRA	SRR14800482	q_1.111	0.349198877205337
7249	LINC03040	SRR14800482	q_1.111	0.96516434084057
7250	RAP1GDS1	SRR14800482	q_1.111	0.946366761244228
7251	ZNF493	SRR14800482	q_1.111	0.943792267865
7252	VRK2	SRR14800482	q_1.111	0.788498824659056
7253	PMEPA1	SRR14800482	q_1.111	0.723683703853012
7254	CXCL12	SRR14800482	q_1.111	0.907354870360767
7255	EXOC1	SRR14800482	q_1.111	0.821691394266613
7256	FAM114A2	SRR14800482	q_1.111	0.883853196863632
7257	ANGEL2	SRR14800482	q_1.111	0.90939674157564
7258	TMEM183A	SRR14800482	q_1.111	0.875156406745551
7259	HDAC2	SRR14800482	q_1.111	0.765987910304389
7260	ATG5	SRR14800482	q_1.111	0.803957260375068
7261	SH3PXD2A	SRR14800482	q_1.111	0.85313047078603
7262	IFIT3	SRR14800482	q_1.111	0.983468816410242
7263	PBX2	SRR14800482	q_1.111	0.328737649361983
7264	IRF3	SRR14800482	q_1.111	0.768830730069277
7265	SPIRE2	SRR14800482	q_1.111	0.730836816924759
7266	CYBB	SRR14800482	q_1.111	0
7267	ASMTL	SRR14800482	q_1.111	0.616459930523074
7268	ETFRF1	SRR14800482	q_1.111	0.73137390604215
7269	PDE7A	SRR14800482	q_1.111	0.887408179026432
7270	CDH24	SRR14800482	q_1.111	0.780651872906706
7271	RELCH	SRR14800482	q_1.111	0.900986123173513
7272	ZFP90	SRR14800482	q_1.111	0.748344457153704
7273	SAR1B	SRR14800482	q_1.111	0.674280851277041
7274	PPP1R2	SRR14800482	q_1.111	0.197945527533925
7275	ENSG00000254706	SRR14800482	q_1.111	0.885039984851891
7276	GSKIP	SRR14800482	q_1.111	0.692932774679833
7277	GDI1	SRR14800482	q_1.111	0.406330029943653
7278	PNPT1	SRR14800482	q_1.111	0.688719678002517
7279	ZNF714	SRR14800482	q_1.111	0.91296986424315
7280	SLC9A7	SRR14800482	q_1.111	0.784709927936055
7281	DNAJC24	SRR14800482	q_1.111	0.707681790429301
7282	TLN2	SRR14800482	q_1.111	0.746294243833249
7283	SRP72	SRR14800482	q_1.111	0.560365759175043
7284	NSA2	SRR14800482	q_1.111	0.864754164691365
7285	THY1	SRR14800482	q_1.111	0.782228386074491
7286	PICALM	SRR14800482	q_1.111	0.838523206836292
7287	GLB1L2	SRR14800482	q_1.111	0.248917838817233
7288	SNHG10	SRR14800482	q_1.111	0.668722676201668
7289	MEF2A	SRR14800482	q_1.111	0.811422268278964
7290	GIPR	SRR14800482	q_1.111	0.993417942066234
7291	LINC02362	SRR14800482	q_1.111	0.721848274144416
7292	ENSG00000274322	SRR14800482	q_1.111	0.711428250135592
7293	ENSG00000291072	SRR14800482	q_1.111	0.902779288367492
7294	A4GALT	SRR14800482	q_1.111	0.551982473777316
7295	EPB41L4A-AS1	SRR14800482	q_1.111	0.842710769411034
7296	NCF1C	SRR14800482	q_1.111	0
7297	FOXJ2	SRR14800481	q_1.333	0.469925759103051
7298	TMEM38A	SRR14800481	q_1.333	0.684197261831084
7299	CCNE1	SRR14800481	q_1.333	0.33833566120729
7300	MCOLN1	SRR14800481	q_1.333	0.173765965966071
7301	FBXO3	SRR14800481	q_1.333	0.932284295549136
7302	SLC25A16	SRR14800481	q_1.333	0.851581611589178
7303	ZNF710	SRR14800481	q_1.333	0.863098262948431
7304	TM7SF2	SRR14800481	q_1.333	0.501688577403189
7305	UBP1	SRR14800481	q_1.333	0.70004127525572
7306	SPICE1	SRR14800481	q_1.333	0.821892482890771
7307	NPY1R	SRR14800481	q_1.333	0.411080229838084
7308	CENPV	SRR14800481	q_1.333	0.925042882546611
7309	METTL26	SRR14800481	q_1.333	0.631217608994259
7310	MCC	SRR14800481	q_1.333	0.0604446181645208
7311	REG3A	SRR14800481	q_1.333	NA
7312	USP38	SRR14800481	q_1.333	0.929975170448826
7313	CYP2W1	SRR14800481	q_1.333	0.357070980607632
7314	NFKBIB	SRR14800481	q_1.333	0.966523928372082
7315	ING3	SRR14800481	q_1.333	0.912437823730445
7316	HIGD1A	SRR14800481	q_1.333	0.491231300080182
7317	DUOXA2	SRR14800481	q_1.333	0
7318	CCDC149	SRR14800481	q_1.333	0.496897109863676
7319	FAXDC2	SRR14800481	q_1.333	0.702105048677539
7320	THOC6	SRR14800481	q_1.333	0.338780831124457
7321	POLR2J4	SRR14800481	q_1.333	0.945756016165617
7322	SYNM	SRR14800481	q_1.333	0
7323	SPNS2	SRR14800481	q_1.333	0.917834969344502
7324	SRPRA	SRR14800481	q_1.333	0.286831661484874
7325	LINC03040	SRR14800481	q_1.333	0.463187922464847
7326	RAP1GDS1	SRR14800481	q_1.333	0.725024472955657
7327	ZNF493	SRR14800481	q_1.333	0.982871348697931
7328	VRK2	SRR14800481	q_1.333	0.820094410549939
7329	PMEPA1	SRR14800481	q_1.333	0.694309913064991
7330	CXCL12	SRR14800481	q_1.333	0.473551878031336
7331	EXOC1	SRR14800481	q_1.333	0.713747042739492
7332	FAM114A2	SRR14800481	q_1.333	0.739631092699207
7333	ANGEL2	SRR14800481	q_1.333	0.899880294191029
7334	TMEM183A	SRR14800481	q_1.333	0.776505675341099
7335	HDAC2	SRR14800481	q_1.333	0.675840680761107
7336	ATG5	SRR14800481	q_1.333	0.798668638452162
7337	SH3PXD2A	SRR14800481	q_1.333	0.875228228485625
7338	IFIT3	SRR14800481	q_1.333	0.771248888273591
7339	PBX2	SRR14800481	q_1.333	0.556447880372449
7340	IRF3	SRR14800481	q_1.333	0.807386111134933
7341	SPIRE2	SRR14800481	q_1.333	0.791507972581444
7342	CYBB	SRR14800481	q_1.333	0.692473616242618
7343	ASMTL	SRR14800481	q_1.333	0.395205772620017
7344	ETFRF1	SRR14800481	q_1.333	0.488407923476094
7345	PDE7A	SRR14800481	q_1.333	0.949090960966354
7346	CDH24	SRR14800481	q_1.333	0.960563879849819
7347	RELCH	SRR14800481	q_1.333	0.891515962619376
7348	ZFP90	SRR14800481	q_1.333	0.749784458709283
7349	SAR1B	SRR14800481	q_1.333	0.523002882421516
7350	PPP1R2	SRR14800481	q_1.333	0.300434159240971
7351	ENSG00000254706	SRR14800481	q_1.333	0.905444071592079
7352	GSKIP	SRR14800481	q_1.333	0.615289504777782
7353	GDI1	SRR14800481	q_1.333	0.373126925147243
7354	PNPT1	SRR14800481	q_1.333	0.318735452021318
7355	ZNF714	SRR14800481	q_1.333	0.916259028403204
7356	SLC9A7	SRR14800481	q_1.333	0
7357	DNAJC24	SRR14800481	q_1.333	0.754532314778696
7358	TLN2	SRR14800481	q_1.333	0.823967490627721
7359	SRP72	SRR14800481	q_1.333	0.672925132513032
7360	NSA2	SRR14800481	q_1.333	0.84061074404771
7361	THY1	SRR14800481	q_1.333	0.642521073134398
7362	PICALM	SRR14800481	q_1.333	0.766964693539988
7363	GLB1L2	SRR14800481	q_1.333	0.318125096745874
7364	SNHG10	SRR14800481	q_1.333	0.902842320784823
7365	MEF2A	SRR14800481	q_1.333	0.827067783231149
7366	GIPR	SRR14800481	q_1.333	0.869510778957127
7367	LINC02362	SRR14800481	q_1.333	0.834764449490896
7368	ENSG00000274322	SRR14800481	q_1.333	0.595182956698079
7369	ENSG00000291072	SRR14800481	q_1.333	0.9048109482585
7370	A4GALT	SRR14800481	q_1.333	0.482605233791306
7371	EPB41L4A-AS1	SRR14800481	q_1.333	0.905138656208642
7372	NCF1C	SRR14800481	q_1.333	0.640528301698527
7373	FOXJ2	SRR14800480	q_1.333	0.774398183031547
7374	TMEM38A	SRR14800480	q_1.333	0.474073666076753
7375	CCNE1	SRR14800480	q_1.333	0.681142400103722
7376	MCOLN1	SRR14800480	q_1.333	0.629660427411246
7377	FBXO3	SRR14800480	q_1.333	0.882342460709574
7378	SLC25A16	SRR14800480	q_1.333	0.787495023951912
7379	ZNF710	SRR14800480	q_1.333	0.866860014084596
7380	TM7SF2	SRR14800480	q_1.333	0.407518661034338
7381	UBP1	SRR14800480	q_1.333	0.649662335813284
7382	SPICE1	SRR14800480	q_1.333	0.832758030257018
7383	NPY1R	SRR14800480	q_1.333	0.841515533152858
7384	CENPV	SRR14800480	q_1.333	0.878896527510085
7385	METTL26	SRR14800480	q_1.333	0.684978993825405
7386	MCC	SRR14800480	q_1.333	0.348498924474633
7387	REG3A	SRR14800480	q_1.333	0.980117787510878
7388	USP38	SRR14800480	q_1.333	0.93439053696169
7389	CYP2W1	SRR14800480	q_1.333	0.459539427008366
7390	NFKBIB	SRR14800480	q_1.333	0.643037081974078
7391	ING3	SRR14800480	q_1.333	0.984895103319787
7392	HIGD1A	SRR14800480	q_1.333	0.909137107587612
7393	DUOXA2	SRR14800480	q_1.333	0
7394	CCDC149	SRR14800480	q_1.333	0.945795622260689
7395	FAXDC2	SRR14800480	q_1.333	0.889816172327037
7396	THOC6	SRR14800480	q_1.333	0.391543717434179
7397	POLR2J4	SRR14800480	q_1.333	0.918414239835929
7398	SYNM	SRR14800480	q_1.333	0.999628507787032
7399	SPNS2	SRR14800480	q_1.333	0.751789641690102
7400	SRPRA	SRR14800480	q_1.333	0.358486908957653
7401	LINC03040	SRR14800480	q_1.333	0.616532807120816
7402	RAP1GDS1	SRR14800480	q_1.333	0.818127206529224
7403	ZNF493	SRR14800480	q_1.333	0.941167852132734
7404	VRK2	SRR14800480	q_1.333	0.7787327857063
7405	PMEPA1	SRR14800480	q_1.333	0.603958155807909
7406	CXCL12	SRR14800480	q_1.333	0.555344185061338
7407	EXOC1	SRR14800480	q_1.333	0.610166514410046
7408	FAM114A2	SRR14800480	q_1.333	0.67849046064873
7409	ANGEL2	SRR14800480	q_1.333	0.837781473543859
7410	TMEM183A	SRR14800480	q_1.333	0.856843651867362
7411	HDAC2	SRR14800480	q_1.333	0.775200166252075
7412	ATG5	SRR14800480	q_1.333	0.772397163272344
7413	SH3PXD2A	SRR14800480	q_1.333	0.713879904346382
7414	IFIT3	SRR14800480	q_1.333	0.676897134818806
7415	PBX2	SRR14800480	q_1.333	0.758765439087502
7416	IRF3	SRR14800480	q_1.333	0.798649860745011
7417	SPIRE2	SRR14800480	q_1.333	0.826096382895278
7418	CYBB	SRR14800480	q_1.333	0.537178467822612
7419	ASMTL	SRR14800480	q_1.333	0.179329434644371
7420	ETFRF1	SRR14800480	q_1.333	0.678193900189184
7421	PDE7A	SRR14800480	q_1.333	0.956450454652479
7422	CDH24	SRR14800480	q_1.333	0.398517962467889
7423	RELCH	SRR14800480	q_1.333	0.951147334436478
7424	ZFP90	SRR14800480	q_1.333	0.781362185885973
7425	SAR1B	SRR14800480	q_1.333	0.793192257653647
7426	PPP1R2	SRR14800480	q_1.333	0.238671120090817
7427	ENSG00000254706	SRR14800480	q_1.333	0.313886184475083
7428	GSKIP	SRR14800480	q_1.333	0.524297358224434
7429	GDI1	SRR14800480	q_1.333	0.56799439904277
7430	PNPT1	SRR14800480	q_1.333	0.872786398901415
7431	ZNF714	SRR14800480	q_1.333	0.836734634195848
7432	SLC9A7	SRR14800480	q_1.333	0.425279392296949
7433	DNAJC24	SRR14800480	q_1.333	0.698356121401711
7434	TLN2	SRR14800480	q_1.333	0.88234721031183
7435	SRP72	SRR14800480	q_1.333	0.782611542973915
7436	NSA2	SRR14800480	q_1.333	0.302207590409638
7437	THY1	SRR14800480	q_1.333	0.667570558663072
7438	PICALM	SRR14800480	q_1.333	0.879982067134471
7439	GLB1L2	SRR14800480	q_1.333	0.31649392974159
7440	SNHG10	SRR14800480	q_1.333	0.543723803819792
7441	MEF2A	SRR14800480	q_1.333	0.838739254234366
7442	GIPR	SRR14800480	q_1.333	0.96024420415507
7443	LINC02362	SRR14800480	q_1.333	0.969168577577141
7444	ENSG00000274322	SRR14800480	q_1.333	0.512302215472964
7445	ENSG00000291072	SRR14800480	q_1.333	0.985845702848972
7446	A4GALT	SRR14800480	q_1.333	0.389193200038728
7447	EPB41L4A-AS1	SRR14800480	q_1.333	0.834838944577282
7448	NCF1C	SRR14800480	q_1.333	0.867475124022336
7449	FOXJ2	SRR14800477	q_1.333	0.69928983146467
7450	TMEM38A	SRR14800477	q_1.333	0.372784947796498
7451	CCNE1	SRR14800477	q_1.333	0
7452	MCOLN1	SRR14800477	q_1.333	0.655602995993768
7453	FBXO3	SRR14800477	q_1.333	0.988401150846657
7454	SLC25A16	SRR14800477	q_1.333	0.943514609494734
7455	ZNF710	SRR14800477	q_1.333	0.880885104727972
7456	TM7SF2	SRR14800477	q_1.333	0.532487245825674
7457	UBP1	SRR14800477	q_1.333	0.853894685069248
7458	SPICE1	SRR14800477	q_1.333	0.731716800431347
7459	NPY1R	SRR14800477	q_1.333	0.666820856898276
7460	CENPV	SRR14800477	q_1.333	0.941137827788035
7461	METTL26	SRR14800477	q_1.333	0.796625107863755
7462	MCC	SRR14800477	q_1.333	0.385458748714188
7463	REG3A	SRR14800477	q_1.333	NA
7464	USP38	SRR14800477	q_1.333	0.962489686884733
7465	CYP2W1	SRR14800477	q_1.333	0
7466	NFKBIB	SRR14800477	q_1.333	0.588380211806477
7467	ING3	SRR14800477	q_1.333	0.870647199487644
7468	HIGD1A	SRR14800477	q_1.333	0.783916001168027
7469	DUOXA2	SRR14800477	q_1.333	NA
7470	CCDC149	SRR14800477	q_1.333	0.880176560013608
7471	FAXDC2	SRR14800477	q_1.333	0.840329907167126
7472	THOC6	SRR14800477	q_1.333	0.174141399320719
7473	POLR2J4	SRR14800477	q_1.333	0.881727495270194
7474	SYNM	SRR14800477	q_1.333	0.999983893050658
7475	SPNS2	SRR14800477	q_1.333	0
7476	SRPRA	SRR14800477	q_1.333	0.421354330302501
7477	LINC03040	SRR14800477	q_1.333	0
7478	RAP1GDS1	SRR14800477	q_1.333	0.800917842423795
7479	ZNF493	SRR14800477	q_1.333	0.969993290587607
7480	VRK2	SRR14800477	q_1.333	0.945858221933908
7481	PMEPA1	SRR14800477	q_1.333	0.679254844783384
7482	CXCL12	SRR14800477	q_1.333	0.435130026229135
7483	EXOC1	SRR14800477	q_1.333	0.880626910562638
7484	FAM114A2	SRR14800477	q_1.333	0.777932871264128
7485	ANGEL2	SRR14800477	q_1.333	0.891874099278467
7486	TMEM183A	SRR14800477	q_1.333	0.913837895573427
7487	HDAC2	SRR14800477	q_1.333	0.806724955633445
7488	ATG5	SRR14800477	q_1.333	0.8343327257889
7489	SH3PXD2A	SRR14800477	q_1.333	0.788221318599447
7490	IFIT3	SRR14800477	q_1.333	0
7491	PBX2	SRR14800477	q_1.333	0.852863622418224
7492	IRF3	SRR14800477	q_1.333	0.758492005803531
7493	SPIRE2	SRR14800477	q_1.333	0.787513817934668
7494	CYBB	SRR14800477	q_1.333	0.69744632248364
7495	ASMTL	SRR14800477	q_1.333	0.675278029743669
7496	ETFRF1	SRR14800477	q_1.333	0.369594632655619
7497	PDE7A	SRR14800477	q_1.333	0.933131173934888
7498	CDH24	SRR14800477	q_1.333	0.158198253182945
7499	RELCH	SRR14800477	q_1.333	0.952842002376504
7500	ZFP90	SRR14800477	q_1.333	0.685737652927764
7501	SAR1B	SRR14800477	q_1.333	0.808570814002198
7502	PPP1R2	SRR14800477	q_1.333	0.398455533356687
7503	ENSG00000254706	SRR14800477	q_1.333	0.30814278988125
7504	GSKIP	SRR14800477	q_1.333	0.0226278527149011
7505	GDI1	SRR14800477	q_1.333	0.28916165080254
7506	PNPT1	SRR14800477	q_1.333	0.962589845980061
7507	ZNF714	SRR14800477	q_1.333	0.70993069567686
7508	SLC9A7	SRR14800477	q_1.333	0
7509	DNAJC24	SRR14800477	q_1.333	0.75422477671191
7510	TLN2	SRR14800477	q_1.333	0.857342967148328
7511	SRP72	SRR14800477	q_1.333	0.871361094215456
7512	NSA2	SRR14800477	q_1.333	0.425614943554406
7513	THY1	SRR14800477	q_1.333	0.244377114692018
7514	PICALM	SRR14800477	q_1.333	0.847095513176081
7515	GLB1L2	SRR14800477	q_1.333	0.474161915537712
7516	SNHG10	SRR14800477	q_1.333	0.885478827092629
7517	MEF2A	SRR14800477	q_1.333	0.86352976301513
7518	GIPR	SRR14800477	q_1.333	0.806339337659047
7519	LINC02362	SRR14800477	q_1.333	0.981544714770166
7520	ENSG00000274322	SRR14800477	q_1.333	0.402340480255753
7521	ENSG00000291072	SRR14800477	q_1.333	0.763707602785668
7522	A4GALT	SRR14800477	q_1.333	0.635127995498052
7523	EPB41L4A-AS1	SRR14800477	q_1.333	0.763724478605426
7524	NCF1C	SRR14800477	q_1.333	0.905111268913687
7525	FOXJ2	SRR14800476	q_1.333	0.583638816493173
7526	TMEM38A	SRR14800476	q_1.333	0.846552567442967
7527	CCNE1	SRR14800476	q_1.333	0.866290781332458
7528	MCOLN1	SRR14800476	q_1.333	0.526463618417202
7529	FBXO3	SRR14800476	q_1.333	0.98610068091796
7530	SLC25A16	SRR14800476	q_1.333	0.831912258589142
7531	ZNF710	SRR14800476	q_1.333	0.782420513096534
7532	TM7SF2	SRR14800476	q_1.333	0.399998260974911
7533	UBP1	SRR14800476	q_1.333	0.926650884091042
7534	SPICE1	SRR14800476	q_1.333	0.749694267300778
7535	NPY1R	SRR14800476	q_1.333	0.824533164078952
7536	CENPV	SRR14800476	q_1.333	0.796150754034834
7537	METTL26	SRR14800476	q_1.333	0.736088805685467
7538	MCC	SRR14800476	q_1.333	0.509393749330262
7539	REG3A	SRR14800476	q_1.333	0
7540	USP38	SRR14800476	q_1.333	0.984259197519732
7541	CYP2W1	SRR14800476	q_1.333	0
7542	NFKBIB	SRR14800476	q_1.333	0.69232008965475
7543	ING3	SRR14800476	q_1.333	0.779596732074567
7544	HIGD1A	SRR14800476	q_1.333	0.873912919986513
7545	DUOXA2	SRR14800476	q_1.333	0
7546	CCDC149	SRR14800476	q_1.333	0.813068639856018
7547	FAXDC2	SRR14800476	q_1.333	0.722570499298573
7548	THOC6	SRR14800476	q_1.333	0.182157856864882
7549	POLR2J4	SRR14800476	q_1.333	0.890658976348367
7550	SYNM	SRR14800476	q_1.333	0.992608541532365
7551	SPNS2	SRR14800476	q_1.333	0.459972953231116
7552	SRPRA	SRR14800476	q_1.333	0.484642910766116
7553	LINC03040	SRR14800476	q_1.333	0.670466693826377
7554	RAP1GDS1	SRR14800476	q_1.333	0.777137477314213
7555	ZNF493	SRR14800476	q_1.333	0.951708568074708
7556	VRK2	SRR14800476	q_1.333	0.917917271327113
7557	PMEPA1	SRR14800476	q_1.333	0.762868015460522
7558	CXCL12	SRR14800476	q_1.333	0.501288259794902
7559	EXOC1	SRR14800476	q_1.333	0.760124546638662
7560	FAM114A2	SRR14800476	q_1.333	0.673143102119786
7561	ANGEL2	SRR14800476	q_1.333	0.842054848310822
7562	TMEM183A	SRR14800476	q_1.333	0.913845806580283
7563	HDAC2	SRR14800476	q_1.333	0.889792279013061
7564	ATG5	SRR14800476	q_1.333	0.799868326906201
7565	SH3PXD2A	SRR14800476	q_1.333	0.896612294193816
7566	IFIT3	SRR14800476	q_1.333	0.999978025637177
7567	PBX2	SRR14800476	q_1.333	0.760324850170712
7568	IRF3	SRR14800476	q_1.333	0.803901519647928
7569	SPIRE2	SRR14800476	q_1.333	0.824698934738138
7570	CYBB	SRR14800476	q_1.333	0.605241534316976
7571	ASMTL	SRR14800476	q_1.333	0.365216960480716
7572	ETFRF1	SRR14800476	q_1.333	0.389828998707459
7573	PDE7A	SRR14800476	q_1.333	0.855159978789208
7574	CDH24	SRR14800476	q_1.333	0.626326503173287
7575	RELCH	SRR14800476	q_1.333	0.951825388807703
7576	ZFP90	SRR14800476	q_1.333	0.786918959998303
7577	SAR1B	SRR14800476	q_1.333	0.605229709930793
7578	PPP1R2	SRR14800476	q_1.333	0.318605379083771
7579	ENSG00000254706	SRR14800476	q_1.333	0.829055813816657
7580	GSKIP	SRR14800476	q_1.333	0.559541501467928
7581	GDI1	SRR14800476	q_1.333	0.412462686076415
7582	PNPT1	SRR14800476	q_1.333	0.823124766886615
7583	ZNF714	SRR14800476	q_1.333	0.834724598205284
7584	SLC9A7	SRR14800476	q_1.333	0.941203089570071
7585	DNAJC24	SRR14800476	q_1.333	0.89367526154691
7586	TLN2	SRR14800476	q_1.333	0.909717393483669
7587	SRP72	SRR14800476	q_1.333	0.818355721658416
7588	NSA2	SRR14800476	q_1.333	0.490381240262434
7589	THY1	SRR14800476	q_1.333	0.327446960311338
7590	PICALM	SRR14800476	q_1.333	0.980345235080269
7591	GLB1L2	SRR14800476	q_1.333	0.504529442055738
7592	SNHG10	SRR14800476	q_1.333	0.927727307648297
7593	MEF2A	SRR14800476	q_1.333	0.747896002343242
7594	GIPR	SRR14800476	q_1.333	0.959776716073139
7595	LINC02362	SRR14800476	q_1.333	0.957474244083971
7596	ENSG00000274322	SRR14800476	q_1.333	0.390365544607447
7597	ENSG00000291072	SRR14800476	q_1.333	0.860235484145796
7598	A4GALT	SRR14800476	q_1.333	0.177760148348985
7599	EPB41L4A-AS1	SRR14800476	q_1.333	0.806314343121313
7600	NCF1C	SRR14800476	q_1.333	0.622918630113513
7601	FOXJ2	SRR14800475	q_1.333	0.744878295674016
7602	TMEM38A	SRR14800475	q_1.333	0.926876830138757
7603	CCNE1	SRR14800475	q_1.333	0.310635879491387
7604	MCOLN1	SRR14800475	q_1.333	0.616644401430502
7605	FBXO3	SRR14800475	q_1.333	0.908067040930714
7606	SLC25A16	SRR14800475	q_1.333	0.897282620204756
7607	ZNF710	SRR14800475	q_1.333	0.895327275322514
7608	TM7SF2	SRR14800475	q_1.333	0.173724670796535
7609	UBP1	SRR14800475	q_1.333	0.617153649240241
7610	SPICE1	SRR14800475	q_1.333	0.785636326745465
7611	NPY1R	SRR14800475	q_1.333	0.125895682755291
7612	CENPV	SRR14800475	q_1.333	0.773040746912555
7613	METTL26	SRR14800475	q_1.333	0.653155420539074
7614	MCC	SRR14800475	q_1.333	0.479612267180806
7615	REG3A	SRR14800475	q_1.333	0
7616	USP38	SRR14800475	q_1.333	0.859263610418874
7617	CYP2W1	SRR14800475	q_1.333	0
7618	NFKBIB	SRR14800475	q_1.333	0.683983670863612
7619	ING3	SRR14800475	q_1.333	0.787388826844483
7620	HIGD1A	SRR14800475	q_1.333	0.80767380284668
7621	DUOXA2	SRR14800475	q_1.333	0.744037776074833
7622	CCDC149	SRR14800475	q_1.333	0.901207476153481
7623	FAXDC2	SRR14800475	q_1.333	0.811958663428806
7624	THOC6	SRR14800475	q_1.333	0.873446713999673
7625	POLR2J4	SRR14800475	q_1.333	0.957532603212966
7626	SYNM	SRR14800475	q_1.333	0.999688957803105
7627	SPNS2	SRR14800475	q_1.333	0.7501562059341
7628	SRPRA	SRR14800475	q_1.333	0.244576217146104
7629	LINC03040	SRR14800475	q_1.333	0.94468189349219
7630	RAP1GDS1	SRR14800475	q_1.333	0.705433658931541
7631	ZNF493	SRR14800475	q_1.333	0.952306412332166
7632	VRK2	SRR14800475	q_1.333	0.819479300637249
7633	PMEPA1	SRR14800475	q_1.333	0.155044802761425
7634	CXCL12	SRR14800475	q_1.333	0.430093987442263
7635	EXOC1	SRR14800475	q_1.333	0.576804888836587
7636	FAM114A2	SRR14800475	q_1.333	0.593386136199206
7637	ANGEL2	SRR14800475	q_1.333	0.769473805933594
7638	TMEM183A	SRR14800475	q_1.333	0.969562872363867
7639	HDAC2	SRR14800475	q_1.333	0.752369576164379
7640	ATG5	SRR14800475	q_1.333	0.942112728210855
7641	SH3PXD2A	SRR14800475	q_1.333	0.199306509244154
7642	IFIT3	SRR14800475	q_1.333	0.652684113444206
7643	PBX2	SRR14800475	q_1.333	0.508038730759408
7644	IRF3	SRR14800475	q_1.333	0.690223324170652
7645	SPIRE2	SRR14800475	q_1.333	0.710542753007059
7646	CYBB	SRR14800475	q_1.333	0.681733090818424
7647	ASMTL	SRR14800475	q_1.333	0.33551930127238
7648	ETFRF1	SRR14800475	q_1.333	0.326629969962431
7649	PDE7A	SRR14800475	q_1.333	0.955379208141643
7650	CDH24	SRR14800475	q_1.333	0.645555173200496
7651	RELCH	SRR14800475	q_1.333	0.763444933198164
7652	ZFP90	SRR14800475	q_1.333	0.590712198359522
7653	SAR1B	SRR14800475	q_1.333	0.604964306037168
7654	PPP1R2	SRR14800475	q_1.333	0.730606656546643
7655	ENSG00000254706	SRR14800475	q_1.333	0.867867360862641
7656	GSKIP	SRR14800475	q_1.333	0.655610462417228
7657	GDI1	SRR14800475	q_1.333	0.250702041084227
7658	PNPT1	SRR14800475	q_1.333	0.70168029571916
7659	ZNF714	SRR14800475	q_1.333	0.58266446423014
7660	SLC9A7	SRR14800475	q_1.333	0.961225731543156
7661	DNAJC24	SRR14800475	q_1.333	0.556823211108561
7662	TLN2	SRR14800475	q_1.333	0.765448955083689
7663	SRP72	SRR14800475	q_1.333	0.889000092759213
7664	NSA2	SRR14800475	q_1.333	0.413081875252552
7665	THY1	SRR14800475	q_1.333	0.372792394710399
7666	PICALM	SRR14800475	q_1.333	0.916159142901092
7667	GLB1L2	SRR14800475	q_1.333	0.421455638096094
7668	SNHG10	SRR14800475	q_1.333	0.771280035530751
7669	MEF2A	SRR14800475	q_1.333	0.668812697939019
7670	GIPR	SRR14800475	q_1.333	NA
7671	LINC02362	SRR14800475	q_1.333	0.785218059239687
7672	ENSG00000274322	SRR14800475	q_1.333	0
7673	ENSG00000291072	SRR14800475	q_1.333	0.856459696172828
7674	A4GALT	SRR14800475	q_1.333	0.826954281825363
7675	EPB41L4A-AS1	SRR14800475	q_1.333	0.396650434409472
7676	NCF1C	SRR14800475	q_1.333	0.42849384746594
7677	FOXJ2	SRR14800490	q_1.333	0.741276325247015
7678	TMEM38A	SRR14800490	q_1.333	0.99952933451825
7679	CCNE1	SRR14800490	q_1.333	NA
7680	MCOLN1	SRR14800490	q_1.333	0.405243974004338
7681	FBXO3	SRR14800490	q_1.333	0.876740835933819
7682	SLC25A16	SRR14800490	q_1.333	0.853717475634939
7683	ZNF710	SRR14800490	q_1.333	0.910201338100354
7684	TM7SF2	SRR14800490	q_1.333	0.807117727452157
7685	UBP1	SRR14800490	q_1.333	0.728292284442229
7686	SPICE1	SRR14800490	q_1.333	0.785809894529542
7687	NPY1R	SRR14800490	q_1.333	0.682098673955854
7688	CENPV	SRR14800490	q_1.333	0.88705895662078
7689	METTL26	SRR14800490	q_1.333	0.662393403221468
7690	MCC	SRR14800490	q_1.333	0.504698998322045
7691	REG3A	SRR14800490	q_1.333	NA
7692	USP38	SRR14800490	q_1.333	0.85519527262688
7693	CYP2W1	SRR14800490	q_1.333	0
7694	NFKBIB	SRR14800490	q_1.333	0.658400417889407
7695	ING3	SRR14800490	q_1.333	0.91433166795702
7696	HIGD1A	SRR14800490	q_1.333	0.762325749968352
7697	DUOXA2	SRR14800490	q_1.333	NA
7698	CCDC149	SRR14800490	q_1.333	0.911895697262405
7699	FAXDC2	SRR14800490	q_1.333	0.737607073911302
7700	THOC6	SRR14800490	q_1.333	0.366954196529005
7701	POLR2J4	SRR14800490	q_1.333	0.974375402502557
7702	SYNM	SRR14800490	q_1.333	0.988070637710395
7703	SPNS2	SRR14800490	q_1.333	0
7704	SRPRA	SRR14800490	q_1.333	0.503572328937896
7705	LINC03040	SRR14800490	q_1.333	0
7706	RAP1GDS1	SRR14800490	q_1.333	0.752010090820901
7707	ZNF493	SRR14800490	q_1.333	0.942441311576111
7708	VRK2	SRR14800490	q_1.333	0.826581741531099
7709	PMEPA1	SRR14800490	q_1.333	0.126665185627782
7710	CXCL12	SRR14800490	q_1.333	0.563420910962882
7711	EXOC1	SRR14800490	q_1.333	0.765618622698733
7712	FAM114A2	SRR14800490	q_1.333	0.774831092101941
7713	ANGEL2	SRR14800490	q_1.333	0.917440823830126
7714	TMEM183A	SRR14800490	q_1.333	0.888265693263019
7715	HDAC2	SRR14800490	q_1.333	0.720755667381621
7716	ATG5	SRR14800490	q_1.333	0.752726598819315
7717	SH3PXD2A	SRR14800490	q_1.333	0.409364150187865
7718	IFIT3	SRR14800490	q_1.333	0.718833522708701
7719	PBX2	SRR14800490	q_1.333	0.523997846215198
7720	IRF3	SRR14800490	q_1.333	0.656047151606152
7721	SPIRE2	SRR14800490	q_1.333	0.910576461578747
7722	CYBB	SRR14800490	q_1.333	0.501098306117373
7723	ASMTL	SRR14800490	q_1.333	0.355897703009871
7724	ETFRF1	SRR14800490	q_1.333	0.407193603344643
7725	PDE7A	SRR14800490	q_1.333	0.78246984801318
7726	CDH24	SRR14800490	q_1.333	0.479546719741565
7727	RELCH	SRR14800490	q_1.333	0.832677365666269
7728	ZFP90	SRR14800490	q_1.333	0.910869695983775
7729	SAR1B	SRR14800490	q_1.333	0.567806833404638
7730	PPP1R2	SRR14800490	q_1.333	0.51957151406871
7731	ENSG00000254706	SRR14800490	q_1.333	0.354427097242326
7732	GSKIP	SRR14800490	q_1.333	0
7733	GDI1	SRR14800490	q_1.333	0.423601469844802
7734	PNPT1	SRR14800490	q_1.333	0.634240443047421
7735	ZNF714	SRR14800490	q_1.333	0.403181165706166
7736	SLC9A7	SRR14800490	q_1.333	0.266311158239387
7737	DNAJC24	SRR14800490	q_1.333	0.558442341518299
7738	TLN2	SRR14800490	q_1.333	0.881016190312966
7739	SRP72	SRR14800490	q_1.333	0.860646253172201
7740	NSA2	SRR14800490	q_1.333	0.334830251689369
7741	THY1	SRR14800490	q_1.333	0.317869549222845
7742	PICALM	SRR14800490	q_1.333	0.907897498229415
7743	GLB1L2	SRR14800490	q_1.333	0.667054433797879
7744	SNHG10	SRR14800490	q_1.333	0.786652641136552
7745	MEF2A	SRR14800490	q_1.333	0.687765125202473
7746	GIPR	SRR14800490	q_1.333	NA
7747	LINC02362	SRR14800490	q_1.333	0.846817310041202
7748	ENSG00000274322	SRR14800490	q_1.333	0.787146891274241
7749	ENSG00000291072	SRR14800490	q_1.333	0.665453428992946
7750	A4GALT	SRR14800490	q_1.333	0.76994982828062
7751	EPB41L4A-AS1	SRR14800490	q_1.333	0.832799224404125
7752	NCF1C	SRR14800490	q_1.333	0.565202222853144
7753	FOXJ2	SRR14800489	q_1.333	0.71353047900748
7754	TMEM38A	SRR14800489	q_1.333	0.963109941137191
7755	CCNE1	SRR14800489	q_1.333	0.289105155413642
7756	MCOLN1	SRR14800489	q_1.333	0.439457073147772
7757	FBXO3	SRR14800489	q_1.333	0.962024546314207
7758	SLC25A16	SRR14800489	q_1.333	0.775945060525213
7759	ZNF710	SRR14800489	q_1.333	0.927542688412419
7760	TM7SF2	SRR14800489	q_1.333	0.341383861505986
7761	UBP1	SRR14800489	q_1.333	0.734278342944223
7762	SPICE1	SRR14800489	q_1.333	0.690860642313456
7763	NPY1R	SRR14800489	q_1.333	0.622224816814116
7764	CENPV	SRR14800489	q_1.333	0.903797145113803
7765	METTL26	SRR14800489	q_1.333	0.745150506226631
7766	MCC	SRR14800489	q_1.333	0.467195570676501
7767	REG3A	SRR14800489	q_1.333	NA
7768	USP38	SRR14800489	q_1.333	0.9366879346015
7769	CYP2W1	SRR14800489	q_1.333	0
7770	NFKBIB	SRR14800489	q_1.333	0.648537785117125
7771	ING3	SRR14800489	q_1.333	0.957609623964862
7772	HIGD1A	SRR14800489	q_1.333	0.832171779170347
7773	DUOXA2	SRR14800489	q_1.333	0.955345380327448
7774	CCDC149	SRR14800489	q_1.333	0.953897859737858
7775	FAXDC2	SRR14800489	q_1.333	0.809317472310605
7776	THOC6	SRR14800489	q_1.333	0.379737371328562
7777	POLR2J4	SRR14800489	q_1.333	0.886006308453357
7778	SYNM	SRR14800489	q_1.333	0.966209373195812
7779	SPNS2	SRR14800489	q_1.333	0
7780	SRPRA	SRR14800489	q_1.333	0.532967988968844
7781	LINC03040	SRR14800489	q_1.333	0
7782	RAP1GDS1	SRR14800489	q_1.333	0.932168587378803
7783	ZNF493	SRR14800489	q_1.333	0.941967496999668
7784	VRK2	SRR14800489	q_1.333	0.857064407711214
7785	PMEPA1	SRR14800489	q_1.333	0.612171604364466
7786	CXCL12	SRR14800489	q_1.333	0.536905225328708
7787	EXOC1	SRR14800489	q_1.333	0.968508297047036
7788	FAM114A2	SRR14800489	q_1.333	0.885122465686885
7789	ANGEL2	SRR14800489	q_1.333	0.879426425882797
7790	TMEM183A	SRR14800489	q_1.333	0.948751225520773
7791	HDAC2	SRR14800489	q_1.333	0.664895111453433
7792	ATG5	SRR14800489	q_1.333	0.797322786783904
7793	SH3PXD2A	SRR14800489	q_1.333	0.809502984722966
7794	IFIT3	SRR14800489	q_1.333	0.989954879716322
7795	PBX2	SRR14800489	q_1.333	0.662446290888507
7796	IRF3	SRR14800489	q_1.333	0.728329049725068
7797	SPIRE2	SRR14800489	q_1.333	0.894444963775313
7798	CYBB	SRR14800489	q_1.333	0.647364591685772
7799	ASMTL	SRR14800489	q_1.333	0.339259519379841
7800	ETFRF1	SRR14800489	q_1.333	0.489861830208807
7801	PDE7A	SRR14800489	q_1.333	0.76568366351808
7802	CDH24	SRR14800489	q_1.333	0.672710121877965
7803	RELCH	SRR14800489	q_1.333	0.882401909115505
7804	ZFP90	SRR14800489	q_1.333	0.754168752670803
7805	SAR1B	SRR14800489	q_1.333	0.735972771170317
7806	PPP1R2	SRR14800489	q_1.333	0.607786470962926
7807	ENSG00000254706	SRR14800489	q_1.333	0.970972002375898
7808	GSKIP	SRR14800489	q_1.333	0
7809	GDI1	SRR14800489	q_1.333	0.415633488860185
7810	PNPT1	SRR14800489	q_1.333	0.840622096592533
7811	ZNF714	SRR14800489	q_1.333	0.64893822697786
7812	SLC9A7	SRR14800489	q_1.333	0.51657800746094
7813	DNAJC24	SRR14800489	q_1.333	0.818372183112228
7814	TLN2	SRR14800489	q_1.333	0.924473610594508
7815	SRP72	SRR14800489	q_1.333	0.817847526195899
7816	NSA2	SRR14800489	q_1.333	0.416146223320357
7817	THY1	SRR14800489	q_1.333	0.562815910796051
7818	PICALM	SRR14800489	q_1.333	0.909019647940235
7819	GLB1L2	SRR14800489	q_1.333	0.426325750979087
7820	SNHG10	SRR14800489	q_1.333	0.757678258876069
7821	MEF2A	SRR14800489	q_1.333	0.850502733936074
7822	GIPR	SRR14800489	q_1.333	0.948779718952824
7823	LINC02362	SRR14800489	q_1.333	0.978002253722934
7824	ENSG00000274322	SRR14800489	q_1.333	0.261162866766265
7825	ENSG00000291072	SRR14800489	q_1.333	0.957273087428249
7826	A4GALT	SRR14800489	q_1.333	0.351433241642292
7827	EPB41L4A-AS1	SRR14800489	q_1.333	0.580887416816328
7828	NCF1C	SRR14800489	q_1.333	0.869836698362095
7829	FOXJ2	SRR14800488	q_1.333	0.170664110682274
7830	TMEM38A	SRR14800488	q_1.333	0.868930402021088
7831	CCNE1	SRR14800488	q_1.333	0.546352677380858
7832	MCOLN1	SRR14800488	q_1.333	0.343401316252791
7833	FBXO3	SRR14800488	q_1.333	0.873734355956365
7834	SLC25A16	SRR14800488	q_1.333	0.936897928465731
7835	ZNF710	SRR14800488	q_1.333	0.893844062457216
7836	TM7SF2	SRR14800488	q_1.333	0.588892640680841
7837	UBP1	SRR14800488	q_1.333	0.758981315557159
7838	SPICE1	SRR14800488	q_1.333	0.843379697318823
7839	NPY1R	SRR14800488	q_1.333	0.5206115616581
7840	CENPV	SRR14800488	q_1.333	0.931446381489434
7841	METTL26	SRR14800488	q_1.333	0.746307375077715
7842	MCC	SRR14800488	q_1.333	0.605054036684434
7843	REG3A	SRR14800488	q_1.333	0
7844	USP38	SRR14800488	q_1.333	0.881848614674014
7845	CYP2W1	SRR14800488	q_1.333	0
7846	NFKBIB	SRR14800488	q_1.333	0.81749682983056
7847	ING3	SRR14800488	q_1.333	0.869067175490138
7848	HIGD1A	SRR14800488	q_1.333	0.417291466694396
7849	DUOXA2	SRR14800488	q_1.333	0
7850	CCDC149	SRR14800488	q_1.333	0.755588372838425
7851	FAXDC2	SRR14800488	q_1.333	0.656250883660916
7852	THOC6	SRR14800488	q_1.333	0.428671020729786
7853	POLR2J4	SRR14800488	q_1.333	0.919463067689053
7854	SYNM	SRR14800488	q_1.333	0
7855	SPNS2	SRR14800488	q_1.333	0
7856	SRPRA	SRR14800488	q_1.333	0.441288920907424
7857	LINC03040	SRR14800488	q_1.333	0.565630155632096
7858	RAP1GDS1	SRR14800488	q_1.333	0.751421839260336
7859	ZNF493	SRR14800488	q_1.333	0.963033542346945
7860	VRK2	SRR14800488	q_1.333	0.914896543745299
7861	PMEPA1	SRR14800488	q_1.333	0.857275494425476
7862	CXCL12	SRR14800488	q_1.333	0.509156319181126
7863	EXOC1	SRR14800488	q_1.333	0.805076098168687
7864	FAM114A2	SRR14800488	q_1.333	0.849471730288158
7865	ANGEL2	SRR14800488	q_1.333	0.944404017954173
7866	TMEM183A	SRR14800488	q_1.333	0.742352330895166
7867	HDAC2	SRR14800488	q_1.333	0.859452158516455
7868	ATG5	SRR14800488	q_1.333	0.845449757426906
7869	SH3PXD2A	SRR14800488	q_1.333	0.724892478934753
7870	IFIT3	SRR14800488	q_1.333	0.989027036050502
7871	PBX2	SRR14800488	q_1.333	0.398498455794831
7872	IRF3	SRR14800488	q_1.333	0.833259664884007
7873	SPIRE2	SRR14800488	q_1.333	0.793981003071566
7874	CYBB	SRR14800488	q_1.333	0.709386376998482
7875	ASMTL	SRR14800488	q_1.333	0.112676226189984
7876	ETFRF1	SRR14800488	q_1.333	0.550463695005125
7877	PDE7A	SRR14800488	q_1.333	0.732305573873319
7878	CDH24	SRR14800488	q_1.333	0.789442380668472
7879	RELCH	SRR14800488	q_1.333	0.807885272838696
7880	ZFP90	SRR14800488	q_1.333	0.694209499684793
7881	SAR1B	SRR14800488	q_1.333	0.604527538175492
7882	PPP1R2	SRR14800488	q_1.333	0.347918184152937
7883	ENSG00000254706	SRR14800488	q_1.333	0.817839318431138
7884	GSKIP	SRR14800488	q_1.333	0.694258400346241
7885	GDI1	SRR14800488	q_1.333	0.434422767933875
7886	PNPT1	SRR14800488	q_1.333	0.484089767253109
7887	ZNF714	SRR14800488	q_1.333	0.553573973966896
7888	SLC9A7	SRR14800488	q_1.333	0.288059274293687
7889	DNAJC24	SRR14800488	q_1.333	0.606295795188346
7890	TLN2	SRR14800488	q_1.333	0.934207610849263
7891	SRP72	SRR14800488	q_1.333	0.524267275885875
7892	NSA2	SRR14800488	q_1.333	0.864232649809848
7893	THY1	SRR14800488	q_1.333	0.749332644910742
7894	PICALM	SRR14800488	q_1.333	0.879540320317622
7895	GLB1L2	SRR14800488	q_1.333	0.427750213840272
7896	SNHG10	SRR14800488	q_1.333	0.790503988001349
7897	MEF2A	SRR14800488	q_1.333	0.674135721468275
7898	GIPR	SRR14800488	q_1.333	0.994744200755919
7899	LINC02362	SRR14800488	q_1.333	0.887693476703862
7900	ENSG00000274322	SRR14800488	q_1.333	0.36433028661827
7901	ENSG00000291072	SRR14800488	q_1.333	0.946543908166077
7902	A4GALT	SRR14800488	q_1.333	0.285624694385203
7903	EPB41L4A-AS1	SRR14800488	q_1.333	0.866634519136319
7904	NCF1C	SRR14800488	q_1.333	0
7905	FOXJ2	SRR14800479	q_1.333	0.304605889586573
7906	TMEM38A	SRR14800479	q_1.333	0.86672621732726
7907	CCNE1	SRR14800479	q_1.333	0.961032434829242
7908	MCOLN1	SRR14800479	q_1.333	0.762403966823587
7909	FBXO3	SRR14800479	q_1.333	0.777890440876818
7910	SLC25A16	SRR14800479	q_1.333	0.783051996259809
7911	ZNF710	SRR14800479	q_1.333	0.758946058938939
7912	TM7SF2	SRR14800479	q_1.333	0.535458327951001
7913	UBP1	SRR14800479	q_1.333	0.849290532402028
7914	SPICE1	SRR14800479	q_1.333	0.912791243387623
7915	NPY1R	SRR14800479	q_1.333	0
7916	CENPV	SRR14800479	q_1.333	0.950792948426997
7917	METTL26	SRR14800479	q_1.333	0.859415810293399
7918	MCC	SRR14800479	q_1.333	0.292419283673026
7919	REG3A	SRR14800479	q_1.333	0.979283623784913
7920	USP38	SRR14800479	q_1.333	0.819863367386723
7921	CYP2W1	SRR14800479	q_1.333	0.388893891155883
7922	NFKBIB	SRR14800479	q_1.333	0.795704373511149
7923	ING3	SRR14800479	q_1.333	0.963495512248201
7924	HIGD1A	SRR14800479	q_1.333	0.642245423888461
7925	DUOXA2	SRR14800479	q_1.333	0.825858603263071
7926	CCDC149	SRR14800479	q_1.333	0.830400838572082
7927	FAXDC2	SRR14800479	q_1.333	0.916521378164055
7928	THOC6	SRR14800479	q_1.333	0.455387585004621
7929	POLR2J4	SRR14800479	q_1.333	0.88231760339399
7930	SYNM	SRR14800479	q_1.333	0
7931	SPNS2	SRR14800479	q_1.333	0
7932	SRPRA	SRR14800479	q_1.333	0.523840608413875
7933	LINC03040	SRR14800479	q_1.333	0.956375531694727
7934	RAP1GDS1	SRR14800479	q_1.333	0.831993318855928
7935	ZNF493	SRR14800479	q_1.333	0.917045345257025
7936	VRK2	SRR14800479	q_1.333	0.916941996064975
7937	PMEPA1	SRR14800479	q_1.333	0.567941328810989
7938	CXCL12	SRR14800479	q_1.333	0.608830814708002
7939	EXOC1	SRR14800479	q_1.333	0.638893629835615
7940	FAM114A2	SRR14800479	q_1.333	0.892825156265249
7941	ANGEL2	SRR14800479	q_1.333	0.917366624568098
7942	TMEM183A	SRR14800479	q_1.333	0.709544642105131
7943	HDAC2	SRR14800479	q_1.333	0.817412809614202
7944	ATG5	SRR14800479	q_1.333	0.848390076243583
7945	SH3PXD2A	SRR14800479	q_1.333	0.782000718108876
7946	IFIT3	SRR14800479	q_1.333	0
7947	PBX2	SRR14800479	q_1.333	0.764297629158102
7948	IRF3	SRR14800479	q_1.333	0.773874970274535
7949	SPIRE2	SRR14800479	q_1.333	0.836628544045318
7950	CYBB	SRR14800479	q_1.333	0.555873100513709
7951	ASMTL	SRR14800479	q_1.333	0.435662588782836
7952	ETFRF1	SRR14800479	q_1.333	0.828686874221672
7953	PDE7A	SRR14800479	q_1.333	0.73015421606362
7954	CDH24	SRR14800479	q_1.333	0.719428586421458
7955	RELCH	SRR14800479	q_1.333	0.857287462005927
7956	ZFP90	SRR14800479	q_1.333	0.78114499988733
7957	SAR1B	SRR14800479	q_1.333	0.514189167291137
7958	PPP1R2	SRR14800479	q_1.333	0.226493490056777
7959	ENSG00000254706	SRR14800479	q_1.333	0
7960	GSKIP	SRR14800479	q_1.333	0.678037918352634
7961	GDI1	SRR14800479	q_1.333	0.596686476391733
7962	PNPT1	SRR14800479	q_1.333	0.720199668411779
7963	ZNF714	SRR14800479	q_1.333	0.903807980683811
7964	SLC9A7	SRR14800479	q_1.333	0
7965	DNAJC24	SRR14800479	q_1.333	0.749801900330605
7966	TLN2	SRR14800479	q_1.333	0.871695574633003
7967	SRP72	SRR14800479	q_1.333	0.506089037380078
7968	NSA2	SRR14800479	q_1.333	0.799116927388737
7969	THY1	SRR14800479	q_1.333	0.812452750054163
7970	PICALM	SRR14800479	q_1.333	0.881087642842146
7971	GLB1L2	SRR14800479	q_1.333	0.466719413699591
7972	SNHG10	SRR14800479	q_1.333	0.752611006833097
7973	MEF2A	SRR14800479	q_1.333	0.750240196517948
7974	GIPR	SRR14800479	q_1.333	0.907431709534529
7975	LINC02362	SRR14800479	q_1.333	0.761591273938189
7976	ENSG00000274322	SRR14800479	q_1.333	0.181841625542798
7977	ENSG00000291072	SRR14800479	q_1.333	0.872709897502168
7978	A4GALT	SRR14800479	q_1.333	0.119408278150236
7979	EPB41L4A-AS1	SRR14800479	q_1.333	0.676354357566205
7980	NCF1C	SRR14800479	q_1.333	0
7981	FOXJ2	SRR14800478	q_1.333	0.558893964705651
7982	TMEM38A	SRR14800478	q_1.333	0
7983	CCNE1	SRR14800478	q_1.333	0.772898445493834
7984	MCOLN1	SRR14800478	q_1.333	0.378112528250313
7985	FBXO3	SRR14800478	q_1.333	0.904911750327752
7986	SLC25A16	SRR14800478	q_1.333	0.943161709733835
7987	ZNF710	SRR14800478	q_1.333	0.970631259325742
7988	TM7SF2	SRR14800478	q_1.333	0.462526564559295
7989	UBP1	SRR14800478	q_1.333	0.674924831066115
7990	SPICE1	SRR14800478	q_1.333	0.880819908170264
7991	NPY1R	SRR14800478	q_1.333	0
7992	CENPV	SRR14800478	q_1.333	0.831742948209381
7993	METTL26	SRR14800478	q_1.333	0.893538425735198
7994	MCC	SRR14800478	q_1.333	0.491411083444281
7995	REG3A	SRR14800478	q_1.333	0.990026170478394
7996	USP38	SRR14800478	q_1.333	0.950358266558657
7997	CYP2W1	SRR14800478	q_1.333	0.988782979578031
7998	NFKBIB	SRR14800478	q_1.333	0.499686155854113
7999	ING3	SRR14800478	q_1.333	0.833867026843275
8000	HIGD1A	SRR14800478	q_1.333	0.382645510003864
8001	DUOXA2	SRR14800478	q_1.333	0.183210571684269
8002	CCDC149	SRR14800478	q_1.333	0.78208850793967
8003	FAXDC2	SRR14800478	q_1.333	0.845732724758172
8004	THOC6	SRR14800478	q_1.333	0.289165596942126
8005	POLR2J4	SRR14800478	q_1.333	0.910924128883696
8006	SYNM	SRR14800478	q_1.333	0.999948564737631
8007	SPNS2	SRR14800478	q_1.333	0.511086578967202
8008	SRPRA	SRR14800478	q_1.333	0.242767278835844
8009	LINC03040	SRR14800478	q_1.333	0.966553255425405
8010	RAP1GDS1	SRR14800478	q_1.333	0.87743457105433
8011	ZNF493	SRR14800478	q_1.333	0.937995984638483
8012	VRK2	SRR14800478	q_1.333	0.847783899802346
8013	PMEPA1	SRR14800478	q_1.333	0.846059450212955
8014	CXCL12	SRR14800478	q_1.333	0.787211784935973
8015	EXOC1	SRR14800478	q_1.333	0.757808366885574
8016	FAM114A2	SRR14800478	q_1.333	0.807245587011778
8017	ANGEL2	SRR14800478	q_1.333	0.907301849323134
8018	TMEM183A	SRR14800478	q_1.333	0.957247303652117
8019	HDAC2	SRR14800478	q_1.333	0.747587906628182
8020	ATG5	SRR14800478	q_1.333	0.851878423737532
8021	SH3PXD2A	SRR14800478	q_1.333	0.539051593077357
8022	IFIT3	SRR14800478	q_1.333	0.784883851117929
8023	PBX2	SRR14800478	q_1.333	0.909193361775647
8024	IRF3	SRR14800478	q_1.333	0.776897659740365
8025	SPIRE2	SRR14800478	q_1.333	0.842261723756095
8026	CYBB	SRR14800478	q_1.333	0.441466271202063
8027	ASMTL	SRR14800478	q_1.333	0
8028	ETFRF1	SRR14800478	q_1.333	0.635856089678148
8029	PDE7A	SRR14800478	q_1.333	0.941293302406155
8030	CDH24	SRR14800478	q_1.333	0.840134811416931
8031	RELCH	SRR14800478	q_1.333	0.842761093009243
8032	ZFP90	SRR14800478	q_1.333	0.763805213642247
8033	SAR1B	SRR14800478	q_1.333	0.755461058469571
8034	PPP1R2	SRR14800478	q_1.333	0.435836980404444
8035	ENSG00000254706	SRR14800478	q_1.333	0.783750474836615
8036	GSKIP	SRR14800478	q_1.333	0.587462845237329
8037	GDI1	SRR14800478	q_1.333	0.485729161791866
8038	PNPT1	SRR14800478	q_1.333	0.975840692154278
8039	ZNF714	SRR14800478	q_1.333	0.868275349141908
8040	SLC9A7	SRR14800478	q_1.333	0.394657231620377
8041	DNAJC24	SRR14800478	q_1.333	0.765339113658906
8042	TLN2	SRR14800478	q_1.333	0.719790060493658
8043	SRP72	SRR14800478	q_1.333	0.81418245295449
8044	NSA2	SRR14800478	q_1.333	0.393225855156855
8045	THY1	SRR14800478	q_1.333	0.711245172198132
8046	PICALM	SRR14800478	q_1.333	0.926834451708998
8047	GLB1L2	SRR14800478	q_1.333	0.265909209742656
8048	SNHG10	SRR14800478	q_1.333	0.796154466368894
8049	MEF2A	SRR14800478	q_1.333	0.803454343345267
8050	GIPR	SRR14800478	q_1.333	0.956935484723103
8051	LINC02362	SRR14800478	q_1.333	0.757173170337957
8052	ENSG00000274322	SRR14800478	q_1.333	0.291928715645461
8053	ENSG00000291072	SRR14800478	q_1.333	0.866351813868615
8054	A4GALT	SRR14800478	q_1.333	0.614715417196741
8055	EPB41L4A-AS1	SRR14800478	q_1.333	0.917183303499282
8056	NCF1C	SRR14800478	q_1.333	0
8057	FOXJ2	SRR14800487	q_1.333	0.67304473238669
8058	TMEM38A	SRR14800487	q_1.333	0.755084261687667
8059	CCNE1	SRR14800487	q_1.333	0.67550629281442
8060	MCOLN1	SRR14800487	q_1.333	0.482051602080689
8061	FBXO3	SRR14800487	q_1.333	0.949642746925863
8062	SLC25A16	SRR14800487	q_1.333	0.840635433977244
8063	ZNF710	SRR14800487	q_1.333	0.921100604130164
8064	TM7SF2	SRR14800487	q_1.333	0.256992929563947
8065	UBP1	SRR14800487	q_1.333	0.692203036286786
8066	SPICE1	SRR14800487	q_1.333	0.954864585457583
8067	NPY1R	SRR14800487	q_1.333	0.812993598887012
8068	CENPV	SRR14800487	q_1.333	0.772135492306718
8069	METTL26	SRR14800487	q_1.333	0.863053832302784
8070	MCC	SRR14800487	q_1.333	0.640902069035118
8071	REG3A	SRR14800487	q_1.333	0.999745083780793
8072	USP38	SRR14800487	q_1.333	0.95276866695504
8073	CYP2W1	SRR14800487	q_1.333	0
8074	NFKBIB	SRR14800487	q_1.333	0.369539588695992
8075	ING3	SRR14800487	q_1.333	0.948617936390847
8076	HIGD1A	SRR14800487	q_1.333	0.305979967608484
8077	DUOXA2	SRR14800487	q_1.333	0.629549901714867
8078	CCDC149	SRR14800487	q_1.333	0.790773282691214
8079	FAXDC2	SRR14800487	q_1.333	0.749851595636889
8080	THOC6	SRR14800487	q_1.333	0.126035993485381
8081	POLR2J4	SRR14800487	q_1.333	0.925298535409322
8082	SYNM	SRR14800487	q_1.333	0.996050638650803
8083	SPNS2	SRR14800487	q_1.333	0.298405370985361
8084	SRPRA	SRR14800487	q_1.333	0.21807383710129
8085	LINC03040	SRR14800487	q_1.333	0.883472591283749
8086	RAP1GDS1	SRR14800487	q_1.333	0.821771825784457
8087	ZNF493	SRR14800487	q_1.333	0.943354082666192
8088	VRK2	SRR14800487	q_1.333	0.790605103636549
8089	PMEPA1	SRR14800487	q_1.333	0.391918513964863
8090	CXCL12	SRR14800487	q_1.333	0.650749554774283
8091	EXOC1	SRR14800487	q_1.333	0.925631074548353
8092	FAM114A2	SRR14800487	q_1.333	0.799405052054429
8093	ANGEL2	SRR14800487	q_1.333	0.919634839552551
8094	TMEM183A	SRR14800487	q_1.333	0.857817836053843
8095	HDAC2	SRR14800487	q_1.333	0.790708299079072
8096	ATG5	SRR14800487	q_1.333	0.881286629215936
8097	SH3PXD2A	SRR14800487	q_1.333	0.705274589880332
8098	IFIT3	SRR14800487	q_1.333	0.854134589514005
8099	PBX2	SRR14800487	q_1.333	0.385356351238389
8100	IRF3	SRR14800487	q_1.333	0.626278448398447
8101	SPIRE2	SRR14800487	q_1.333	0.753258851225131
8102	CYBB	SRR14800487	q_1.333	0.542627661566547
8103	ASMTL	SRR14800487	q_1.333	0.245325640169557
8104	ETFRF1	SRR14800487	q_1.333	0.377136958631518
8105	PDE7A	SRR14800487	q_1.333	0.873432352445187
8106	CDH24	SRR14800487	q_1.333	0.604431331394016
8107	RELCH	SRR14800487	q_1.333	0.87053515967993
8108	ZFP90	SRR14800487	q_1.333	0.685445292017358
8109	SAR1B	SRR14800487	q_1.333	0.803874679961735
8110	PPP1R2	SRR14800487	q_1.333	0.462826613157923
8111	ENSG00000254706	SRR14800487	q_1.333	0.439689723533272
8112	GSKIP	SRR14800487	q_1.333	0.0415032921629635
8113	GDI1	SRR14800487	q_1.333	0.444279879292117
8114	PNPT1	SRR14800487	q_1.333	0.918842274466676
8115	ZNF714	SRR14800487	q_1.333	0.81073471216033
8116	SLC9A7	SRR14800487	q_1.333	0.758714173147378
8117	DNAJC24	SRR14800487	q_1.333	0.638978874814671
8118	TLN2	SRR14800487	q_1.333	0.790529943305238
8119	SRP72	SRR14800487	q_1.333	0.760480719319887
8120	NSA2	SRR14800487	q_1.333	0.173638902085448
8121	THY1	SRR14800487	q_1.333	0.467796610516673
8122	PICALM	SRR14800487	q_1.333	0.895131741426402
8123	GLB1L2	SRR14800487	q_1.333	0.37163682630338
8124	SNHG10	SRR14800487	q_1.333	0.818389799983781
8125	MEF2A	SRR14800487	q_1.333	0.842685047664966
8126	GIPR	SRR14800487	q_1.333	0.984654887384338
8127	LINC02362	SRR14800487	q_1.333	0.985813366026623
8128	ENSG00000274322	SRR14800487	q_1.333	0.242408005875491
8129	ENSG00000291072	SRR14800487	q_1.333	0.774063227773342
8130	A4GALT	SRR14800487	q_1.333	0.941140752326428
8131	EPB41L4A-AS1	SRR14800487	q_1.333	0.735686475537123
8132	NCF1C	SRR14800487	q_1.333	0.523786135396659
8133	FOXJ2	SRR14800486	q_1.333	0.111765579823341
8134	TMEM38A	SRR14800486	q_1.333	0.963969839393765
8135	CCNE1	SRR14800486	q_1.333	0.672396771973933
8136	MCOLN1	SRR14800486	q_1.333	0.389028244007862
8137	FBXO3	SRR14800486	q_1.333	0.945575503027779
8138	SLC25A16	SRR14800486	q_1.333	0.854660094512097
8139	ZNF710	SRR14800486	q_1.333	0.827013682274856
8140	TM7SF2	SRR14800486	q_1.333	0.259771416310043
8141	UBP1	SRR14800486	q_1.333	0.888676418013303
8142	SPICE1	SRR14800486	q_1.333	0.863853477992271
8143	NPY1R	SRR14800486	q_1.333	0.797230681139294
8144	CENPV	SRR14800486	q_1.333	0.850161071063402
8145	METTL26	SRR14800486	q_1.333	0.583855850579951
8146	MCC	SRR14800486	q_1.333	0.0565581716359943
8147	REG3A	SRR14800486	q_1.333	0.622776525830828
8148	USP38	SRR14800486	q_1.333	0.948765025534819
8149	CYP2W1	SRR14800486	q_1.333	0
8150	NFKBIB	SRR14800486	q_1.333	0.841628129596401
8151	ING3	SRR14800486	q_1.333	0.960178282591513
8152	HIGD1A	SRR14800486	q_1.333	0.362099566753739
8153	DUOXA2	SRR14800486	q_1.333	0.363925319063394
8154	CCDC149	SRR14800486	q_1.333	0.89428216730753
8155	FAXDC2	SRR14800486	q_1.333	0.854223261040597
8156	THOC6	SRR14800486	q_1.333	0.236000096693671
8157	POLR2J4	SRR14800486	q_1.333	0.903663994899261
8158	SYNM	SRR14800486	q_1.333	0.999827734411989
8159	SPNS2	SRR14800486	q_1.333	0
8160	SRPRA	SRR14800486	q_1.333	0.406234125500716
8161	LINC03040	SRR14800486	q_1.333	0.891381629757967
8162	RAP1GDS1	SRR14800486	q_1.333	0.889197375167546
8163	ZNF493	SRR14800486	q_1.333	0.877479470948524
8164	VRK2	SRR14800486	q_1.333	0.788762306145855
8165	PMEPA1	SRR14800486	q_1.333	0.563020877638896
8166	CXCL12	SRR14800486	q_1.333	0.798143193137587
8167	EXOC1	SRR14800486	q_1.333	0.849605671185007
8168	FAM114A2	SRR14800486	q_1.333	0.932930988657958
8169	ANGEL2	SRR14800486	q_1.333	0.865174101602172
8170	TMEM183A	SRR14800486	q_1.333	0.905786101041284
8171	HDAC2	SRR14800486	q_1.333	0.90604910690918
8172	ATG5	SRR14800486	q_1.333	0.904700772802736
8173	SH3PXD2A	SRR14800486	q_1.333	0.809331254668813
8174	IFIT3	SRR14800486	q_1.333	0.854024780574027
8175	PBX2	SRR14800486	q_1.333	0.49858141618915
8176	IRF3	SRR14800486	q_1.333	0.847984822618122
8177	SPIRE2	SRR14800486	q_1.333	0.833953689730016
8178	CYBB	SRR14800486	q_1.333	0.716608947566763
8179	ASMTL	SRR14800486	q_1.333	0.807212482043539
8180	ETFRF1	SRR14800486	q_1.333	0.450978240409475
8181	PDE7A	SRR14800486	q_1.333	0.836055586529597
8182	CDH24	SRR14800486	q_1.333	0.549572438008164
8183	RELCH	SRR14800486	q_1.333	0.935435876565359
8184	ZFP90	SRR14800486	q_1.333	0.562681605532859
8185	SAR1B	SRR14800486	q_1.333	0.591766005017608
8186	PPP1R2	SRR14800486	q_1.333	0.285537559589862
8187	ENSG00000254706	SRR14800486	q_1.333	0
8188	GSKIP	SRR14800486	q_1.333	0.604538026961767
8189	GDI1	SRR14800486	q_1.333	0.474121209874928
8190	PNPT1	SRR14800486	q_1.333	0.787999836944485
8191	ZNF714	SRR14800486	q_1.333	0.790999382458011
8192	SLC9A7	SRR14800486	q_1.333	0.447564966056975
8193	DNAJC24	SRR14800486	q_1.333	0.88577155380103
8194	TLN2	SRR14800486	q_1.333	0.901234612057801
8195	SRP72	SRR14800486	q_1.333	0.815680970697357
8196	NSA2	SRR14800486	q_1.333	0.481995302443479
8197	THY1	SRR14800486	q_1.333	0.613064793822416
8198	PICALM	SRR14800486	q_1.333	0.905548397949024
8199	GLB1L2	SRR14800486	q_1.333	0.371327842104927
8200	SNHG10	SRR14800486	q_1.333	0.837015832390555
8201	MEF2A	SRR14800486	q_1.333	0.730360250416662
8202	GIPR	SRR14800486	q_1.333	0.941548960272749
8203	LINC02362	SRR14800486	q_1.333	0.955921855925905
8204	ENSG00000274322	SRR14800486	q_1.333	0.322127502330618
8205	ENSG00000291072	SRR14800486	q_1.333	0.921312956379449
8206	A4GALT	SRR14800486	q_1.333	0.475153222318311
8207	EPB41L4A-AS1	SRR14800486	q_1.333	0.647363810455282
8208	NCF1C	SRR14800486	q_1.333	0.982973491320054
8209	FOXJ2	SRR14800485	q_1.333	0.118913660578391
8210	TMEM38A	SRR14800485	q_1.333	0.703763487003452
8211	CCNE1	SRR14800485	q_1.333	0.408549856764639
8212	MCOLN1	SRR14800485	q_1.333	0.482193135280594
8213	FBXO3	SRR14800485	q_1.333	0.960288042783662
8214	SLC25A16	SRR14800485	q_1.333	0.947087775492746
8215	ZNF710	SRR14800485	q_1.333	0.98253823066782
8216	TM7SF2	SRR14800485	q_1.333	0.0244267982740266
8217	UBP1	SRR14800485	q_1.333	0.7373657918275
8218	SPICE1	SRR14800485	q_1.333	0.916794936593738
8219	NPY1R	SRR14800485	q_1.333	0.513376691721271
8220	CENPV	SRR14800485	q_1.333	0.761040375009807
8221	METTL26	SRR14800485	q_1.333	0.779212446722041
8222	MCC	SRR14800485	q_1.333	0.648965015602254
8223	REG3A	SRR14800485	q_1.333	0.903980580524781
8224	USP38	SRR14800485	q_1.333	0.912979926717281
8225	CYP2W1	SRR14800485	q_1.333	0.421179257222704
8226	NFKBIB	SRR14800485	q_1.333	0.639976128112027
8227	ING3	SRR14800485	q_1.333	0.987065041538256
8228	HIGD1A	SRR14800485	q_1.333	0.436653737983425
8229	DUOXA2	SRR14800485	q_1.333	0.299393719726896
8230	CCDC149	SRR14800485	q_1.333	0.514384666659602
8231	FAXDC2	SRR14800485	q_1.333	0.666092451544369
8232	THOC6	SRR14800485	q_1.333	0.42261498467082
8233	POLR2J4	SRR14800485	q_1.333	0.736129695302389
8234	SYNM	SRR14800485	q_1.333	0.949871597125979
8235	SPNS2	SRR14800485	q_1.333	0.46294584685236
8236	SRPRA	SRR14800485	q_1.333	0.419283859103628
8237	LINC03040	SRR14800485	q_1.333	0.992311010454063
8238	RAP1GDS1	SRR14800485	q_1.333	0.908589952867868
8239	ZNF493	SRR14800485	q_1.333	0.955141263974952
8240	VRK2	SRR14800485	q_1.333	0.850140691581038
8241	PMEPA1	SRR14800485	q_1.333	0.122564388108861
8242	CXCL12	SRR14800485	q_1.333	0.914209047916047
8243	EXOC1	SRR14800485	q_1.333	0.637412053910801
8244	FAM114A2	SRR14800485	q_1.333	0.904947701119756
8245	ANGEL2	SRR14800485	q_1.333	0.950276354488859
8246	TMEM183A	SRR14800485	q_1.333	0.838770788308591
8247	HDAC2	SRR14800485	q_1.333	0.774549569149184
8248	ATG5	SRR14800485	q_1.333	0.8973547705165
8249	SH3PXD2A	SRR14800485	q_1.333	0.797044370533248
8250	IFIT3	SRR14800485	q_1.333	0.98151661763225
8251	PBX2	SRR14800485	q_1.333	0.59289785059107
8252	IRF3	SRR14800485	q_1.333	0.760642508606005
8253	SPIRE2	SRR14800485	q_1.333	0.847377484309037
8254	CYBB	SRR14800485	q_1.333	0.553673187370243
8255	ASMTL	SRR14800485	q_1.333	0.572753369900044
8256	ETFRF1	SRR14800485	q_1.333	0.575426238880923
8257	PDE7A	SRR14800485	q_1.333	0.800028492657788
8258	CDH24	SRR14800485	q_1.333	0.991447531001661
8259	RELCH	SRR14800485	q_1.333	0.880692107607239
8260	ZFP90	SRR14800485	q_1.333	0.658480646362327
8261	SAR1B	SRR14800485	q_1.333	0.678529573664775
8262	PPP1R2	SRR14800485	q_1.333	0.317365335808561
8263	ENSG00000254706	SRR14800485	q_1.333	0.842936369323611
8264	GSKIP	SRR14800485	q_1.333	0.67074753424509
8265	GDI1	SRR14800485	q_1.333	0.511210473439548
8266	PNPT1	SRR14800485	q_1.333	0.865580121320299
8267	ZNF714	SRR14800485	q_1.333	0.851351453430961
8268	SLC9A7	SRR14800485	q_1.333	0.739782180265546
8269	DNAJC24	SRR14800485	q_1.333	0.686051427162654
8270	TLN2	SRR14800485	q_1.333	0.897770557399885
8271	SRP72	SRR14800485	q_1.333	0.841438946346016
8272	NSA2	SRR14800485	q_1.333	0.533001007998736
8273	THY1	SRR14800485	q_1.333	0.547602209094647
8274	PICALM	SRR14800485	q_1.333	0.907661568753966
8275	GLB1L2	SRR14800485	q_1.333	0.439745043675786
8276	SNHG10	SRR14800485	q_1.333	0.679240798300333
8277	MEF2A	SRR14800485	q_1.333	0.640306379192624
8278	GIPR	SRR14800485	q_1.333	0
8279	LINC02362	SRR14800485	q_1.333	0.921999866197784
8280	ENSG00000274322	SRR14800485	q_1.333	0.415767119543735
8281	ENSG00000291072	SRR14800485	q_1.333	0.936192723260755
8282	A4GALT	SRR14800485	q_1.333	0.897558630479565
8283	EPB41L4A-AS1	SRR14800485	q_1.333	0.669637297152013
8284	NCF1C	SRR14800485	q_1.333	0.828314904579619
8285	FOXJ2	SRR14800484	q_1.333	0.638965438505347
8286	TMEM38A	SRR14800484	q_1.333	0.78881377968302
8287	CCNE1	SRR14800484	q_1.333	0.823294606464309
8288	MCOLN1	SRR14800484	q_1.333	0.260157005968297
8289	FBXO3	SRR14800484	q_1.333	0.914330699586741
8290	SLC25A16	SRR14800484	q_1.333	0.961892357670757
8291	ZNF710	SRR14800484	q_1.333	0.869472784964704
8292	TM7SF2	SRR14800484	q_1.333	0.192316933677026
8293	UBP1	SRR14800484	q_1.333	0.669587674877467
8294	SPICE1	SRR14800484	q_1.333	0.834034893028385
8295	NPY1R	SRR14800484	q_1.333	0.636618419940919
8296	CENPV	SRR14800484	q_1.333	0.799898431732386
8297	METTL26	SRR14800484	q_1.333	0.857012523826781
8298	MCC	SRR14800484	q_1.333	0.480732980419836
8299	REG3A	SRR14800484	q_1.333	0.67842982162818
8300	USP38	SRR14800484	q_1.333	0.772124876752712
8301	CYP2W1	SRR14800484	q_1.333	0.761859033476998
8302	NFKBIB	SRR14800484	q_1.333	0.516661249451822
8303	ING3	SRR14800484	q_1.333	0.954584072691796
8304	HIGD1A	SRR14800484	q_1.333	0.666684798997096
8305	DUOXA2	SRR14800484	q_1.333	0.435066305339028
8306	CCDC149	SRR14800484	q_1.333	0.682840885961864
8307	FAXDC2	SRR14800484	q_1.333	0.79111068683675
8308	THOC6	SRR14800484	q_1.333	0.254842381182658
8309	POLR2J4	SRR14800484	q_1.333	0.956121855554692
8310	SYNM	SRR14800484	q_1.333	0.95988136704852
8311	SPNS2	SRR14800484	q_1.333	0
8312	SRPRA	SRR14800484	q_1.333	0.264637178951675
8313	LINC03040	SRR14800484	q_1.333	0.977463192949077
8314	RAP1GDS1	SRR14800484	q_1.333	0.72363309698888
8315	ZNF493	SRR14800484	q_1.333	0.986854443175904
8316	VRK2	SRR14800484	q_1.333	0.922959951530082
8317	PMEPA1	SRR14800484	q_1.333	0.901827823366976
8318	CXCL12	SRR14800484	q_1.333	0.854416790498164
8319	EXOC1	SRR14800484	q_1.333	0.812263540686034
8320	FAM114A2	SRR14800484	q_1.333	0.899384460882328
8321	ANGEL2	SRR14800484	q_1.333	0.8992929828475
8322	TMEM183A	SRR14800484	q_1.333	0.831002197685272
8323	HDAC2	SRR14800484	q_1.333	0.909336582798867
8324	ATG5	SRR14800484	q_1.333	0.936992793811313
8325	SH3PXD2A	SRR14800484	q_1.333	0.751350344498705
8326	IFIT3	SRR14800484	q_1.333	0.863392185264434
8327	PBX2	SRR14800484	q_1.333	0.627533391031835
8328	IRF3	SRR14800484	q_1.333	0.701233566499853
8329	SPIRE2	SRR14800484	q_1.333	0.79974061752001
8330	CYBB	SRR14800484	q_1.333	0.694973248558304
8331	ASMTL	SRR14800484	q_1.333	0.365233148832694
8332	ETFRF1	SRR14800484	q_1.333	0.73381920533597
8333	PDE7A	SRR14800484	q_1.333	0.906590556639868
8334	CDH24	SRR14800484	q_1.333	0.80378267355376
8335	RELCH	SRR14800484	q_1.333	0.906323834466116
8336	ZFP90	SRR14800484	q_1.333	0.861712157327143
8337	SAR1B	SRR14800484	q_1.333	0.703203972882484
8338	PPP1R2	SRR14800484	q_1.333	0.12676924021996
8339	ENSG00000254706	SRR14800484	q_1.333	0.461208634544263
8340	GSKIP	SRR14800484	q_1.333	0.0474182794094918
8341	GDI1	SRR14800484	q_1.333	0.253869623094531
8342	PNPT1	SRR14800484	q_1.333	0.95230331464659
8343	ZNF714	SRR14800484	q_1.333	0.810972932844555
8344	SLC9A7	SRR14800484	q_1.333	0.598984654226872
8345	DNAJC24	SRR14800484	q_1.333	0.822812678465268
8346	TLN2	SRR14800484	q_1.333	0.8165978939716
8347	SRP72	SRR14800484	q_1.333	0.754349089247284
8348	NSA2	SRR14800484	q_1.333	0.449183872297059
8349	THY1	SRR14800484	q_1.333	0.500984023557078
8350	PICALM	SRR14800484	q_1.333	0.879171992387742
8351	GLB1L2	SRR14800484	q_1.333	0.346951198459627
8352	SNHG10	SRR14800484	q_1.333	0.798607657442789
8353	MEF2A	SRR14800484	q_1.333	0.671798683927289
8354	GIPR	SRR14800484	q_1.333	0.668850571689277
8355	LINC02362	SRR14800484	q_1.333	0.881009030280896
8356	ENSG00000274322	SRR14800484	q_1.333	0.281649197867284
8357	ENSG00000291072	SRR14800484	q_1.333	0.816258025863075
8358	A4GALT	SRR14800484	q_1.333	0.519660432052375
8359	EPB41L4A-AS1	SRR14800484	q_1.333	0.737984428598166
8360	NCF1C	SRR14800484	q_1.333	0.833883837901
8361	FOXJ2	SRR14800483	q_1.333	0.34968157009856
8362	TMEM38A	SRR14800483	q_1.333	0.953194642383245
8363	CCNE1	SRR14800483	q_1.333	0.718570970242122
8364	MCOLN1	SRR14800483	q_1.333	0.79179966166454
8365	FBXO3	SRR14800483	q_1.333	0.944388097468474
8366	SLC25A16	SRR14800483	q_1.333	0.852292193920801
8367	ZNF710	SRR14800483	q_1.333	0.998647535390144
8368	TM7SF2	SRR14800483	q_1.333	0.626586897138491
8369	UBP1	SRR14800483	q_1.333	0.736066451514932
8370	SPICE1	SRR14800483	q_1.333	0.825071918367757
8371	NPY1R	SRR14800483	q_1.333	0
8372	CENPV	SRR14800483	q_1.333	0.871208263435392
8373	METTL26	SRR14800483	q_1.333	0.810677626682109
8374	MCC	SRR14800483	q_1.333	0.335322481772988
8375	REG3A	SRR14800483	q_1.333	0.67186634671948
8376	USP38	SRR14800483	q_1.333	0.973404833763467
8377	CYP2W1	SRR14800483	q_1.333	0.390902858164777
8378	NFKBIB	SRR14800483	q_1.333	0.561246784308612
8379	ING3	SRR14800483	q_1.333	0.985888999371099
8380	HIGD1A	SRR14800483	q_1.333	0.841781060510003
8381	DUOXA2	SRR14800483	q_1.333	0.874136818250077
8382	CCDC149	SRR14800483	q_1.333	0.824746041315452
8383	FAXDC2	SRR14800483	q_1.333	0.500056087327334
8384	THOC6	SRR14800483	q_1.333	0.504056679638935
8385	POLR2J4	SRR14800483	q_1.333	0.949104539702569
8386	SYNM	SRR14800483	q_1.333	0.959178574525363
8387	SPNS2	SRR14800483	q_1.333	0.63461667750521
8388	SRPRA	SRR14800483	q_1.333	0.496828094564136
8389	LINC03040	SRR14800483	q_1.333	0.990143949324706
8390	RAP1GDS1	SRR14800483	q_1.333	0.926061769333177
8391	ZNF493	SRR14800483	q_1.333	0.937019890670416
8392	VRK2	SRR14800483	q_1.333	0.752455819173972
8393	PMEPA1	SRR14800483	q_1.333	0.511752327895959
8394	CXCL12	SRR14800483	q_1.333	0.861295329667397
8395	EXOC1	SRR14800483	q_1.333	0.918118938495873
8396	FAM114A2	SRR14800483	q_1.333	0.853147038756097
8397	ANGEL2	SRR14800483	q_1.333	0.869817723552208
8398	TMEM183A	SRR14800483	q_1.333	0.777464060304955
8399	HDAC2	SRR14800483	q_1.333	0.769725619812115
8400	ATG5	SRR14800483	q_1.333	0.982041994454191
8401	SH3PXD2A	SRR14800483	q_1.333	0.270902984197351
8402	IFIT3	SRR14800483	q_1.333	0.757668130050938
8403	PBX2	SRR14800483	q_1.333	0.779695289109848
8404	IRF3	SRR14800483	q_1.333	0.7482539406605
8405	SPIRE2	SRR14800483	q_1.333	0.878449453411606
8406	CYBB	SRR14800483	q_1.333	0.715729573459499
8407	ASMTL	SRR14800483	q_1.333	0.660281311055182
8408	ETFRF1	SRR14800483	q_1.333	0.385370334781245
8409	PDE7A	SRR14800483	q_1.333	0.892384787778415
8410	CDH24	SRR14800483	q_1.333	0.970700700849067
8411	RELCH	SRR14800483	q_1.333	0.86827859495831
8412	ZFP90	SRR14800483	q_1.333	0.599733989203869
8413	SAR1B	SRR14800483	q_1.333	0.647087712908173
8414	PPP1R2	SRR14800483	q_1.333	0.534638660325742
8415	ENSG00000254706	SRR14800483	q_1.333	0.610407050140752
8416	GSKIP	SRR14800483	q_1.333	0
8417	GDI1	SRR14800483	q_1.333	0.610082306870145
8418	PNPT1	SRR14800483	q_1.333	0.940415662011414
8419	ZNF714	SRR14800483	q_1.333	0.906421908620384
8420	SLC9A7	SRR14800483	q_1.333	0
8421	DNAJC24	SRR14800483	q_1.333	0.860506372311395
8422	TLN2	SRR14800483	q_1.333	0.877701731836526
8423	SRP72	SRR14800483	q_1.333	0.779726106364026
8424	NSA2	SRR14800483	q_1.333	0.45892808881415
8425	THY1	SRR14800483	q_1.333	0.395652852310358
8426	PICALM	SRR14800483	q_1.333	0.822349098862454
8427	GLB1L2	SRR14800483	q_1.333	0.486352276705111
8428	SNHG10	SRR14800483	q_1.333	0.78401425039389
8429	MEF2A	SRR14800483	q_1.333	0.927843057106337
8430	GIPR	SRR14800483	q_1.333	0.296870921135702
8431	LINC02362	SRR14800483	q_1.333	0.938995879974059
8432	ENSG00000274322	SRR14800483	q_1.333	0.194864321974491
8433	ENSG00000291072	SRR14800483	q_1.333	0.82987344069598
8434	A4GALT	SRR14800483	q_1.333	0.565160016169614
8435	EPB41L4A-AS1	SRR14800483	q_1.333	0.694224584802888
8436	NCF1C	SRR14800483	q_1.333	0.84288327261523
8437	FOXJ2	SRR14800482	q_1.333	0.592691375916499
8438	TMEM38A	SRR14800482	q_1.333	0.735787160488983
8439	CCNE1	SRR14800482	q_1.333	0.661723279335437
8440	MCOLN1	SRR14800482	q_1.333	0.378839231266214
8441	FBXO3	SRR14800482	q_1.333	0.925640826780834
8442	SLC25A16	SRR14800482	q_1.333	0.951412678822163
8443	ZNF710	SRR14800482	q_1.333	0.86989738533918
8444	TM7SF2	SRR14800482	q_1.333	0.154555245734863
8445	UBP1	SRR14800482	q_1.333	0.756028377193944
8446	SPICE1	SRR14800482	q_1.333	0.800620283659491
8447	NPY1R	SRR14800482	q_1.333	0.193325863722573
8448	CENPV	SRR14800482	q_1.333	0.85999346736026
8449	METTL26	SRR14800482	q_1.333	0.875230838728452
8450	MCC	SRR14800482	q_1.333	0.603599921022801
8451	REG3A	SRR14800482	q_1.333	0.998283593188107
8452	USP38	SRR14800482	q_1.333	0.917511873144231
8453	CYP2W1	SRR14800482	q_1.333	0.452316506554156
8454	NFKBIB	SRR14800482	q_1.333	0.653315056957709
8455	ING3	SRR14800482	q_1.333	0.946277738194257
8456	HIGD1A	SRR14800482	q_1.333	0.38875583787521
8457	DUOXA2	SRR14800482	q_1.333	0.081185417649019
8458	CCDC149	SRR14800482	q_1.333	0.689912905652535
8459	FAXDC2	SRR14800482	q_1.333	0.732442976875658
8460	THOC6	SRR14800482	q_1.333	0.124187019884732
8461	POLR2J4	SRR14800482	q_1.333	0.882575816614405
8462	SYNM	SRR14800482	q_1.333	0
8463	SPNS2	SRR14800482	q_1.333	0.525157899851363
8464	SRPRA	SRR14800482	q_1.333	0.320479728439089
8465	LINC03040	SRR14800482	q_1.333	0.963033816429054
8466	RAP1GDS1	SRR14800482	q_1.333	0.950279990619664
8467	ZNF493	SRR14800482	q_1.333	0.945314929899537
8468	VRK2	SRR14800482	q_1.333	0.781875005710377
8469	PMEPA1	SRR14800482	q_1.333	0.699205365824909
8470	CXCL12	SRR14800482	q_1.333	0.905599473558145
8471	EXOC1	SRR14800482	q_1.333	0.819822818433501
8472	FAM114A2	SRR14800482	q_1.333	0.899693590829376
8473	ANGEL2	SRR14800482	q_1.333	0.914372316855567
8474	TMEM183A	SRR14800482	q_1.333	0.89078774019485
8475	HDAC2	SRR14800482	q_1.333	0.787032184521815
8476	ATG5	SRR14800482	q_1.333	0.815602205164246
8477	SH3PXD2A	SRR14800482	q_1.333	0.850696635671511
8478	IFIT3	SRR14800482	q_1.333	0.981687970868138
8479	PBX2	SRR14800482	q_1.333	0.316336592778745
8480	IRF3	SRR14800482	q_1.333	0.789082487836372
8481	SPIRE2	SRR14800482	q_1.333	0.724197877304039
8482	CYBB	SRR14800482	q_1.333	0
8483	ASMTL	SRR14800482	q_1.333	0.585869285388231
8484	ETFRF1	SRR14800482	q_1.333	0.713427714911369
8485	PDE7A	SRR14800482	q_1.333	0.893585259620857
8486	CDH24	SRR14800482	q_1.333	0.765466825941817
8487	RELCH	SRR14800482	q_1.333	0.909759033997069
8488	ZFP90	SRR14800482	q_1.333	0.777324521626133
8489	SAR1B	SRR14800482	q_1.333	0.681838743663297
8490	PPP1R2	SRR14800482	q_1.333	0.183392746825331
8491	ENSG00000254706	SRR14800482	q_1.333	0.873452158849745
8492	GSKIP	SRR14800482	q_1.333	0.70857921763212
8493	GDI1	SRR14800482	q_1.333	0.382832821438609
8494	PNPT1	SRR14800482	q_1.333	0.724215870687588
8495	ZNF714	SRR14800482	q_1.333	0.910501862374273
8496	SLC9A7	SRR14800482	q_1.333	0.764613872902518
8497	DNAJC24	SRR14800482	q_1.333	0.702718307195131
8498	TLN2	SRR14800482	q_1.333	0.776605615693467
8499	SRP72	SRR14800482	q_1.333	0.574282055752954
8500	NSA2	SRR14800482	q_1.333	0.872549087846869
8501	THY1	SRR14800482	q_1.333	0.774347937107216
8502	PICALM	SRR14800482	q_1.333	0.859740330767486
8503	GLB1L2	SRR14800482	q_1.333	0.220877675059406
8504	SNHG10	SRR14800482	q_1.333	0.662652937111414
8505	MEF2A	SRR14800482	q_1.333	0.812457719250654
8506	GIPR	SRR14800482	q_1.333	0.993091338436912
8507	LINC02362	SRR14800482	q_1.333	0.753952676691093
8508	ENSG00000274322	SRR14800482	q_1.333	0.686146254005244
8509	ENSG00000291072	SRR14800482	q_1.333	0.908535521017656
8510	A4GALT	SRR14800482	q_1.333	0.53227641328728
8511	EPB41L4A-AS1	SRR14800482	q_1.333	0.84017532345213
8512	NCF1C	SRR14800482	q_1.333	0
8513	FOXJ2	SRR14800481	q_1.556	0.470371094277623
8514	TMEM38A	SRR14800481	q_1.556	0.665551483291476
8515	CCNE1	SRR14800481	q_1.556	0.348421404502092
8516	MCOLN1	SRR14800481	q_1.556	0.160480939014063
8517	FBXO3	SRR14800481	q_1.556	0.934713172346474
8518	SLC25A16	SRR14800481	q_1.556	0.869353231507002
8519	ZNF710	SRR14800481	q_1.556	0.858060685542912
8520	TM7SF2	SRR14800481	q_1.556	0.488792402903724
8521	UBP1	SRR14800481	q_1.556	0.713015119640496
8522	SPICE1	SRR14800481	q_1.556	0.82334272412806
8523	NPY1R	SRR14800481	q_1.556	0.397259877167218
8524	CENPV	SRR14800481	q_1.556	0.927914167862306
8525	METTL26	SRR14800481	q_1.556	0.654985236108087
8526	MCC	SRR14800481	q_1.556	0.0517544600966451
8527	REG3A	SRR14800481	q_1.556	NA
8528	USP38	SRR14800481	q_1.556	0.937373990315458
8529	CYP2W1	SRR14800481	q_1.556	0.333033954890044
8530	NFKBIB	SRR14800481	q_1.556	0.966084005060229
8531	ING3	SRR14800481	q_1.556	0.927007088964976
8532	HIGD1A	SRR14800481	q_1.556	0.486691268512095
8533	DUOXA2	SRR14800481	q_1.556	0
8534	CCDC149	SRR14800481	q_1.556	0.510508975011845
8535	FAXDC2	SRR14800481	q_1.556	0.709794367442859
8536	THOC6	SRR14800481	q_1.556	0.323066675334069
8537	POLR2J4	SRR14800481	q_1.556	0.94989783141463
8538	SYNM	SRR14800481	q_1.556	0
8539	SPNS2	SRR14800481	q_1.556	0.911934923970395
8540	SRPRA	SRR14800481	q_1.556	0.272167153428099
8541	LINC03040	SRR14800481	q_1.556	0.468738225257671
8542	RAP1GDS1	SRR14800481	q_1.556	0.741860771097546
8543	ZNF493	SRR14800481	q_1.556	0.984010610592294
8544	VRK2	SRR14800481	q_1.556	0.822744998622149
8545	PMEPA1	SRR14800481	q_1.556	0.67608098972478
8546	CXCL12	SRR14800481	q_1.556	0.458038991694709
8547	EXOC1	SRR14800481	q_1.556	0.723900590763078
8548	FAM114A2	SRR14800481	q_1.556	0.757794216355272
8549	ANGEL2	SRR14800481	q_1.556	0.909976570919919
8550	TMEM183A	SRR14800481	q_1.556	0.789722387294617
8551	HDAC2	SRR14800481	q_1.556	0.718036535524707
8552	ATG5	SRR14800481	q_1.556	0.80979744325382
8553	SH3PXD2A	SRR14800481	q_1.556	0.874681258298339
8554	IFIT3	SRR14800481	q_1.556	0.756609025140908
8555	PBX2	SRR14800481	q_1.556	0.558912939182966
8556	IRF3	SRR14800481	q_1.556	0.823738873203703
8557	SPIRE2	SRR14800481	q_1.556	0.798032273431326
8558	CYBB	SRR14800481	q_1.556	0.680574420599919
8559	ASMTL	SRR14800481	q_1.556	0.370872471894702
8560	ETFRF1	SRR14800481	q_1.556	0.480612470114771
8561	PDE7A	SRR14800481	q_1.556	0.9525463903936
8562	CDH24	SRR14800481	q_1.556	0.959262344446862
8563	RELCH	SRR14800481	q_1.556	0.90367320363516
8564	ZFP90	SRR14800481	q_1.556	0.778599567131025
8565	SAR1B	SRR14800481	q_1.556	0.525052502421627
8566	PPP1R2	SRR14800481	q_1.556	0.282750977120625
8567	ENSG00000254706	SRR14800481	q_1.556	0.89871447288526
8568	GSKIP	SRR14800481	q_1.556	0.631662086100184
8569	GDI1	SRR14800481	q_1.556	0.358616664924246
8570	PNPT1	SRR14800481	q_1.556	0.335928652156345
8571	ZNF714	SRR14800481	q_1.556	0.919137257451027
8572	SLC9A7	SRR14800481	q_1.556	0
8573	DNAJC24	SRR14800481	q_1.556	0.757258675634182
8574	TLN2	SRR14800481	q_1.556	0.842636519269896
8575	SRP72	SRR14800481	q_1.556	0.691006541633455
8576	NSA2	SRR14800481	q_1.556	0.856649156890704
8577	THY1	SRR14800481	q_1.556	0.665827530001392
8578	PICALM	SRR14800481	q_1.556	0.790792262281699
8579	GLB1L2	SRR14800481	q_1.556	0.306563086551499
8580	SNHG10	SRR14800481	q_1.556	0.907096063430789
8581	MEF2A	SRR14800481	q_1.556	0.831923891447689
8582	GIPR	SRR14800481	q_1.556	0.867572264061157
8583	LINC02362	SRR14800481	q_1.556	0.849772466463036
8584	ENSG00000274322	SRR14800481	q_1.556	0.573452391392689
8585	ENSG00000291072	SRR14800481	q_1.556	0.914084284635208
8586	A4GALT	SRR14800481	q_1.556	0.47018220985115
8587	EPB41L4A-AS1	SRR14800481	q_1.556	0.911871151314568
8588	NCF1C	SRR14800481	q_1.556	0.663607566934295
8589	FOXJ2	SRR14800480	q_1.556	0.774922704077301
8590	TMEM38A	SRR14800480	q_1.556	0.449983298415948
8591	CCNE1	SRR14800480	q_1.556	0.701934502547645
8592	MCOLN1	SRR14800480	q_1.556	0.619086159843607
8593	FBXO3	SRR14800480	q_1.556	0.886047603269092
8594	SLC25A16	SRR14800480	q_1.556	0.806462608626503
8595	ZNF710	SRR14800480	q_1.556	0.862001104799325
8596	TM7SF2	SRR14800480	q_1.556	0.391077475035298
8597	UBP1	SRR14800480	q_1.556	0.668425793342152
8598	SPICE1	SRR14800480	q_1.556	0.832507973284008
8599	NPY1R	SRR14800480	q_1.556	0.844939106670412
8600	CENPV	SRR14800480	q_1.556	0.884660235992835
8601	METTL26	SRR14800480	q_1.556	0.711373654951285
8602	MCC	SRR14800480	q_1.556	0.324568479241795
8603	REG3A	SRR14800480	q_1.556	0.978627646243377
8604	USP38	SRR14800480	q_1.556	0.941293904510476
8605	CYP2W1	SRR14800480	q_1.556	0.435322432936647
8606	NFKBIB	SRR14800480	q_1.556	0.643568297289865
8607	ING3	SRR14800480	q_1.556	0.985908919026374
8608	HIGD1A	SRR14800480	q_1.556	0.909219602840715
8609	DUOXA2	SRR14800480	q_1.556	0
8610	CCDC149	SRR14800480	q_1.556	0.946959991843591
8611	FAXDC2	SRR14800480	q_1.556	0.897210127003858
8612	THOC6	SRR14800480	q_1.556	0.380675340516231
8613	POLR2J4	SRR14800480	q_1.556	0.931482131486978
8614	SYNM	SRR14800480	q_1.556	0.999600306691892
8615	SPNS2	SRR14800480	q_1.556	0.736173830395162
8616	SRPRA	SRR14800480	q_1.556	0.340970940473977
8617	LINC03040	SRR14800480	q_1.556	0.63692590988582
8618	RAP1GDS1	SRR14800480	q_1.556	0.843124211308238
8619	ZNF493	SRR14800480	q_1.556	0.945451599878152
8620	VRK2	SRR14800480	q_1.556	0.786476387054145
8621	PMEPA1	SRR14800480	q_1.556	0.582483489732768
8622	CXCL12	SRR14800480	q_1.556	0.55257503258303
8623	EXOC1	SRR14800480	q_1.556	0.634732424783587
8624	FAM114A2	SRR14800480	q_1.556	0.72093627985563
8625	ANGEL2	SRR14800480	q_1.556	0.8585297907488
8626	TMEM183A	SRR14800480	q_1.556	0.874312989786561
8627	HDAC2	SRR14800480	q_1.556	0.794928032800972
8628	ATG5	SRR14800480	q_1.556	0.782631604519898
8629	SH3PXD2A	SRR14800480	q_1.556	0.704205160046936
8630	IFIT3	SRR14800480	q_1.556	0.657958613288593
8631	PBX2	SRR14800480	q_1.556	0.774160013549136
8632	IRF3	SRR14800480	q_1.556	0.798536563589441
8633	SPIRE2	SRR14800480	q_1.556	0.829777697114267
8634	CYBB	SRR14800480	q_1.556	0.525681069026742
8635	ASMTL	SRR14800480	q_1.556	0.161043942537927
8636	ETFRF1	SRR14800480	q_1.556	0.666784075741912
8637	PDE7A	SRR14800480	q_1.556	0.959695320479039
8638	CDH24	SRR14800480	q_1.556	0.399152587524117
8639	RELCH	SRR14800480	q_1.556	0.955169873642627
8640	ZFP90	SRR14800480	q_1.556	0.797647174685299
8641	SAR1B	SRR14800480	q_1.556	0.802831698075786
8642	PPP1R2	SRR14800480	q_1.556	0.231392414925181
8643	ENSG00000254706	SRR14800480	q_1.556	0.290543614917097
8644	GSKIP	SRR14800480	q_1.556	0.535257072617803
8645	GDI1	SRR14800480	q_1.556	0.552374441938621
8646	PNPT1	SRR14800480	q_1.556	0.889946883437065
8647	ZNF714	SRR14800480	q_1.556	0.851145734491461
8648	SLC9A7	SRR14800480	q_1.556	0.400907892227212
8649	DNAJC24	SRR14800480	q_1.556	0.701456029969173
8650	TLN2	SRR14800480	q_1.556	0.890526184750847
8651	SRP72	SRR14800480	q_1.556	0.795377570908334
8652	NSA2	SRR14800480	q_1.556	0.294812102000823
8653	THY1	SRR14800480	q_1.556	0.693785634212482
8654	PICALM	SRR14800480	q_1.556	0.89522553358817
8655	GLB1L2	SRR14800480	q_1.556	0.298688443508957
8656	SNHG10	SRR14800480	q_1.556	0.551243612748714
8657	MEF2A	SRR14800480	q_1.556	0.843112355170112
8658	GIPR	SRR14800480	q_1.556	0.959009148672966
8659	LINC02362	SRR14800480	q_1.556	0.970501646179736
8660	ENSG00000274322	SRR14800480	q_1.556	0.48871121087705
8661	ENSG00000291072	SRR14800480	q_1.556	0.987022642571955
8662	A4GALT	SRR14800480	q_1.556	0.385924151902637
8663	EPB41L4A-AS1	SRR14800480	q_1.556	0.854652032287222
8664	NCF1C	SRR14800480	q_1.556	0.867861080748675
8665	FOXJ2	SRR14800477	q_1.556	0.72059953986967
8666	TMEM38A	SRR14800477	q_1.556	0.348591194658869
8667	CCNE1	SRR14800477	q_1.556	0
8668	MCOLN1	SRR14800477	q_1.556	0.643189073992896
8669	FBXO3	SRR14800477	q_1.556	0.989465296017611
8670	SLC25A16	SRR14800477	q_1.556	0.948083538578015
8671	ZNF710	SRR14800477	q_1.556	0.877249155354461
8672	TM7SF2	SRR14800477	q_1.556	0.519430749510146
8673	UBP1	SRR14800477	q_1.556	0.856138410190946
8674	SPICE1	SRR14800477	q_1.556	0.738593538369734
8675	NPY1R	SRR14800477	q_1.556	0.684861758418409
8676	CENPV	SRR14800477	q_1.556	0.943486741807221
8677	METTL26	SRR14800477	q_1.556	0.817635167354629
8678	MCC	SRR14800477	q_1.556	0.361174179374462
8679	REG3A	SRR14800477	q_1.556	NA
8680	USP38	SRR14800477	q_1.556	0.965026121061278
8681	CYP2W1	SRR14800477	q_1.556	0
8682	NFKBIB	SRR14800477	q_1.556	0.579673906672989
8683	ING3	SRR14800477	q_1.556	0.887943713849646
8684	HIGD1A	SRR14800477	q_1.556	0.779117179210271
8685	DUOXA2	SRR14800477	q_1.556	NA
8686	CCDC149	SRR14800477	q_1.556	0.883268985098406
8687	FAXDC2	SRR14800477	q_1.556	0.850902520060396
8688	THOC6	SRR14800477	q_1.556	0.164068150548977
8689	POLR2J4	SRR14800477	q_1.556	0.887430995680805
8690	SYNM	SRR14800477	q_1.556	0.999982670041869
8691	SPNS2	SRR14800477	q_1.556	0
8692	SRPRA	SRR14800477	q_1.556	0.403976978141812
8693	LINC03040	SRR14800477	q_1.556	0
8694	RAP1GDS1	SRR14800477	q_1.556	0.821610781328917
8695	ZNF493	SRR14800477	q_1.556	0.972404558483779
8696	VRK2	SRR14800477	q_1.556	0.947718200275474
8697	PMEPA1	SRR14800477	q_1.556	0.660410116513823
8698	CXCL12	SRR14800477	q_1.556	0.422408626886454
8699	EXOC1	SRR14800477	q_1.556	0.88463995442311
8700	FAM114A2	SRR14800477	q_1.556	0.791672390222096
8701	ANGEL2	SRR14800477	q_1.556	0.90510056493729
8702	TMEM183A	SRR14800477	q_1.556	0.927574123066501
8703	HDAC2	SRR14800477	q_1.556	0.826815250253919
8704	ATG5	SRR14800477	q_1.556	0.842197651351241
8705	SH3PXD2A	SRR14800477	q_1.556	0.783478270005771
8706	IFIT3	SRR14800477	q_1.556	0
8707	PBX2	SRR14800477	q_1.556	0.870406362418239
8708	IRF3	SRR14800477	q_1.556	0.761459322467085
8709	SPIRE2	SRR14800477	q_1.556	0.7892870843349
8710	CYBB	SRR14800477	q_1.556	0.69475655959721
8711	ASMTL	SRR14800477	q_1.556	0.656275515392715
8712	ETFRF1	SRR14800477	q_1.556	0.351895776064132
8713	PDE7A	SRR14800477	q_1.556	0.93806470848471
8714	CDH24	SRR14800477	q_1.556	0.149834447648964
8715	RELCH	SRR14800477	q_1.556	0.95918931642468
8716	ZFP90	SRR14800477	q_1.556	0.714671773840865
8717	SAR1B	SRR14800477	q_1.556	0.817318191560861
8718	PPP1R2	SRR14800477	q_1.556	0.399085842425313
8719	ENSG00000254706	SRR14800477	q_1.556	0.284923049521235
8720	GSKIP	SRR14800477	q_1.556	0.019738958916056
8721	GDI1	SRR14800477	q_1.556	0.283649484406777
8722	PNPT1	SRR14800477	q_1.556	0.964674614342837
8723	ZNF714	SRR14800477	q_1.556	0.709036608903151
8724	SLC9A7	SRR14800477	q_1.556	0
8725	DNAJC24	SRR14800477	q_1.556	0.763510180557147
8726	TLN2	SRR14800477	q_1.556	0.879345671763693
8727	SRP72	SRR14800477	q_1.556	0.875604358684932
8728	NSA2	SRR14800477	q_1.556	0.423393502837448
8729	THY1	SRR14800477	q_1.556	0.237259718491252
8730	PICALM	SRR14800477	q_1.556	0.868677608610003
8731	GLB1L2	SRR14800477	q_1.556	0.456741889251506
8732	SNHG10	SRR14800477	q_1.556	0.888547417596164
8733	MEF2A	SRR14800477	q_1.556	0.8654180388718
8734	GIPR	SRR14800477	q_1.556	0.812621790827543
8735	LINC02362	SRR14800477	q_1.556	0.982777685102418
8736	ENSG00000274322	SRR14800477	q_1.556	0.377982939741526
8737	ENSG00000291072	SRR14800477	q_1.556	0.789874284332684
8738	A4GALT	SRR14800477	q_1.556	0.658210521588523
8739	EPB41L4A-AS1	SRR14800477	q_1.556	0.767200364914755
8740	NCF1C	SRR14800477	q_1.556	0.904228583901662
8741	FOXJ2	SRR14800476	q_1.556	0.599495564485484
8742	TMEM38A	SRR14800476	q_1.556	0.836104677189109
8743	CCNE1	SRR14800476	q_1.556	0.866124172053404
8744	MCOLN1	SRR14800476	q_1.556	0.513875278483042
8745	FBXO3	SRR14800476	q_1.556	0.987237062283622
8746	SLC25A16	SRR14800476	q_1.556	0.848015823979735
8747	ZNF710	SRR14800476	q_1.556	0.773999056198166
8748	TM7SF2	SRR14800476	q_1.556	0.381880144681679
8749	UBP1	SRR14800476	q_1.556	0.928559749058445
8750	SPICE1	SRR14800476	q_1.556	0.756422644463512
8751	NPY1R	SRR14800476	q_1.556	0.825072347325814
8752	CENPV	SRR14800476	q_1.556	0.805843381094935
8753	METTL26	SRR14800476	q_1.556	0.763946026001781
8754	MCC	SRR14800476	q_1.556	0.485756483506991
8755	REG3A	SRR14800476	q_1.556	0
8756	USP38	SRR14800476	q_1.556	0.985709929890745
8757	CYP2W1	SRR14800476	q_1.556	0
8758	NFKBIB	SRR14800476	q_1.556	0.681770366040367
8759	ING3	SRR14800476	q_1.556	0.791757151202559
8760	HIGD1A	SRR14800476	q_1.556	0.869667768801826
8761	DUOXA2	SRR14800476	q_1.556	0
8762	CCDC149	SRR14800476	q_1.556	0.829002816741737
8763	FAXDC2	SRR14800476	q_1.556	0.737129483954805
8764	THOC6	SRR14800476	q_1.556	0.173867831266854
8765	POLR2J4	SRR14800476	q_1.556	0.904271076576453
8766	SYNM	SRR14800476	q_1.556	0.992049991148569
8767	SPNS2	SRR14800476	q_1.556	0.435759219057057
8768	SRPRA	SRR14800476	q_1.556	0.467376845169176
8769	LINC03040	SRR14800476	q_1.556	0.697024292042522
8770	RAP1GDS1	SRR14800476	q_1.556	0.808880232062441
8771	ZNF493	SRR14800476	q_1.556	0.955746667252658
8772	VRK2	SRR14800476	q_1.556	0.926286334007715
8773	PMEPA1	SRR14800476	q_1.556	0.747802282906415
8774	CXCL12	SRR14800476	q_1.556	0.501965011404763
8775	EXOC1	SRR14800476	q_1.556	0.780516895869001
8776	FAM114A2	SRR14800476	q_1.556	0.698038926864647
8777	ANGEL2	SRR14800476	q_1.556	0.859923327464763
8778	TMEM183A	SRR14800476	q_1.556	0.922673794758144
8779	HDAC2	SRR14800476	q_1.556	0.899938901602413
8780	ATG5	SRR14800476	q_1.556	0.812551521984999
8781	SH3PXD2A	SRR14800476	q_1.556	0.893959677531136
8782	IFIT3	SRR14800476	q_1.556	0.999976357119067
8783	PBX2	SRR14800476	q_1.556	0.779696830726156
8784	IRF3	SRR14800476	q_1.556	0.803561201680874
8785	SPIRE2	SRR14800476	q_1.556	0.831611148096368
8786	CYBB	SRR14800476	q_1.556	0.600618640858819
8787	ASMTL	SRR14800476	q_1.556	0.341092512226549
8788	ETFRF1	SRR14800476	q_1.556	0.372284125066361
8789	PDE7A	SRR14800476	q_1.556	0.869431517689463
8790	CDH24	SRR14800476	q_1.556	0.647804845326483
8791	RELCH	SRR14800476	q_1.556	0.956920607530493
8792	ZFP90	SRR14800476	q_1.556	0.808198563303662
8793	SAR1B	SRR14800476	q_1.556	0.601850608598138
8794	PPP1R2	SRR14800476	q_1.556	0.314454693235747
8795	ENSG00000254706	SRR14800476	q_1.556	0.817576399967786
8796	GSKIP	SRR14800476	q_1.556	0.573933180762662
8797	GDI1	SRR14800476	q_1.556	0.399646052056609
8798	PNPT1	SRR14800476	q_1.556	0.840162689301284
8799	ZNF714	SRR14800476	q_1.556	0.841097548471652
8800	SLC9A7	SRR14800476	q_1.556	0.936911080193569
8801	DNAJC24	SRR14800476	q_1.556	0.898061642093411
8802	TLN2	SRR14800476	q_1.556	0.923104342424741
8803	SRP72	SRR14800476	q_1.556	0.825081334989775
8804	NSA2	SRR14800476	q_1.556	0.489053176964113
8805	THY1	SRR14800476	q_1.556	0.323749463987388
8806	PICALM	SRR14800476	q_1.556	0.982515010054783
8807	GLB1L2	SRR14800476	q_1.556	0.488562808447794
8808	SNHG10	SRR14800476	q_1.556	0.929060632630786
8809	MEF2A	SRR14800476	q_1.556	0.754426080497124
8810	GIPR	SRR14800476	q_1.556	0.959414624410017
8811	LINC02362	SRR14800476	q_1.556	0.960276442311179
8812	ENSG00000274322	SRR14800476	q_1.556	0.366054173083237
8813	ENSG00000291072	SRR14800476	q_1.556	0.873716055265617
8814	A4GALT	SRR14800476	q_1.556	0.175795391555121
8815	EPB41L4A-AS1	SRR14800476	q_1.556	0.825401784597828
8816	NCF1C	SRR14800476	q_1.556	0.644017595910357
8817	FOXJ2	SRR14800475	q_1.556	0.756034149896906
8818	TMEM38A	SRR14800475	q_1.556	0.921592267001392
8819	CCNE1	SRR14800475	q_1.556	0.318066240996178
8820	MCOLN1	SRR14800475	q_1.556	0.603640762327157
8821	FBXO3	SRR14800475	q_1.556	0.914110871041858
8822	SLC25A16	SRR14800475	q_1.556	0.911889138835955
8823	ZNF710	SRR14800475	q_1.556	0.891836557896801
8824	TM7SF2	SRR14800475	q_1.556	0.165382582448238
8825	UBP1	SRR14800475	q_1.556	0.636010086854608
8826	SPICE1	SRR14800475	q_1.556	0.793173934454952
8827	NPY1R	SRR14800475	q_1.556	0.122132912652393
8828	CENPV	SRR14800475	q_1.556	0.782613029388789
8829	METTL26	SRR14800475	q_1.556	0.676978349222629
8830	MCC	SRR14800475	q_1.556	0.455579465889178
8831	REG3A	SRR14800475	q_1.556	0
8832	USP38	SRR14800475	q_1.556	0.875011877186509
8833	CYP2W1	SRR14800475	q_1.556	0
8834	NFKBIB	SRR14800475	q_1.556	0.671824802317257
8835	ING3	SRR14800475	q_1.556	0.815408965810006
8836	HIGD1A	SRR14800475	q_1.556	0.814576208316343
8837	DUOXA2	SRR14800475	q_1.556	0.728045842037052
8838	CCDC149	SRR14800475	q_1.556	0.902570144490841
8839	FAXDC2	SRR14800475	q_1.556	0.814369814926329
8840	THOC6	SRR14800475	q_1.556	0.871021145696995
8841	POLR2J4	SRR14800475	q_1.556	0.962321780332439
8842	SYNM	SRR14800475	q_1.556	0.999665344725925
8843	SPNS2	SRR14800475	q_1.556	0.734460536082844
8844	SRPRA	SRR14800475	q_1.556	0.237464633247005
8845	LINC03040	SRR14800475	q_1.556	0.942891316627782
8846	RAP1GDS1	SRR14800475	q_1.556	0.740747893127635
8847	ZNF493	SRR14800475	q_1.556	0.956560539947094
8848	VRK2	SRR14800475	q_1.556	0.830267305486672
8849	PMEPA1	SRR14800475	q_1.556	0.138237908079339
8850	CXCL12	SRR14800475	q_1.556	0.419604598608254
8851	EXOC1	SRR14800475	q_1.556	0.60574099148269
8852	FAM114A2	SRR14800475	q_1.556	0.598810595858622
8853	ANGEL2	SRR14800475	q_1.556	0.796326448660737
8854	TMEM183A	SRR14800475	q_1.556	0.972458951021081
8855	HDAC2	SRR14800475	q_1.556	0.776077289745795
8856	ATG5	SRR14800475	q_1.556	0.944654713193071
8857	SH3PXD2A	SRR14800475	q_1.556	0.184161005727242
8858	IFIT3	SRR14800475	q_1.556	0.632824422284687
8859	PBX2	SRR14800475	q_1.556	0.512974567719436
8860	IRF3	SRR14800475	q_1.556	0.688397817025584
8861	SPIRE2	SRR14800475	q_1.556	0.722621099583547
8862	CYBB	SRR14800475	q_1.556	0.685978144548454
8863	ASMTL	SRR14800475	q_1.556	0.311779275878165
8864	ETFRF1	SRR14800475	q_1.556	0.309383069053124
8865	PDE7A	SRR14800475	q_1.556	0.959529297052008
8866	CDH24	SRR14800475	q_1.556	0.66920873930602
8867	RELCH	SRR14800475	q_1.556	0.786166917038323
8868	ZFP90	SRR14800475	q_1.556	0.603209218824101
8869	SAR1B	SRR14800475	q_1.556	0.619479138225628
8870	PPP1R2	SRR14800475	q_1.556	0.725819798617216
8871	ENSG00000254706	SRR14800475	q_1.556	0.858721852432828
8872	GSKIP	SRR14800475	q_1.556	0.68042466147137
8873	GDI1	SRR14800475	q_1.556	0.243775268617071
8874	PNPT1	SRR14800475	q_1.556	0.733513447961336
8875	ZNF714	SRR14800475	q_1.556	0.604528590571298
8876	SLC9A7	SRR14800475	q_1.556	0.958356210241046
8877	DNAJC24	SRR14800475	q_1.556	0.556271935390379
8878	TLN2	SRR14800475	q_1.556	0.79474288784513
8879	SRP72	SRR14800475	q_1.556	0.895846253446097
8880	NSA2	SRR14800475	q_1.556	0.404447525987622
8881	THY1	SRR14800475	q_1.556	0.371722380963099
8882	PICALM	SRR14800475	q_1.556	0.930756178798824
8883	GLB1L2	SRR14800475	q_1.556	0.403472063232962
8884	SNHG10	SRR14800475	q_1.556	0.781213013709679
8885	MEF2A	SRR14800475	q_1.556	0.677522820207609
8886	GIPR	SRR14800475	q_1.556	NA
8887	LINC02362	SRR14800475	q_1.556	0.813861452893626
8888	ENSG00000274322	SRR14800475	q_1.556	0
8889	ENSG00000291072	SRR14800475	q_1.556	0.879221875247204
8890	A4GALT	SRR14800475	q_1.556	0.824391831000806
8891	EPB41L4A-AS1	SRR14800475	q_1.556	0.403644565585587
8892	NCF1C	SRR14800475	q_1.556	0.431298343222356
8893	FOXJ2	SRR14800490	q_1.556	0.745132427611035
8894	TMEM38A	SRR14800490	q_1.556	0.999493607177889
8895	CCNE1	SRR14800490	q_1.556	NA
8896	MCOLN1	SRR14800490	q_1.556	0.388865839558267
8897	FBXO3	SRR14800490	q_1.556	0.891473674469229
8898	SLC25A16	SRR14800490	q_1.556	0.870739808107336
8899	ZNF710	SRR14800490	q_1.556	0.908126495631619
8900	TM7SF2	SRR14800490	q_1.556	0.805016871423064
8901	UBP1	SRR14800490	q_1.556	0.734427030557358
8902	SPICE1	SRR14800490	q_1.556	0.787195028437083
8903	NPY1R	SRR14800490	q_1.556	0.686841885648776
8904	CENPV	SRR14800490	q_1.556	0.891733965104184
8905	METTL26	SRR14800490	q_1.556	0.686571455128754
8906	MCC	SRR14800490	q_1.556	0.480989891290023
8907	REG3A	SRR14800490	q_1.556	NA
8908	USP38	SRR14800490	q_1.556	0.870753637300983
8909	CYP2W1	SRR14800490	q_1.556	0
8910	NFKBIB	SRR14800490	q_1.556	0.652308930094311
8911	ING3	SRR14800490	q_1.556	0.928864306418076
8912	HIGD1A	SRR14800490	q_1.556	0.759298804378783
8913	DUOXA2	SRR14800490	q_1.556	NA
8914	CCDC149	SRR14800490	q_1.556	0.916291330530243
8915	FAXDC2	SRR14800490	q_1.556	0.743456426438896
8916	THOC6	SRR14800490	q_1.556	0.355307917420187
8917	POLR2J4	SRR14800490	q_1.556	0.97664458731075
8918	SYNM	SRR14800490	q_1.556	0.987171847149455
8919	SPNS2	SRR14800490	q_1.556	0
8920	SRPRA	SRR14800490	q_1.556	0.486759448019477
8921	LINC03040	SRR14800490	q_1.556	0
8922	RAP1GDS1	SRR14800490	q_1.556	0.782770386993275
8923	ZNF493	SRR14800490	q_1.556	0.947824181786122
8924	VRK2	SRR14800490	q_1.556	0.833723619169043
8925	PMEPA1	SRR14800490	q_1.556	0.111860953112232
8926	CXCL12	SRR14800490	q_1.556	0.555066519039856
8927	EXOC1	SRR14800490	q_1.556	0.781933149447995
8928	FAM114A2	SRR14800490	q_1.556	0.794311974259154
8929	ANGEL2	SRR14800490	q_1.556	0.925942390734033
8930	TMEM183A	SRR14800490	q_1.556	0.90496329680164
8931	HDAC2	SRR14800490	q_1.556	0.734265694158935
8932	ATG5	SRR14800490	q_1.556	0.758604692811992
8933	SH3PXD2A	SRR14800490	q_1.556	0.39198295746767
8934	IFIT3	SRR14800490	q_1.556	0.701669357127551
8935	PBX2	SRR14800490	q_1.556	0.540224045714604
8936	IRF3	SRR14800490	q_1.556	0.657227121132938
8937	SPIRE2	SRR14800490	q_1.556	0.916365178111291
8938	CYBB	SRR14800490	q_1.556	0.487086473076155
8939	ASMTL	SRR14800490	q_1.556	0.331874376320712
8940	ETFRF1	SRR14800490	q_1.556	0.389320215828011
8941	PDE7A	SRR14800490	q_1.556	0.802363853194023
8942	CDH24	SRR14800490	q_1.556	0.486475270651999
8943	RELCH	SRR14800490	q_1.556	0.856882016107667
8944	ZFP90	SRR14800490	q_1.556	0.925479730148684
8945	SAR1B	SRR14800490	q_1.556	0.577512814605534
8946	PPP1R2	SRR14800490	q_1.556	0.504068567908997
8947	ENSG00000254706	SRR14800490	q_1.556	0.330421337720379
8948	GSKIP	SRR14800490	q_1.556	0
8949	GDI1	SRR14800490	q_1.556	0.406313825169369
8950	PNPT1	SRR14800490	q_1.556	0.664595578035966
8951	ZNF714	SRR14800490	q_1.556	0.420269613428432
8952	SLC9A7	SRR14800490	q_1.556	0.244217050568327
8953	DNAJC24	SRR14800490	q_1.556	0.563249377671254
8954	TLN2	SRR14800490	q_1.556	0.901628471757036
8955	SRP72	SRR14800490	q_1.556	0.86775088655377
8956	NSA2	SRR14800490	q_1.556	0.328311792815208
8957	THY1	SRR14800490	q_1.556	0.313682050870256
8958	PICALM	SRR14800490	q_1.556	0.922375365995747
8959	GLB1L2	SRR14800490	q_1.556	0.654650119757601
8960	SNHG10	SRR14800490	q_1.556	0.807388854346107
8961	MEF2A	SRR14800490	q_1.556	0.689569285815039
8962	GIPR	SRR14800490	q_1.556	NA
8963	LINC02362	SRR14800490	q_1.556	0.867229879874683
8964	ENSG00000274322	SRR14800490	q_1.556	0.773337658061475
8965	ENSG00000291072	SRR14800490	q_1.556	0.682392285159632
8966	A4GALT	SRR14800490	q_1.556	0.764667562288412
8967	EPB41L4A-AS1	SRR14800490	q_1.556	0.850745978903847
8968	NCF1C	SRR14800490	q_1.556	0.580165453407375
8969	FOXJ2	SRR14800489	q_1.556	0.72612459058609
8970	TMEM38A	SRR14800489	q_1.556	0.960376379692195
8971	CCNE1	SRR14800489	q_1.556	0.294621954753894
8972	MCOLN1	SRR14800489	q_1.556	0.423885047566976
8973	FBXO3	SRR14800489	q_1.556	0.965012488016233
8974	SLC25A16	SRR14800489	q_1.556	0.804418485221124
8975	ZNF710	SRR14800489	q_1.556	0.925250297000258
8976	TM7SF2	SRR14800489	q_1.556	0.323302859975683
8977	UBP1	SRR14800489	q_1.556	0.733635067033877
8978	SPICE1	SRR14800489	q_1.556	0.710173902469524
8979	NPY1R	SRR14800489	q_1.556	0.624550031120622
8980	CENPV	SRR14800489	q_1.556	0.906662551715301
8981	METTL26	SRR14800489	q_1.556	0.764637670397496
8982	MCC	SRR14800489	q_1.556	0.443040840766184
8983	REG3A	SRR14800489	q_1.556	NA
8984	USP38	SRR14800489	q_1.556	0.942130447517858
8985	CYP2W1	SRR14800489	q_1.556	0
8986	NFKBIB	SRR14800489	q_1.556	0.636863364006135
8987	ING3	SRR14800489	q_1.556	0.960455296494702
8988	HIGD1A	SRR14800489	q_1.556	0.833915577852652
8989	DUOXA2	SRR14800489	q_1.556	0.952053860250066
8990	CCDC149	SRR14800489	q_1.556	0.955257314819933
8991	FAXDC2	SRR14800489	q_1.556	0.820115530934637
8992	THOC6	SRR14800489	q_1.556	0.361783964112641
8993	POLR2J4	SRR14800489	q_1.556	0.899772128427696
8994	SYNM	SRR14800489	q_1.556	0.96370023932433
8995	SPNS2	SRR14800489	q_1.556	0
8996	SRPRA	SRR14800489	q_1.556	0.516559367031282
8997	LINC03040	SRR14800489	q_1.556	0
8998	RAP1GDS1	SRR14800489	q_1.556	0.940057679124354
8999	ZNF493	SRR14800489	q_1.556	0.94848263079977
9000	VRK2	SRR14800489	q_1.556	0.85972514749912
9001	PMEPA1	SRR14800489	q_1.556	0.590946269588495
9002	CXCL12	SRR14800489	q_1.556	0.525815283317587
9003	EXOC1	SRR14800489	q_1.556	0.969825069502799
9004	FAM114A2	SRR14800489	q_1.556	0.899390963033598
9005	ANGEL2	SRR14800489	q_1.556	0.891862324044744
9006	TMEM183A	SRR14800489	q_1.556	0.953248403704502
9007	HDAC2	SRR14800489	q_1.556	0.688524724192305
9008	ATG5	SRR14800489	q_1.556	0.804708209496258
9009	SH3PXD2A	SRR14800489	q_1.556	0.805092866784021
9010	IFIT3	SRR14800489	q_1.556	0.989197116971248
9011	PBX2	SRR14800489	q_1.556	0.685069605339543
9012	IRF3	SRR14800489	q_1.556	0.730315245147515
9013	SPIRE2	SRR14800489	q_1.556	0.900165732211166
9014	CYBB	SRR14800489	q_1.556	0.645345790117624
9015	ASMTL	SRR14800489	q_1.556	0.315460991776767
9016	ETFRF1	SRR14800489	q_1.556	0.475681831409157
9017	PDE7A	SRR14800489	q_1.556	0.78862931753694
9018	CDH24	SRR14800489	q_1.556	0.699533926985971
9019	RELCH	SRR14800489	q_1.556	0.896730782398753
9020	ZFP90	SRR14800489	q_1.556	0.783309315016037
9021	SAR1B	SRR14800489	q_1.556	0.744116149123524
9022	PPP1R2	SRR14800489	q_1.556	0.59338996423655
9023	ENSG00000254706	SRR14800489	q_1.556	0.968809613967832
9024	GSKIP	SRR14800489	q_1.556	0
9025	GDI1	SRR14800489	q_1.556	0.398612259814615
9026	PNPT1	SRR14800489	q_1.556	0.85663447016815
9027	ZNF714	SRR14800489	q_1.556	0.655592742305503
9028	SLC9A7	SRR14800489	q_1.556	0.493057436400443
9029	DNAJC24	SRR14800489	q_1.556	0.822384346518913
9030	TLN2	SRR14800489	q_1.556	0.932305895170954
9031	SRP72	SRR14800489	q_1.556	0.826649865441335
9032	NSA2	SRR14800489	q_1.556	0.413756602313314
9033	THY1	SRR14800489	q_1.556	0.556479212872606
9034	PICALM	SRR14800489	q_1.556	0.921493802461312
9035	GLB1L2	SRR14800489	q_1.556	0.408902263262667
9036	SNHG10	SRR14800489	q_1.556	0.769462761793192
9037	MEF2A	SRR14800489	q_1.556	0.852387379025464
9038	GIPR	SRR14800489	q_1.556	0.948021853238534
9039	LINC02362	SRR14800489	q_1.556	0.979403059631093
9040	ENSG00000274322	SRR14800489	q_1.556	0.239236597351284
9041	ENSG00000291072	SRR14800489	q_1.556	0.960675302329099
9042	A4GALT	SRR14800489	q_1.556	0.357505230325866
9043	EPB41L4A-AS1	SRR14800489	q_1.556	0.586877558733158
9044	NCF1C	SRR14800489	q_1.556	0.871968672951894
9045	FOXJ2	SRR14800488	q_1.556	0.16838040145426
9046	TMEM38A	SRR14800488	q_1.556	0.859851149333095
9047	CCNE1	SRR14800488	q_1.556	0.582299828979708
9048	MCOLN1	SRR14800488	q_1.556	0.325317530470059
9049	FBXO3	SRR14800488	q_1.556	0.888764258958089
9050	SLC25A16	SRR14800488	q_1.556	0.94324293018902
9051	ZNF710	SRR14800488	q_1.556	0.890281579208153
9052	TM7SF2	SRR14800488	q_1.556	0.57417078942895
9053	UBP1	SRR14800488	q_1.556	0.770519695041748
9054	SPICE1	SRR14800488	q_1.556	0.849073438527528
9055	NPY1R	SRR14800488	q_1.556	0.523552137517574
9056	CENPV	SRR14800488	q_1.556	0.935504213580825
9057	METTL26	SRR14800488	q_1.556	0.76161612288403
9058	MCC	SRR14800488	q_1.556	0.583612091209634
9059	REG3A	SRR14800488	q_1.556	0
9060	USP38	SRR14800488	q_1.556	0.898669563812817
9061	CYP2W1	SRR14800488	q_1.556	0
9062	NFKBIB	SRR14800488	q_1.556	0.82265180398735
9063	ING3	SRR14800488	q_1.556	0.887385553149253
9064	HIGD1A	SRR14800488	q_1.556	0.411965981120527
9065	DUOXA2	SRR14800488	q_1.556	0
9066	CCDC149	SRR14800488	q_1.556	0.766924091443442
9067	FAXDC2	SRR14800488	q_1.556	0.657748113291188
9068	THOC6	SRR14800488	q_1.556	0.411535926921906
9069	POLR2J4	SRR14800488	q_1.556	0.933456439226544
9070	SYNM	SRR14800488	q_1.556	0
9071	SPNS2	SRR14800488	q_1.556	0
9072	SRPRA	SRR14800488	q_1.556	0.429907520610999
9073	LINC03040	SRR14800488	q_1.556	0.580636818393272
9074	RAP1GDS1	SRR14800488	q_1.556	0.773752137374005
9075	ZNF493	SRR14800488	q_1.556	0.965121406006038
9076	VRK2	SRR14800488	q_1.556	0.918618336985731
9077	PMEPA1	SRR14800488	q_1.556	0.847476565169667
9078	CXCL12	SRR14800488	q_1.556	0.496644216067738
9079	EXOC1	SRR14800488	q_1.556	0.820685338895631
9080	FAM114A2	SRR14800488	q_1.556	0.869930103462942
9081	ANGEL2	SRR14800488	q_1.556	0.949881742582704
9082	TMEM183A	SRR14800488	q_1.556	0.767891998247203
9083	HDAC2	SRR14800488	q_1.556	0.875541344321219
9084	ATG5	SRR14800488	q_1.556	0.856841993294241
9085	SH3PXD2A	SRR14800488	q_1.556	0.715619418827333
9086	IFIT3	SRR14800488	q_1.556	0.988199783995068
9087	PBX2	SRR14800488	q_1.556	0.396367898173287
9088	IRF3	SRR14800488	q_1.556	0.850631577272295
9089	SPIRE2	SRR14800488	q_1.556	0.796079617626114
9090	CYBB	SRR14800488	q_1.556	0.698677258778304
9091	ASMTL	SRR14800488	q_1.556	0.0989805641440876
9092	ETFRF1	SRR14800488	q_1.556	0.534735439583937
9093	PDE7A	SRR14800488	q_1.556	0.759531969439274
9094	CDH24	SRR14800488	q_1.556	0.796744956207709
9095	RELCH	SRR14800488	q_1.556	0.832007933044954
9096	ZFP90	SRR14800488	q_1.556	0.725117623926403
9097	SAR1B	SRR14800488	q_1.556	0.618309952431866
9098	PPP1R2	SRR14800488	q_1.556	0.33063498056803
9099	ENSG00000254706	SRR14800488	q_1.556	0.805716703733798
9100	GSKIP	SRR14800488	q_1.556	0.715878685301078
9101	GDI1	SRR14800488	q_1.556	0.420728087183009
9102	PNPT1	SRR14800488	q_1.556	0.52580276101245
9103	ZNF714	SRR14800488	q_1.556	0.54517678450238
9104	SLC9A7	SRR14800488	q_1.556	0.265328209008946
9105	DNAJC24	SRR14800488	q_1.556	0.603358722387637
9106	TLN2	SRR14800488	q_1.556	0.942002927921425
9107	SRP72	SRR14800488	q_1.556	0.535534735754632
9108	NSA2	SRR14800488	q_1.556	0.87779857182265
9109	THY1	SRR14800488	q_1.556	0.747580198680937
9110	PICALM	SRR14800488	q_1.556	0.89491253340438
9111	GLB1L2	SRR14800488	q_1.556	0.409796984737631
9112	SNHG10	SRR14800488	q_1.556	0.787925355636747
9113	MEF2A	SRR14800488	q_1.556	0.669975725519865
9114	GIPR	SRR14800488	q_1.556	0.994657106352716
9115	LINC02362	SRR14800488	q_1.556	0.902132361868841
9116	ENSG00000274322	SRR14800488	q_1.556	0.340214705769377
9117	ENSG00000291072	SRR14800488	q_1.556	0.952449295721711
9118	A4GALT	SRR14800488	q_1.556	0.278632107528582
9119	EPB41L4A-AS1	SRR14800488	q_1.556	0.876805771243628
9120	NCF1C	SRR14800488	q_1.556	0
9121	FOXJ2	SRR14800479	q_1.556	0.297616301887615
9122	TMEM38A	SRR14800479	q_1.556	0.857509722158055
9123	CCNE1	SRR14800479	q_1.556	0.961716038619578
9124	MCOLN1	SRR14800479	q_1.556	0.75709226010522
9125	FBXO3	SRR14800479	q_1.556	0.807218902337615
9126	SLC25A16	SRR14800479	q_1.556	0.811021229379621
9127	ZNF710	SRR14800479	q_1.556	0.756200379774495
9128	TM7SF2	SRR14800479	q_1.556	0.525179508889591
9129	UBP1	SRR14800479	q_1.556	0.854123129515903
9130	SPICE1	SRR14800479	q_1.556	0.914662404122056
9131	NPY1R	SRR14800479	q_1.556	0
9132	CENPV	SRR14800479	q_1.556	0.95252382951842
9133	METTL26	SRR14800479	q_1.556	0.879807336064737
9134	MCC	SRR14800479	q_1.556	0.269574179126058
9135	REG3A	SRR14800479	q_1.556	0.977731821717865
9136	USP38	SRR14800479	q_1.556	0.840746796802328
9137	CYP2W1	SRR14800479	q_1.556	0.364590073150577
9138	NFKBIB	SRR14800479	q_1.556	0.803080044856911
9139	ING3	SRR14800479	q_1.556	0.966567105112588
9140	HIGD1A	SRR14800479	q_1.556	0.628760433668737
9141	DUOXA2	SRR14800479	q_1.556	0.814194400986068
9142	CCDC149	SRR14800479	q_1.556	0.848839907842692
9143	FAXDC2	SRR14800479	q_1.556	0.921872008742819
9144	THOC6	SRR14800479	q_1.556	0.437983255335393
9145	POLR2J4	SRR14800479	q_1.556	0.89696916680882
9146	SYNM	SRR14800479	q_1.556	0
9147	SPNS2	SRR14800479	q_1.556	0
9148	SRPRA	SRR14800479	q_1.556	0.507231192509654
9149	LINC03040	SRR14800479	q_1.556	0.956281416258754
9150	RAP1GDS1	SRR14800479	q_1.556	0.854340629617503
9151	ZNF493	SRR14800479	q_1.556	0.924257476398142
9152	VRK2	SRR14800479	q_1.556	0.918446486580284
9153	PMEPA1	SRR14800479	q_1.556	0.545486577891511
9154	CXCL12	SRR14800479	q_1.556	0.628381354251883
9155	EXOC1	SRR14800479	q_1.556	0.664651599163142
9156	FAM114A2	SRR14800479	q_1.556	0.907549922165186
9157	ANGEL2	SRR14800479	q_1.556	0.924959927426224
9158	TMEM183A	SRR14800479	q_1.556	0.745847006285284
9159	HDAC2	SRR14800479	q_1.556	0.835805497005031
9160	ATG5	SRR14800479	q_1.556	0.858887732462496
9161	SH3PXD2A	SRR14800479	q_1.556	0.783192959255952
9162	IFIT3	SRR14800479	q_1.556	0
9163	PBX2	SRR14800479	q_1.556	0.777303177396172
9164	IRF3	SRR14800479	q_1.556	0.799809387556438
9165	SPIRE2	SRR14800479	q_1.556	0.843636279972971
9166	CYBB	SRR14800479	q_1.556	0.569897352841437
9167	ASMTL	SRR14800479	q_1.556	0.411316131286137
9168	ETFRF1	SRR14800479	q_1.556	0.833532887080611
9169	PDE7A	SRR14800479	q_1.556	0.74851935086066
9170	CDH24	SRR14800479	q_1.556	0.723778696452499
9171	RELCH	SRR14800479	q_1.556	0.873607387913555
9172	ZFP90	SRR14800479	q_1.556	0.809070450642512
9173	SAR1B	SRR14800479	q_1.556	0.535251085280739
9174	PPP1R2	SRR14800479	q_1.556	0.213590424673509
9175	ENSG00000254706	SRR14800479	q_1.556	0
9176	GSKIP	SRR14800479	q_1.556	0.699312021909721
9177	GDI1	SRR14800479	q_1.556	0.591753625517115
9178	PNPT1	SRR14800479	q_1.556	0.753583186399833
9179	ZNF714	SRR14800479	q_1.556	0.903536852022431
9180	SLC9A7	SRR14800479	q_1.556	0
9181	DNAJC24	SRR14800479	q_1.556	0.749744118929225
9182	TLN2	SRR14800479	q_1.556	0.893918903099173
9183	SRP72	SRR14800479	q_1.556	0.505976573432706
9184	NSA2	SRR14800479	q_1.556	0.810090861201395
9185	THY1	SRR14800479	q_1.556	0.806213023114393
9186	PICALM	SRR14800479	q_1.556	0.900439740042684
9187	GLB1L2	SRR14800479	q_1.556	0.449179484583784
9188	SNHG10	SRR14800479	q_1.556	0.760757777142674
9189	MEF2A	SRR14800479	q_1.556	0.765247170072559
9190	GIPR	SRR14800479	q_1.556	0.908312818959902
9191	LINC02362	SRR14800479	q_1.556	0.789561431914556
9192	ENSG00000274322	SRR14800479	q_1.556	0.163414588942694
9193	ENSG00000291072	SRR14800479	q_1.556	0.889300744538323
9194	A4GALT	SRR14800479	q_1.556	0.111557980805242
9195	EPB41L4A-AS1	SRR14800479	q_1.556	0.685566815784039
9196	NCF1C	SRR14800479	q_1.556	0
9197	FOXJ2	SRR14800478	q_1.556	0.585358171881684
9198	TMEM38A	SRR14800478	q_1.556	0
9199	CCNE1	SRR14800478	q_1.556	0.782126538948163
9200	MCOLN1	SRR14800478	q_1.556	0.361864532698334
9201	FBXO3	SRR14800478	q_1.556	0.909049076069727
9202	SLC25A16	SRR14800478	q_1.556	0.948372034654945
9203	ZNF710	SRR14800478	q_1.556	0.969780665498054
9204	TM7SF2	SRR14800478	q_1.556	0.44924488133453
9205	UBP1	SRR14800478	q_1.556	0.680486090091146
9206	SPICE1	SRR14800478	q_1.556	0.881394955117343
9207	NPY1R	SRR14800478	q_1.556	0
9208	CENPV	SRR14800478	q_1.556	0.836773438468463
9209	METTL26	SRR14800478	q_1.556	0.900120484298801
9210	MCC	SRR14800478	q_1.556	0.467517783109678
9211	REG3A	SRR14800478	q_1.556	0.989273750466914
9212	USP38	SRR14800478	q_1.556	0.955877842326472
9213	CYP2W1	SRR14800478	q_1.556	0.987937463498331
9214	NFKBIB	SRR14800478	q_1.556	0.490775237053178
9215	ING3	SRR14800478	q_1.556	0.851571686026955
9216	HIGD1A	SRR14800478	q_1.556	0.366013363251653
9217	DUOXA2	SRR14800478	q_1.556	0.164707271896937
9218	CCDC149	SRR14800478	q_1.556	0.796937994649126
9219	FAXDC2	SRR14800478	q_1.556	0.848498697517682
9220	THOC6	SRR14800478	q_1.556	0.272138302046627
9221	POLR2J4	SRR14800478	q_1.556	0.924138550693131
9222	SYNM	SRR14800478	q_1.556	0.999944659321616
9223	SPNS2	SRR14800478	q_1.556	0.487476076009504
9224	SRPRA	SRR14800478	q_1.556	0.231391653455535
9225	LINC03040	SRR14800478	q_1.556	0.965443339253387
9226	RAP1GDS1	SRR14800478	q_1.556	0.886386994581962
9227	ZNF493	SRR14800478	q_1.556	0.942007695921393
9228	VRK2	SRR14800478	q_1.556	0.855463556054996
9229	PMEPA1	SRR14800478	q_1.556	0.835582021481996
9230	CXCL12	SRR14800478	q_1.556	0.787180264994123
9231	EXOC1	SRR14800478	q_1.556	0.761026002830472
9232	FAM114A2	SRR14800478	q_1.556	0.836146813499892
9233	ANGEL2	SRR14800478	q_1.556	0.913704835706629
9234	TMEM183A	SRR14800478	q_1.556	0.961523208426731
9235	HDAC2	SRR14800478	q_1.556	0.772227626669061
9236	ATG5	SRR14800478	q_1.556	0.856539533287801
9237	SH3PXD2A	SRR14800478	q_1.556	0.526588609084541
9238	IFIT3	SRR14800478	q_1.556	0.770954570799451
9239	PBX2	SRR14800478	q_1.556	0.916245564009686
9240	IRF3	SRR14800478	q_1.556	0.776013062982321
9241	SPIRE2	SRR14800478	q_1.556	0.845583810218164
9242	CYBB	SRR14800478	q_1.556	0.426954701119963
9243	ASMTL	SRR14800478	q_1.556	0
9244	ETFRF1	SRR14800478	q_1.556	0.622602655064834
9245	PDE7A	SRR14800478	q_1.556	0.945268286668917
9246	CDH24	SRR14800478	q_1.556	0.842298328880921
9247	RELCH	SRR14800478	q_1.556	0.860110694663798
9248	ZFP90	SRR14800478	q_1.556	0.785035005864262
9249	SAR1B	SRR14800478	q_1.556	0.761447048722126
9250	PPP1R2	SRR14800478	q_1.556	0.423033721952536
9251	ENSG00000254706	SRR14800478	q_1.556	0.769761297332207
9252	GSKIP	SRR14800478	q_1.556	0.604726810005404
9253	GDI1	SRR14800478	q_1.556	0.47024363540661
9254	PNPT1	SRR14800478	q_1.556	0.977274722814925
9255	ZNF714	SRR14800478	q_1.556	0.873731860283982
9256	SLC9A7	SRR14800478	q_1.556	0.370326192339315
9257	DNAJC24	SRR14800478	q_1.556	0.767370524431081
9258	TLN2	SRR14800478	q_1.556	0.746730246245212
9259	SRP72	SRR14800478	q_1.556	0.824038430114377
9260	NSA2	SRR14800478	q_1.556	0.388990227675841
9261	THY1	SRR14800478	q_1.556	0.720073305852839
9262	PICALM	SRR14800478	q_1.556	0.93545687076302
9263	GLB1L2	SRR14800478	q_1.556	0.248756313367268
9264	SNHG10	SRR14800478	q_1.556	0.80966351193764
9265	MEF2A	SRR14800478	q_1.556	0.80322117915596
9266	GIPR	SRR14800478	q_1.556	0.956836420897635
9267	LINC02362	SRR14800478	q_1.556	0.78544040526582
9268	ENSG00000274322	SRR14800478	q_1.556	0.269096219286249
9269	ENSG00000291072	SRR14800478	q_1.556	0.87992569534146
9270	A4GALT	SRR14800478	q_1.556	0.619169993959128
9271	EPB41L4A-AS1	SRR14800478	q_1.556	0.922886816814535
9272	NCF1C	SRR14800478	q_1.556	0
9273	FOXJ2	SRR14800487	q_1.556	0.688758867060423
9274	TMEM38A	SRR14800487	q_1.556	0.739630501617007
9275	CCNE1	SRR14800487	q_1.556	0.66818844787933
9276	MCOLN1	SRR14800487	q_1.556	0.467087136581202
9277	FBXO3	SRR14800487	q_1.556	0.953845961348191
9278	SLC25A16	SRR14800487	q_1.556	0.847224659417159
9279	ZNF710	SRR14800487	q_1.556	0.918654760190124
9280	TM7SF2	SRR14800487	q_1.556	0.240401303578341
9281	UBP1	SRR14800487	q_1.556	0.69742169609729
9282	SPICE1	SRR14800487	q_1.556	0.955998381791192
9283	NPY1R	SRR14800487	q_1.556	0.814443397467838
9284	CENPV	SRR14800487	q_1.556	0.783264804560196
9285	METTL26	SRR14800487	q_1.556	0.865932407524775
9286	MCC	SRR14800487	q_1.556	0.620622244273866
9287	REG3A	SRR14800487	q_1.556	0.999725730858926
9288	USP38	SRR14800487	q_1.556	0.957592744798655
9289	CYP2W1	SRR14800487	q_1.556	0
9290	NFKBIB	SRR14800487	q_1.556	0.352112644332558
9291	ING3	SRR14800487	q_1.556	0.951262050291376
9292	HIGD1A	SRR14800487	q_1.556	0.30121720625183
9293	DUOXA2	SRR14800487	q_1.556	0.608882978435081
9294	CCDC149	SRR14800487	q_1.556	0.790393398416683
9295	FAXDC2	SRR14800487	q_1.556	0.774235957597677
9296	THOC6	SRR14800487	q_1.556	0.114161652442298
9297	POLR2J4	SRR14800487	q_1.556	0.938338376527347
9298	SYNM	SRR14800487	q_1.556	0.995751526619821
9299	SPNS2	SRR14800487	q_1.556	0.275410933660724
9300	SRPRA	SRR14800487	q_1.556	0.203146966365461
9301	LINC03040	SRR14800487	q_1.556	0.884595571695786
9302	RAP1GDS1	SRR14800487	q_1.556	0.837871168002381
9303	ZNF493	SRR14800487	q_1.556	0.949313162588209
9304	VRK2	SRR14800487	q_1.556	0.790203326053976
9305	PMEPA1	SRR14800487	q_1.556	0.367599620472487
9306	CXCL12	SRR14800487	q_1.556	0.65375142049914
9307	EXOC1	SRR14800487	q_1.556	0.928719902943756
9308	FAM114A2	SRR14800487	q_1.556	0.82761246692149
9309	ANGEL2	SRR14800487	q_1.556	0.925200664083261
9310	TMEM183A	SRR14800487	q_1.556	0.875146668762147
9311	HDAC2	SRR14800487	q_1.556	0.807072286513276
9312	ATG5	SRR14800487	q_1.556	0.887805865458376
9313	SH3PXD2A	SRR14800487	q_1.556	0.695122146314263
9314	IFIT3	SRR14800487	q_1.556	0.844144257836539
9315	PBX2	SRR14800487	q_1.556	0.384944858863019
9316	IRF3	SRR14800487	q_1.556	0.642995529724509
9317	SPIRE2	SRR14800487	q_1.556	0.755695498670852
9318	CYBB	SRR14800487	q_1.556	0.537978431000612
9319	ASMTL	SRR14800487	q_1.556	0.223958177332657
9320	ETFRF1	SRR14800487	q_1.556	0.359535025246122
9321	PDE7A	SRR14800487	q_1.556	0.883158086148846
9322	CDH24	SRR14800487	q_1.556	0.623504928182982
9323	RELCH	SRR14800487	q_1.556	0.888247327711953
9324	ZFP90	SRR14800487	q_1.556	0.713472255308841
9325	SAR1B	SRR14800487	q_1.556	0.812699809917388
9326	PPP1R2	SRR14800487	q_1.556	0.445893010601583
9327	ENSG00000254706	SRR14800487	q_1.556	0.415358131786809
9328	GSKIP	SRR14800487	q_1.556	0.0360914515145409
9329	GDI1	SRR14800487	q_1.556	0.426566881415408
9330	PNPT1	SRR14800487	q_1.556	0.923079382982575
9331	ZNF714	SRR14800487	q_1.556	0.818264199261444
9332	SLC9A7	SRR14800487	q_1.556	0.743440465383606
9333	DNAJC24	SRR14800487	q_1.556	0.637995677721492
9334	TLN2	SRR14800487	q_1.556	0.81651832278376
9335	SRP72	SRR14800487	q_1.556	0.77414085371278
9336	NSA2	SRR14800487	q_1.556	0.165566287972523
9337	THY1	SRR14800487	q_1.556	0.466122202249484
9338	PICALM	SRR14800487	q_1.556	0.909991504971754
9339	GLB1L2	SRR14800487	q_1.556	0.354299518735272
9340	SNHG10	SRR14800487	q_1.556	0.831278740452869
9341	MEF2A	SRR14800487	q_1.556	0.848656345958547
9342	GIPR	SRR14800487	q_1.556	0.984476661721408
9343	LINC02362	SRR14800487	q_1.556	0.986618704507859
9344	ENSG00000274322	SRR14800487	q_1.556	0.221150642569985
9345	ENSG00000291072	SRR14800487	q_1.556	0.792881032033492
9346	A4GALT	SRR14800487	q_1.556	0.941870145862205
9347	EPB41L4A-AS1	SRR14800487	q_1.556	0.735434918067167
9348	NCF1C	SRR14800487	q_1.556	0.534697702363904
9349	FOXJ2	SRR14800486	q_1.556	0.107748533845386
9350	TMEM38A	SRR14800486	q_1.556	0.961298445325532
9351	CCNE1	SRR14800486	q_1.556	0.672773236704826
9352	MCOLN1	SRR14800486	q_1.556	0.370911172230278
9353	FBXO3	SRR14800486	q_1.556	0.949489129969184
9354	SLC25A16	SRR14800486	q_1.556	0.871519909544463
9355	ZNF710	SRR14800486	q_1.556	0.82072928170692
9356	TM7SF2	SRR14800486	q_1.556	0.253139237622093
9357	UBP1	SRR14800486	q_1.556	0.89112292142892
9358	SPICE1	SRR14800486	q_1.556	0.864574452177676
9359	NPY1R	SRR14800486	q_1.556	0.800226491641973
9360	CENPV	SRR14800486	q_1.556	0.857148189132183
9361	METTL26	SRR14800486	q_1.556	0.600734902627285
9362	MCC	SRR14800486	q_1.556	0.0483063494310849
9363	REG3A	SRR14800486	q_1.556	0.601887005906039
9364	USP38	SRR14800486	q_1.556	0.951591639706098
9365	CYP2W1	SRR14800486	q_1.556	0
9366	NFKBIB	SRR14800486	q_1.556	0.835632243250712
9367	ING3	SRR14800486	q_1.556	0.962715181620488
9368	HIGD1A	SRR14800486	q_1.556	0.360365581834966
9369	DUOXA2	SRR14800486	q_1.556	0.339813840651418
9370	CCDC149	SRR14800486	q_1.556	0.896516722747831
9371	FAXDC2	SRR14800486	q_1.556	0.86236581375261
9372	THOC6	SRR14800486	q_1.556	0.220051139157567
9373	POLR2J4	SRR14800486	q_1.556	0.917823247216647
9374	SYNM	SRR14800486	q_1.556	0.999814655522544
9375	SPNS2	SRR14800486	q_1.556	0
9376	SRPRA	SRR14800486	q_1.556	0.388656345597095
9377	LINC03040	SRR14800486	q_1.556	0.887253902830622
9378	RAP1GDS1	SRR14800486	q_1.556	0.899422129218979
9379	ZNF493	SRR14800486	q_1.556	0.891882649834458
9380	VRK2	SRR14800486	q_1.556	0.791962608190173
9381	PMEPA1	SRR14800486	q_1.556	0.5404468377665
9382	CXCL12	SRR14800486	q_1.556	0.800989398461118
9383	EXOC1	SRR14800486	q_1.556	0.855595240762511
9384	FAM114A2	SRR14800486	q_1.556	0.940607898118534
9385	ANGEL2	SRR14800486	q_1.556	0.879601447437129
9386	TMEM183A	SRR14800486	q_1.556	0.92125980630415
9387	HDAC2	SRR14800486	q_1.556	0.918427040785941
9388	ATG5	SRR14800486	q_1.556	0.90923681572636
9389	SH3PXD2A	SRR14800486	q_1.556	0.808374809844088
9390	IFIT3	SRR14800486	q_1.556	0.844027776917241
9391	PBX2	SRR14800486	q_1.556	0.512465604322572
9392	IRF3	SRR14800486	q_1.556	0.852029174607247
9393	SPIRE2	SRR14800486	q_1.556	0.836048399969648
9394	CYBB	SRR14800486	q_1.556	0.709094512809828
9395	ASMTL	SRR14800486	q_1.556	0.794493650844466
9396	ETFRF1	SRR14800486	q_1.556	0.433674898162443
9397	PDE7A	SRR14800486	q_1.556	0.854741250222029
9398	CDH24	SRR14800486	q_1.556	0.562971092002347
9399	RELCH	SRR14800486	q_1.556	0.942397894756303
9400	ZFP90	SRR14800486	q_1.556	0.596893462032409
9401	SAR1B	SRR14800486	q_1.556	0.588767122472589
9402	PPP1R2	SRR14800486	q_1.556	0.279874030971209
9403	ENSG00000254706	SRR14800486	q_1.556	0
9404	GSKIP	SRR14800486	q_1.556	0.623623152971758
9405	GDI1	SRR14800486	q_1.556	0.456779907943903
9406	PNPT1	SRR14800486	q_1.556	0.809128156912315
9407	ZNF714	SRR14800486	q_1.556	0.802688086577054
9408	SLC9A7	SRR14800486	q_1.556	0.423270669214646
9409	DNAJC24	SRR14800486	q_1.556	0.88907647609439
9410	TLN2	SRR14800486	q_1.556	0.913461569306803
9411	SRP72	SRR14800486	q_1.556	0.822066174929953
9412	NSA2	SRR14800486	q_1.556	0.48349619062907
9413	THY1	SRR14800486	q_1.556	0.610823516930231
9414	PICALM	SRR14800486	q_1.556	0.919422796108939
9415	GLB1L2	SRR14800486	q_1.556	0.353178853947657
9416	SNHG10	SRR14800486	q_1.556	0.845725570180283
9417	MEF2A	SRR14800486	q_1.556	0.764201169123851
9418	GIPR	SRR14800486	q_1.556	0.940369183448833
9419	LINC02362	SRR14800486	q_1.556	0.959307763213424
9420	ENSG00000274322	SRR14800486	q_1.556	0.298621493300535
9421	ENSG00000291072	SRR14800486	q_1.556	0.929926108054697
9422	A4GALT	SRR14800486	q_1.556	0.465398678990834
9423	EPB41L4A-AS1	SRR14800486	q_1.556	0.675047360638065
9424	NCF1C	SRR14800486	q_1.556	0.982774609424225
9425	FOXJ2	SRR14800485	q_1.556	0.115011299431568
9426	TMEM38A	SRR14800485	q_1.556	0.6859360405075
9427	CCNE1	SRR14800485	q_1.556	0.426264428104166
9428	MCOLN1	SRR14800485	q_1.556	0.46493968586718
9429	FBXO3	SRR14800485	q_1.556	0.962340168257849
9430	SLC25A16	SRR14800485	q_1.556	0.952350400619251
9431	ZNF710	SRR14800485	q_1.556	0.982096064254174
9432	TM7SF2	SRR14800485	q_1.556	0.0213613326889623
9433	UBP1	SRR14800485	q_1.556	0.737990204509029
9434	SPICE1	SRR14800485	q_1.556	0.919731596461014
9435	NPY1R	SRR14800485	q_1.556	0.518083516008889
9436	CENPV	SRR14800485	q_1.556	0.76600764721137
9437	METTL26	SRR14800485	q_1.556	0.794727113792902
9438	MCC	SRR14800485	q_1.556	0.628970698472493
9439	REG3A	SRR14800485	q_1.556	0.897154070590503
9440	USP38	SRR14800485	q_1.556	0.919105769228306
9441	CYP2W1	SRR14800485	q_1.556	0.396803194595989
9442	NFKBIB	SRR14800485	q_1.556	0.630229280947438
9443	ING3	SRR14800485	q_1.556	0.987925168319767
9444	HIGD1A	SRR14800485	q_1.556	0.419978009305808
9445	DUOXA2	SRR14800485	q_1.556	0.276375424790292
9446	CCDC149	SRR14800485	q_1.556	0.529227819005142
9447	FAXDC2	SRR14800485	q_1.556	0.688603117632094
9448	THOC6	SRR14800485	q_1.556	0.405354017407434
9449	POLR2J4	SRR14800485	q_1.556	0.772684919334726
9450	SYNM	SRR14800485	q_1.556	0.946190413651224
9451	SPNS2	SRR14800485	q_1.556	0.438755328792373
9452	SRPRA	SRR14800485	q_1.556	0.401473391209427
9453	LINC03040	SRR14800485	q_1.556	0.992094401643308
9454	RAP1GDS1	SRR14800485	q_1.556	0.921614505429223
9455	ZNF493	SRR14800485	q_1.556	0.957821032742289
9456	VRK2	SRR14800485	q_1.556	0.853201751847993
9457	PMEPA1	SRR14800485	q_1.556	0.108076329781952
9458	CXCL12	SRR14800485	q_1.556	0.913977795210581
9459	EXOC1	SRR14800485	q_1.556	0.664831583263956
9460	FAM114A2	SRR14800485	q_1.556	0.919607399074147
9461	ANGEL2	SRR14800485	q_1.556	0.9559792101361
9462	TMEM183A	SRR14800485	q_1.556	0.862107380647363
9463	HDAC2	SRR14800485	q_1.556	0.793944029031773
9464	ATG5	SRR14800485	q_1.556	0.90249583140701
9465	SH3PXD2A	SRR14800485	q_1.556	0.790131011112512
9466	IFIT3	SRR14800485	q_1.556	0.98013003277539
9467	PBX2	SRR14800485	q_1.556	0.600558628117509
9468	IRF3	SRR14800485	q_1.556	0.768906921738727
9469	SPIRE2	SRR14800485	q_1.556	0.857318699049615
9470	CYBB	SRR14800485	q_1.556	0.55210325596442
9471	ASMTL	SRR14800485	q_1.556	0.550418718806581
9472	ETFRF1	SRR14800485	q_1.556	0.563851719972097
9473	PDE7A	SRR14800485	q_1.556	0.817826732835079
9474	CDH24	SRR14800485	q_1.556	0.991212963113046
9475	RELCH	SRR14800485	q_1.556	0.897391277704974
9476	ZFP90	SRR14800485	q_1.556	0.679789218971134
9477	SAR1B	SRR14800485	q_1.556	0.689198454118468
9478	PPP1R2	SRR14800485	q_1.556	0.299464333818165
9479	ENSG00000254706	SRR14800485	q_1.556	0.832272489399205
9480	GSKIP	SRR14800485	q_1.556	0.697338415221482
9481	GDI1	SRR14800485	q_1.556	0.494369461442592
9482	PNPT1	SRR14800485	q_1.556	0.882861265654551
9483	ZNF714	SRR14800485	q_1.556	0.857263495500387
9484	SLC9A7	SRR14800485	q_1.556	0.723586860748692
9485	DNAJC24	SRR14800485	q_1.556	0.688496238553652
9486	TLN2	SRR14800485	q_1.556	0.911102305727942
9487	SRP72	SRR14800485	q_1.556	0.848305673119396
9488	NSA2	SRR14800485	q_1.556	0.52551796366331
9489	THY1	SRR14800485	q_1.556	0.543127445148523
9490	PICALM	SRR14800485	q_1.556	0.92106310231867
9491	GLB1L2	SRR14800485	q_1.556	0.423324527108303
9492	SNHG10	SRR14800485	q_1.556	0.696110083845145
9493	MEF2A	SRR14800485	q_1.556	0.6508631462926
9494	GIPR	SRR14800485	q_1.556	0
9495	LINC02362	SRR14800485	q_1.556	0.926269683542606
9496	ENSG00000274322	SRR14800485	q_1.556	0.391389702846213
9497	ENSG00000291072	SRR14800485	q_1.556	0.942593192822955
9498	A4GALT	SRR14800485	q_1.556	0.897682551416714
9499	EPB41L4A-AS1	SRR14800485	q_1.556	0.693452342088562
9500	NCF1C	SRR14800485	q_1.556	0.831766425921184
9501	FOXJ2	SRR14800484	q_1.556	0.660412616227198
9502	TMEM38A	SRR14800484	q_1.556	0.775093351643687
9503	CCNE1	SRR14800484	q_1.556	0.82103952501626
9504	MCOLN1	SRR14800484	q_1.556	0.253537899140357
9505	FBXO3	SRR14800484	q_1.556	0.921432549493206
9506	SLC25A16	SRR14800484	q_1.556	0.965201455779991
9507	ZNF710	SRR14800484	q_1.556	0.865645901982792
9508	TM7SF2	SRR14800484	q_1.556	0.177310298881428
9509	UBP1	SRR14800484	q_1.556	0.684513264238436
9510	SPICE1	SRR14800484	q_1.556	0.835665025776821
9511	NPY1R	SRR14800484	q_1.556	0.639201892817623
9512	CENPV	SRR14800484	q_1.556	0.810861615103774
9513	METTL26	SRR14800484	q_1.556	0.861301106748823
9514	MCC	SRR14800484	q_1.556	0.456712446058369
9515	REG3A	SRR14800484	q_1.556	0.659552190767228
9516	USP38	SRR14800484	q_1.556	0.797507076583458
9517	CYP2W1	SRR14800484	q_1.556	0.746742593589491
9518	NFKBIB	SRR14800484	q_1.556	0.507246006876071
9519	ING3	SRR14800484	q_1.556	0.957077731215386
9520	HIGD1A	SRR14800484	q_1.556	0.653884444004965
9521	DUOXA2	SRR14800484	q_1.556	0.410717890226968
9522	CCDC149	SRR14800484	q_1.556	0.696467562230295
9523	FAXDC2	SRR14800484	q_1.556	0.806890931268788
9524	THOC6	SRR14800484	q_1.556	0.238108446237854
9525	POLR2J4	SRR14800484	q_1.556	0.960233266526622
9526	SYNM	SRR14800484	q_1.556	0.956915059365039
9527	SPNS2	SRR14800484	q_1.556	0
9528	SRPRA	SRR14800484	q_1.556	0.247710508366544
9529	LINC03040	SRR14800484	q_1.556	0.977032397663895
9530	RAP1GDS1	SRR14800484	q_1.556	0.750264579410012
9531	ZNF493	SRR14800484	q_1.556	0.987568252689095
9532	VRK2	SRR14800484	q_1.556	0.924928551866568
9533	PMEPA1	SRR14800484	q_1.556	0.894859171112742
9534	CXCL12	SRR14800484	q_1.556	0.855363081852768
9535	EXOC1	SRR14800484	q_1.556	0.814109318163898
9536	FAM114A2	SRR14800484	q_1.556	0.914465433634554
9537	ANGEL2	SRR14800484	q_1.556	0.906475859024295
9538	TMEM183A	SRR14800484	q_1.556	0.852235860268982
9539	HDAC2	SRR14800484	q_1.556	0.919085286294812
9540	ATG5	SRR14800484	q_1.556	0.939842494365307
9541	SH3PXD2A	SRR14800484	q_1.556	0.748888103854882
9542	IFIT3	SRR14800484	q_1.556	0.853969104114851
9543	PBX2	SRR14800484	q_1.556	0.652244842458834
9544	IRF3	SRR14800484	q_1.556	0.707188606784692
9545	SPIRE2	SRR14800484	q_1.556	0.801837386542999
9546	CYBB	SRR14800484	q_1.556	0.689977811517664
9547	ASMTL	SRR14800484	q_1.556	0.341108540147374
9548	ETFRF1	SRR14800484	q_1.556	0.725287177926232
9549	PDE7A	SRR14800484	q_1.556	0.910594790619284
9550	CDH24	SRR14800484	q_1.556	0.796106371711932
9551	RELCH	SRR14800484	q_1.556	0.920501867195354
9552	ZFP90	SRR14800484	q_1.556	0.877296539453518
9553	SAR1B	SRR14800484	q_1.556	0.707959400871964
9554	PPP1R2	SRR14800484	q_1.556	0.118680567538207
9555	ENSG00000254706	SRR14800484	q_1.556	0.43700436768124
9556	GSKIP	SRR14800484	q_1.556	0.0419099864868343
9557	GDI1	SRR14800484	q_1.556	0.238155157772755
9558	PNPT1	SRR14800484	q_1.556	0.953000521256164
9559	ZNF714	SRR14800484	q_1.556	0.831882000300235
9560	SLC9A7	SRR14800484	q_1.556	0.577363616020608
9561	DNAJC24	SRR14800484	q_1.556	0.823934924266111
9562	TLN2	SRR14800484	q_1.556	0.839856754559186
9563	SRP72	SRR14800484	q_1.556	0.767370858726221
9564	NSA2	SRR14800484	q_1.556	0.461077942959065
9565	THY1	SRR14800484	q_1.556	0.493951926014058
9566	PICALM	SRR14800484	q_1.556	0.897149095189557
9567	GLB1L2	SRR14800484	q_1.556	0.329683845139629
9568	SNHG10	SRR14800484	q_1.556	0.80420488868586
9569	MEF2A	SRR14800484	q_1.556	0.68442375960778
9570	GIPR	SRR14800484	q_1.556	0.6952168749999
9571	LINC02362	SRR14800484	q_1.556	0.896611485655503
9572	ENSG00000274322	SRR14800484	q_1.556	0.259093970255083
9573	ENSG00000291072	SRR14800484	q_1.556	0.823882940976073
9574	A4GALT	SRR14800484	q_1.556	0.513076180179379
9575	EPB41L4A-AS1	SRR14800484	q_1.556	0.748664918418504
9576	NCF1C	SRR14800484	q_1.556	0.834559734178387
9577	FOXJ2	SRR14800483	q_1.556	0.360915110704539
9578	TMEM38A	SRR14800483	q_1.556	0.9497496533349
9579	CCNE1	SRR14800483	q_1.556	0.735974365395457
9580	MCOLN1	SRR14800483	q_1.556	0.783983386198543
9581	FBXO3	SRR14800483	q_1.556	0.948103518934863
9582	SLC25A16	SRR14800483	q_1.556	0.86764856465818
9583	ZNF710	SRR14800483	q_1.556	0.998615430880918
9584	TM7SF2	SRR14800483	q_1.556	0.616102749097408
9585	UBP1	SRR14800483	q_1.556	0.739369554862412
9586	SPICE1	SRR14800483	q_1.556	0.82702218816828
9587	NPY1R	SRR14800483	q_1.556	0
9588	CENPV	SRR14800483	q_1.556	0.872630310139024
9589	METTL26	SRR14800483	q_1.556	0.826768780682234
9590	MCC	SRR14800483	q_1.556	0.311585617060283
9591	REG3A	SRR14800483	q_1.556	0.652730106542522
9592	USP38	SRR14800483	q_1.556	0.975933798248006
9593	CYP2W1	SRR14800483	q_1.556	0.366588832012886
9594	NFKBIB	SRR14800483	q_1.556	0.558440416807435
9595	ING3	SRR14800483	q_1.556	0.987029769602593
9596	HIGD1A	SRR14800483	q_1.556	0.839408264434217
9597	DUOXA2	SRR14800483	q_1.556	0.865383836245242
9598	CCDC149	SRR14800483	q_1.556	0.84060192391639
9599	FAXDC2	SRR14800483	q_1.556	0.514113386502953
9600	THOC6	SRR14800483	q_1.556	0.491912511624093
9601	POLR2J4	SRR14800483	q_1.556	0.952477362122924
9602	SYNM	SRR14800483	q_1.556	0.956161742753476
9603	SPNS2	SRR14800483	q_1.556	0.614120365225623
9604	SRPRA	SRR14800483	q_1.556	0.480042339241347
9605	LINC03040	SRR14800483	q_1.556	0.989999437376829
9606	RAP1GDS1	SRR14800483	q_1.556	0.933571266016953
9607	ZNF493	SRR14800483	q_1.556	0.942903298824537
9608	VRK2	SRR14800483	q_1.556	0.757206966089588
9609	PMEPA1	SRR14800483	q_1.556	0.488152474376259
9610	CXCL12	SRR14800483	q_1.556	0.857570709918623
9611	EXOC1	SRR14800483	q_1.556	0.922557065652871
9612	FAM114A2	SRR14800483	q_1.556	0.868796409958933
9613	ANGEL2	SRR14800483	q_1.556	0.885575090389239
9614	TMEM183A	SRR14800483	q_1.556	0.807975103541844
9615	HDAC2	SRR14800483	q_1.556	0.789984765264197
9616	ATG5	SRR14800483	q_1.556	0.983026842436033
9617	SH3PXD2A	SRR14800483	q_1.556	0.264665802514104
9618	IFIT3	SRR14800483	q_1.556	0.742342374051734
9619	PBX2	SRR14800483	q_1.556	0.795880467573206
9620	IRF3	SRR14800483	q_1.556	0.748112877219363
9621	SPIRE2	SRR14800483	q_1.556	0.882816084058772
9622	CYBB	SRR14800483	q_1.556	0.715121997483794
9623	ASMTL	SRR14800483	q_1.556	0.640702342445326
9624	ETFRF1	SRR14800483	q_1.556	0.36721327864966
9625	PDE7A	SRR14800483	q_1.556	0.902814656311367
9626	CDH24	SRR14800483	q_1.556	0.969755209177318
9627	RELCH	SRR14800483	q_1.556	0.884059592634558
9628	ZFP90	SRR14800483	q_1.556	0.616944687878872
9629	SAR1B	SRR14800483	q_1.556	0.655214961666931
9630	PPP1R2	SRR14800483	q_1.556	0.520046956043532
9631	ENSG00000254706	SRR14800483	q_1.556	0.589127354127552
9632	GSKIP	SRR14800483	q_1.556	0
9633	GDI1	SRR14800483	q_1.556	0.595611446766629
9634	PNPT1	SRR14800483	q_1.556	0.943907740525286
9635	ZNF714	SRR14800483	q_1.556	0.912586946648658
9636	SLC9A7	SRR14800483	q_1.556	0
9637	DNAJC24	SRR14800483	q_1.556	0.862673982474662
9638	TLN2	SRR14800483	q_1.556	0.899871653219958
9639	SRP72	SRR14800483	q_1.556	0.786435842781661
9640	NSA2	SRR14800483	q_1.556	0.46120985003258
9641	THY1	SRR14800483	q_1.556	0.382231220630011
9642	PICALM	SRR14800483	q_1.556	0.84374766983558
9643	GLB1L2	SRR14800483	q_1.556	0.472035191845479
9644	SNHG10	SRR14800483	q_1.556	0.792239358707135
9645	MEF2A	SRR14800483	q_1.556	0.930596619124815
9646	GIPR	SRR14800483	q_1.556	0.291692761812247
9647	LINC02362	SRR14800483	q_1.556	0.943591001256744
9648	ENSG00000274322	SRR14800483	q_1.556	0.175736097628417
9649	ENSG00000291072	SRR14800483	q_1.556	0.848337636895969
9650	A4GALT	SRR14800483	q_1.556	0.557826880361905
9651	EPB41L4A-AS1	SRR14800483	q_1.556	0.69670501498304
9652	NCF1C	SRR14800483	q_1.556	0.847114407677899
9653	FOXJ2	SRR14800482	q_1.556	0.615646664773127
9654	TMEM38A	SRR14800482	q_1.556	0.719402917125034
9655	CCNE1	SRR14800482	q_1.556	0.674319213237607
9656	MCOLN1	SRR14800482	q_1.556	0.378156420494399
9657	FBXO3	SRR14800482	q_1.556	0.930994942341929
9658	SLC25A16	SRR14800482	q_1.556	0.95572186913991
9659	ZNF710	SRR14800482	q_1.556	0.864869955042685
9660	TM7SF2	SRR14800482	q_1.556	0.141059997286396
9661	UBP1	SRR14800482	q_1.556	0.76386725254174
9662	SPICE1	SRR14800482	q_1.556	0.805196797790988
9663	NPY1R	SRR14800482	q_1.556	0.192134353658473
9664	CENPV	SRR14800482	q_1.556	0.865132346838615
9665	METTL26	SRR14800482	q_1.556	0.891589284877044
9666	MCC	SRR14800482	q_1.556	0.582114595459505
9667	REG3A	SRR14800482	q_1.556	0.998153409194615
9668	USP38	SRR14800482	q_1.556	0.924159811221011
9669	CYP2W1	SRR14800482	q_1.556	0.428049929727288
9670	NFKBIB	SRR14800482	q_1.556	0.677862922726453
9671	ING3	SRR14800482	q_1.556	0.951217647817917
9672	HIGD1A	SRR14800482	q_1.556	0.380247302011534
9673	DUOXA2	SRR14800482	q_1.556	0.0703248976973519
9674	CCDC149	SRR14800482	q_1.556	0.703888014301072
9675	FAXDC2	SRR14800482	q_1.556	0.753298189823106
9676	THOC6	SRR14800482	q_1.556	0.11254951333371
9677	POLR2J4	SRR14800482	q_1.556	0.889813534691941
9678	SYNM	SRR14800482	q_1.556	0
9679	SPNS2	SRR14800482	q_1.556	0.501787303932283
9680	SRPRA	SRR14800482	q_1.556	0.303788310351017
9681	LINC03040	SRR14800482	q_1.556	0.962019242890614
9682	RAP1GDS1	SRR14800482	q_1.556	0.955822717951609
9683	ZNF493	SRR14800482	q_1.556	0.948781521536278
9684	VRK2	SRR14800482	q_1.556	0.781950348790321
9685	PMEPA1	SRR14800482	q_1.556	0.68118292883024
9686	CXCL12	SRR14800482	q_1.556	0.906699829256201
9687	EXOC1	SRR14800482	q_1.556	0.823439012188183
9688	FAM114A2	SRR14800482	q_1.556	0.914450973428138
9689	ANGEL2	SRR14800482	q_1.556	0.921801857219768
9690	TMEM183A	SRR14800482	q_1.556	0.906316494319029
9691	HDAC2	SRR14800482	q_1.556	0.809576298948826
9692	ATG5	SRR14800482	q_1.556	0.830438731628646
9693	SH3PXD2A	SRR14800482	q_1.556	0.852442714127785
9694	IFIT3	SRR14800482	q_1.556	0.980314084833911
9695	PBX2	SRR14800482	q_1.556	0.312803948774418
9696	IRF3	SRR14800482	q_1.556	0.810440089520644
9697	SPIRE2	SRR14800482	q_1.556	0.725977055132466
9698	CYBB	SRR14800482	q_1.556	0
9699	ASMTL	SRR14800482	q_1.556	0.563879089937293
9700	ETFRF1	SRR14800482	q_1.556	0.702752096217435
9701	PDE7A	SRR14800482	q_1.556	0.902800471764146
9702	CDH24	SRR14800482	q_1.556	0.756431730713568
9703	RELCH	SRR14800482	q_1.556	0.920780059218437
9704	ZFP90	SRR14800482	q_1.556	0.804877032181203
9705	SAR1B	SRR14800482	q_1.556	0.693681624069948
9706	PPP1R2	SRR14800482	q_1.556	0.175112645000116
9707	ENSG00000254706	SRR14800482	q_1.556	0.864656103414868
9708	GSKIP	SRR14800482	q_1.556	0.727766818719479
9709	GDI1	SRR14800482	q_1.556	0.369953831691563
9710	PNPT1	SRR14800482	q_1.556	0.757789291813499
9711	ZNF714	SRR14800482	q_1.556	0.910940106083934
9712	SLC9A7	SRR14800482	q_1.556	0.749636166706998
9713	DNAJC24	SRR14800482	q_1.556	0.706359058921352
9714	TLN2	SRR14800482	q_1.556	0.806161678197875
9715	SRP72	SRR14800482	q_1.556	0.594166939626926
9716	NSA2	SRR14800482	q_1.556	0.883001206998875
9717	THY1	SRR14800482	q_1.556	0.772250628839356
9718	PICALM	SRR14800482	q_1.556	0.880173755590497
9719	GLB1L2	SRR14800482	q_1.556	0.204874749660425
9720	SNHG10	SRR14800482	q_1.556	0.663955345266793
9721	MEF2A	SRR14800482	q_1.556	0.819369183855229
9722	GIPR	SRR14800482	q_1.556	0.992983636570932
9723	LINC02362	SRR14800482	q_1.556	0.785410143188384
9724	ENSG00000274322	SRR14800482	q_1.556	0.66757979496489
9725	ENSG00000291072	SRR14800482	q_1.556	0.916996831937857
9726	A4GALT	SRR14800482	q_1.556	0.523268620679525
9727	EPB41L4A-AS1	SRR14800482	q_1.556	0.84269780656775
9728	NCF1C	SRR14800482	q_1.556	0
9729	FOXJ2	SRR14800481	q_1.778	0.475811861986465
9730	TMEM38A	SRR14800481	q_1.778	0.652480426898012
9731	CCNE1	SRR14800481	q_1.778	0.360465352444181
9732	MCOLN1	SRR14800481	q_1.778	0.153991082839234
9733	FBXO3	SRR14800481	q_1.778	0.938901501749202
9734	SLC25A16	SRR14800481	q_1.778	0.88685335666048
9735	ZNF710	SRR14800481	q_1.778	0.856198571312537
9736	TM7SF2	SRR14800481	q_1.778	0.48351115197838
9737	UBP1	SRR14800481	q_1.778	0.729771285472071
9738	SPICE1	SRR14800481	q_1.778	0.828758853252064
9739	NPY1R	SRR14800481	q_1.778	0.392666395705626
9740	CENPV	SRR14800481	q_1.778	0.932628316192464
9741	METTL26	SRR14800481	q_1.778	0.68010322682562
9742	MCC	SRR14800481	q_1.778	0.0470330632570852
9743	REG3A	SRR14800481	q_1.778	NA
9744	USP38	SRR14800481	q_1.778	0.945594965944804
9745	CYP2W1	SRR14800481	q_1.778	0.317436705365028
9746	NFKBIB	SRR14800481	q_1.778	0.966474510456307
9747	ING3	SRR14800481	q_1.778	0.939888838073228
9748	HIGD1A	SRR14800481	q_1.778	0.487885703933929
9749	DUOXA2	SRR14800481	q_1.778	0
9750	CCDC149	SRR14800481	q_1.778	0.526751980475101
9751	FAXDC2	SRR14800481	q_1.778	0.72235231657553
9752	THOC6	SRR14800481	q_1.778	0.315544323898781
9753	POLR2J4	SRR14800481	q_1.778	0.955210604279735
9754	SYNM	SRR14800481	q_1.778	0
9755	SPNS2	SRR14800481	q_1.778	0.907642971651884
9756	SRPRA	SRR14800481	q_1.778	0.265217996800361
9757	LINC03040	SRR14800481	q_1.778	0.476615371164432
9758	RAP1GDS1	SRR14800481	q_1.778	0.761836866153811
9759	ZNF493	SRR14800481	q_1.778	0.985545816249117
9760	VRK2	SRR14800481	q_1.778	0.829444265862745
9761	PMEPA1	SRR14800481	q_1.778	0.663278908924905
9762	CXCL12	SRR14800481	q_1.778	0.45072609956406
9763	EXOC1	SRR14800481	q_1.778	0.736733229484903
9764	FAM114A2	SRR14800481	q_1.778	0.777888510054655
9765	ANGEL2	SRR14800481	q_1.778	0.921072946987787
9766	TMEM183A	SRR14800481	q_1.778	0.805451442115385
9767	HDAC2	SRR14800481	q_1.778	0.757193290188665
9768	ATG5	SRR14800481	q_1.778	0.824416551507498
9769	SH3PXD2A	SRR14800481	q_1.778	0.876853979552026
9770	IFIT3	SRR14800481	q_1.778	0.746191815223014
9771	PBX2	SRR14800481	q_1.778	0.567926316406031
9772	IRF3	SRR14800481	q_1.778	0.840371978914922
9773	SPIRE2	SRR14800481	q_1.778	0.808839671811582
9774	CYBB	SRR14800481	q_1.778	0.674933981092862
9775	ASMTL	SRR14800481	q_1.778	0.354898243814558
9776	ETFRF1	SRR14800481	q_1.778	0.479325728129217
9777	PDE7A	SRR14800481	q_1.778	0.957121187039537
9778	CDH24	SRR14800481	q_1.778	0.958947987401069
9779	RELCH	SRR14800481	q_1.778	0.916676902416881
9780	ZFP90	SRR14800481	q_1.778	0.806258770676806
9781	SAR1B	SRR14800481	q_1.778	0.532913794093034
9782	PPP1R2	SRR14800481	q_1.778	0.273752834371629
9783	ENSG00000254706	SRR14800481	q_1.778	0.893827577531101
9784	GSKIP	SRR14800481	q_1.778	0.64926546097697
9785	GDI1	SRR14800481	q_1.778	0.352042204832379
9786	PNPT1	SRR14800481	q_1.778	0.354359073840281
9787	ZNF714	SRR14800481	q_1.778	0.923759360642573
9788	SLC9A7	SRR14800481	q_1.778	0
9789	DNAJC24	SRR14800481	q_1.778	0.765536887233947
9790	TLN2	SRR14800481	q_1.778	0.861927275870339
9791	SRP72	SRR14800481	q_1.778	0.711978660351976
9792	NSA2	SRR14800481	q_1.778	0.872853531840671
9793	THY1	SRR14800481	q_1.778	0.688611586785864
9794	PICALM	SRR14800481	q_1.778	0.815242182005663
9795	GLB1L2	SRR14800481	q_1.778	0.301844193192607
9796	SNHG10	SRR14800481	q_1.778	0.913253364003517
9797	MEF2A	SRR14800481	q_1.778	0.840320129388379
9798	GIPR	SRR14800481	q_1.778	0.868530214073552
9799	LINC02362	SRR14800481	q_1.778	0.865241653035042
9800	ENSG00000274322	SRR14800481	q_1.778	0.558477196207154
9801	ENSG00000291072	SRR14800481	q_1.778	0.924719977452365
9802	A4GALT	SRR14800481	q_1.778	0.466654889082261
9803	EPB41L4A-AS1	SRR14800481	q_1.778	0.920119101733359
9804	NCF1C	SRR14800481	q_1.778	0.686198559569982
9805	FOXJ2	SRR14800480	q_1.778	0.779909204029956
9806	TMEM38A	SRR14800480	q_1.778	0.433828803516704
9807	CCNE1	SRR14800480	q_1.778	0.724166749668364
9808	MCOLN1	SRR14800480	q_1.778	0.615181453380318
9809	FBXO3	SRR14800480	q_1.778	0.892580780759139
9810	SLC25A16	SRR14800480	q_1.778	0.826694888811304
9811	ZNF710	SRR14800480	q_1.778	0.860237972040043
9812	TM7SF2	SRR14800480	q_1.778	0.383102614266236
9813	UBP1	SRR14800480	q_1.778	0.689138048088672
9814	SPICE1	SRR14800480	q_1.778	0.836084938178122
9815	NPY1R	SRR14800480	q_1.778	0.851694576178633
9816	CENPV	SRR14800480	q_1.778	0.893033913915931
9817	METTL26	SRR14800480	q_1.778	0.738348690126505
9818	MCC	SRR14800480	q_1.778	0.309083213661926
9819	REG3A	SRR14800480	q_1.778	0.977534461437014
9820	USP38	SRR14800480	q_1.778	0.949056895862581
9821	CYP2W1	SRR14800480	q_1.778	0.419142571209144
9822	NFKBIB	SRR14800480	q_1.778	0.648975888981686
9823	ING3	SRR14800480	q_1.778	0.987274481586164
9824	HIGD1A	SRR14800480	q_1.778	0.91135887835962
9825	DUOXA2	SRR14800480	q_1.778	0
9826	CCDC149	SRR14800480	q_1.778	0.949569486942166
9827	FAXDC2	SRR14800480	q_1.778	0.906522301998516
9828	THOC6	SRR14800480	q_1.778	0.376796555282154
9829	POLR2J4	SRR14800480	q_1.778	0.943290588159069
9830	SYNM	SRR14800480	q_1.778	0.999579565285165
9831	SPNS2	SRR14800480	q_1.778	0.72509771135155
9832	SRPRA	SRR14800480	q_1.778	0.332169328626337
9833	LINC03040	SRR14800480	q_1.778	0.65723859896522
9834	RAP1GDS1	SRR14800480	q_1.778	0.866884341656596
9835	ZNF493	SRR14800480	q_1.778	0.950897144339149
9836	VRK2	SRR14800480	q_1.778	0.797426157267873
9837	PMEPA1	SRR14800480	q_1.778	0.567658240356111
9838	CXCL12	SRR14800480	q_1.778	0.555320108949597
9839	EXOC1	SRR14800480	q_1.778	0.659804638366318
9840	FAM114A2	SRR14800480	q_1.778	0.760263820682123
9841	ANGEL2	SRR14800480	q_1.778	0.879053256606799
9842	TMEM183A	SRR14800480	q_1.778	0.891666798386151
9843	HDAC2	SRR14800480	q_1.778	0.816025498670006
9844	ATG5	SRR14800480	q_1.778	0.797336626678134
9845	SH3PXD2A	SRR14800480	q_1.778	0.700308471795876
9846	IFIT3	SRR14800480	q_1.778	0.644699942071423
9847	PBX2	SRR14800480	q_1.778	0.791058393712526
9848	IRF3	SRR14800480	q_1.778	0.803286063061033
9849	SPIRE2	SRR14800480	q_1.778	0.837587459789744
9850	CYBB	SRR14800480	q_1.778	0.521449974630619
9851	ASMTL	SRR14800480	q_1.778	0.150032863481814
9852	ETFRF1	SRR14800480	q_1.778	0.661731511949189
9853	PDE7A	SRR14800480	q_1.778	0.963796871488089
9854	CDH24	SRR14800480	q_1.778	0.402968238281828
9855	RELCH	SRR14800480	q_1.778	0.960192516791689
9856	ZFP90	SRR14800480	q_1.778	0.815304014220485
9857	SAR1B	SRR14800480	q_1.778	0.815826850312749
9858	PPP1R2	SRR14800480	q_1.778	0.228628383925661
9859	ENSG00000254706	SRR14800480	q_1.778	0.275615712861436
9860	GSKIP	SRR14800480	q_1.778	0.547635307555348
9861	GDI1	SRR14800480	q_1.778	0.544590382320337
9862	PNPT1	SRR14800480	q_1.778	0.905637515824216
9863	ZNF714	SRR14800480	q_1.778	0.866286155901312
9864	SLC9A7	SRR14800480	q_1.778	0.384771917381826
9865	DNAJC24	SRR14800480	q_1.778	0.710795672208295
9866	TLN2	SRR14800480	q_1.778	0.901188044926745
9867	SRP72	SRR14800480	q_1.778	0.811520452454127
9868	NSA2	SRR14800480	q_1.778	0.293734146756662
9869	THY1	SRR14800480	q_1.778	0.719046358659343
9870	PICALM	SRR14800480	q_1.778	0.910469223712203
9871	GLB1L2	SRR14800480	q_1.778	0.289628633343456
9872	SNHG10	SRR14800480	q_1.778	0.562557976151053
9873	MEF2A	SRR14800480	q_1.778	0.850984863956194
9874	GIPR	SRR14800480	q_1.778	0.958767516325244
9875	LINC02362	SRR14800480	q_1.778	0.972658585687815
9876	ENSG00000274322	SRR14800480	q_1.778	0.472745147182625
9877	ENSG00000291072	SRR14800480	q_1.778	0.988505120093601
9878	A4GALT	SRR14800480	q_1.778	0.388367398722716
9879	EPB41L4A-AS1	SRR14800480	q_1.778	0.873744527431397
9880	NCF1C	SRR14800480	q_1.778	0.871047401599877
9881	FOXJ2	SRR14800477	q_1.778	0.743055501596422
9882	TMEM38A	SRR14800477	q_1.778	0.332814860918108
9883	CCNE1	SRR14800477	q_1.778	0
9884	MCOLN1	SRR14800477	q_1.778	0.637475099054942
9885	FBXO3	SRR14800477	q_1.778	0.990735017080137
9886	SLC25A16	SRR14800477	q_1.778	0.953701987352849
9887	ZNF710	SRR14800477	q_1.778	0.876382844351228
9888	TM7SF2	SRR14800477	q_1.778	0.513943806457836
9889	UBP1	SRR14800477	q_1.778	0.861600482051036
9890	SPICE1	SRR14800477	q_1.778	0.750154147916484
9891	NPY1R	SRR14800477	q_1.778	0.704660916021611
9892	CENPV	SRR14800477	q_1.778	0.947306158329284
9893	METTL26	SRR14800477	q_1.778	0.839136654938413
9894	MCC	SRR14800477	q_1.778	0.345277747731164
9895	REG3A	SRR14800477	q_1.778	NA
9896	USP38	SRR14800477	q_1.778	0.968452397784119
9897	CYP2W1	SRR14800477	q_1.778	0
9898	NFKBIB	SRR14800477	q_1.778	0.577572281926649
9899	ING3	SRR14800477	q_1.778	0.904440988646037
9900	HIGD1A	SRR14800477	q_1.778	0.77875814448324
9901	DUOXA2	SRR14800477	q_1.778	NA
9902	CCDC149	SRR14800477	q_1.778	0.889294665406615
9903	FAXDC2	SRR14800477	q_1.778	0.86409637451668
9904	THOC6	SRR14800477	q_1.778	0.159397132613575
9905	POLR2J4	SRR14800477	q_1.778	0.895842435950563
9906	SYNM	SRR14800477	q_1.778	0.999981770499175
9907	SPNS2	SRR14800477	q_1.778	0
9908	SRPRA	SRR14800477	q_1.778	0.395278067705232
9909	LINC03040	SRR14800477	q_1.778	0
9910	RAP1GDS1	SRR14800477	q_1.778	0.842149043413513
9911	ZNF493	SRR14800477	q_1.778	0.975412683113994
9912	VRK2	SRR14800477	q_1.778	0.950918390200048
9913	PMEPA1	SRR14800477	q_1.778	0.647211436197559
9914	CXCL12	SRR14800477	q_1.778	0.417276092625715
9915	EXOC1	SRR14800477	q_1.778	0.891187022218955
9916	FAM114A2	SRR14800477	q_1.778	0.807318501248569
9917	ANGEL2	SRR14800477	q_1.778	0.918550577717342
9918	TMEM183A	SRR14800477	q_1.778	0.94009916500073
9919	HDAC2	SRR14800477	q_1.778	0.847274227595124
9920	ATG5	SRR14800477	q_1.778	0.853516384477554
9921	SH3PXD2A	SRR14800477	q_1.778	0.783111200564406
9922	IFIT3	SRR14800477	q_1.778	0
9923	PBX2	SRR14800477	q_1.778	0.887022278021568
9924	IRF3	SRR14800477	q_1.778	0.769574431625426
9925	SPIRE2	SRR14800477	q_1.778	0.796236581080517
9926	CYBB	SRR14800477	q_1.778	0.697180341553433
9927	ASMTL	SRR14800477	q_1.778	0.642975980466941
9928	ETFRF1	SRR14800477	q_1.778	0.342965279797841
9929	PDE7A	SRR14800477	q_1.778	0.944241936475214
9930	CDH24	SRR14800477	q_1.778	0.145930845391287
9931	RELCH	SRR14800477	q_1.778	0.965771757149648
9932	ZFP90	SRR14800477	q_1.778	0.744213163691692
9933	SAR1B	SRR14800477	q_1.778	0.829812926018153
9934	PPP1R2	SRR14800477	q_1.778	0.402897936524048
9935	ENSG00000254706	SRR14800477	q_1.778	0.2701042968019
9936	GSKIP	SRR14800477	q_1.778	0.0184307603977669
9937	GDI1	SRR14800477	q_1.778	0.282389252505306
9938	PNPT1	SRR14800477	q_1.778	0.967579139521576
9939	ZNF714	SRR14800477	q_1.778	0.713687261453805
9940	SLC9A7	SRR14800477	q_1.778	0
9941	DNAJC24	SRR14800477	q_1.778	0.777217948200088
9942	TLN2	SRR14800477	q_1.778	0.899826750010986
9943	SRP72	SRR14800477	q_1.778	0.882782561781304
9944	NSA2	SRR14800477	q_1.778	0.426678302148864
9945	THY1	SRR14800477	q_1.778	0.234636848550801
9946	PICALM	SRR14800477	q_1.778	0.889067854928821
9947	GLB1L2	SRR14800477	q_1.778	0.447906977658184
9948	SNHG10	SRR14800477	q_1.778	0.894048706634836
9949	MEF2A	SRR14800477	q_1.778	0.870664743382993
9950	GIPR	SRR14800477	q_1.778	0.822057755086696
9951	LINC02362	SRR14800477	q_1.778	0.984440678832256
9952	ENSG00000274322	SRR14800477	q_1.778	0.361959705375221
9953	ENSG00000291072	SRR14800477	q_1.778	0.81651064130377
9954	A4GALT	SRR14800477	q_1.778	0.683090533096495
9955	EPB41L4A-AS1	SRR14800477	q_1.778	0.775601827994461
9956	NCF1C	SRR14800477	q_1.778	0.90552202941615
9957	FOXJ2	SRR14800476	q_1.778	0.618106763138244
9958	TMEM38A	SRR14800476	q_1.778	0.828582375658821
9959	CCNE1	SRR14800476	q_1.778	0.869108832361638
9960	MCOLN1	SRR14800476	q_1.778	0.508787148802918
9961	FBXO3	SRR14800476	q_1.778	0.98864990428008
9962	SLC25A16	SRR14800476	q_1.778	0.864657401198353
9963	ZNF710	SRR14800476	q_1.778	0.770331240920457
9964	TM7SF2	SRR14800476	q_1.778	0.372629579680688
9965	UBP1	SRR14800476	q_1.778	0.932226001329349
9966	SPICE1	SRR14800476	q_1.778	0.767376627232193
9967	NPY1R	SRR14800476	q_1.778	0.829470983287357
9968	CENPV	SRR14800476	q_1.778	0.819630465505872
9969	METTL26	SRR14800476	q_1.778	0.791099100720331
9970	MCC	SRR14800476	q_1.778	0.469769978075573
9971	REG3A	SRR14800476	q_1.778	0
9972	USP38	SRR14800476	q_1.778	0.987458315003986
9973	CYP2W1	SRR14800476	q_1.778	0
9974	NFKBIB	SRR14800476	q_1.778	0.677332227683738
9975	ING3	SRR14800476	q_1.778	0.806000392032574
9976	HIGD1A	SRR14800476	q_1.778	0.868354647067617
9977	DUOXA2	SRR14800476	q_1.778	0
9978	CCDC149	SRR14800476	q_1.778	0.845144666519
9979	FAXDC2	SRR14800476	q_1.778	0.756355875740401
9980	THOC6	SRR14800476	q_1.778	0.170129621934428
9981	POLR2J4	SRR14800476	q_1.778	0.917469240065775
9982	SYNM	SRR14800476	q_1.778	0.991639561389025
9983	SPNS2	SRR14800476	q_1.778	0.419579739086388
9984	SRPRA	SRR14800476	q_1.778	0.458632673371134
9985	LINC03040	SRR14800476	q_1.778	0.722577270126507
9986	RAP1GDS1	SRR14800476	q_1.778	0.837989824207069
9987	ZNF493	SRR14800476	q_1.778	0.960632474756132
9988	VRK2	SRR14800476	q_1.778	0.935315022703812
9989	PMEPA1	SRR14800476	q_1.778	0.737096726128886
9990	CXCL12	SRR14800476	q_1.778	0.507070832166025
9991	EXOC1	SRR14800476	q_1.778	0.8018024829797
9992	FAM114A2	SRR14800476	q_1.778	0.723845127818576
9993	ANGEL2	SRR14800476	q_1.778	0.878935658027769
9994	TMEM183A	SRR14800476	q_1.778	0.932591087371691
9995	HDAC2	SRR14800476	q_1.778	0.911203924317454
9996	ATG5	SRR14800476	q_1.778	0.828006905706954
9997	SH3PXD2A	SRR14800476	q_1.778	0.893725225737735
9998	IFIT3	SRR14800476	q_1.778	0.999975129898011
9999	PBX2	SRR14800476	q_1.778	0.800067459418824
10000	IRF3	SRR14800476	q_1.778	0.808049816689499
10001	SPIRE2	SRR14800476	q_1.778	0.842086723099015
10002	CYBB	SRR14800476	q_1.778	0.601845524941518
10003	ASMTL	SRR14800476	q_1.778	0.32539822315909
10004	ETFRF1	SRR14800476	q_1.778	0.363472887582409
10005	PDE7A	SRR14800476	q_1.778	0.883738357933083
10006	CDH24	SRR14800476	q_1.778	0.6690370198471
10007	RELCH	SRR14800476	q_1.778	0.96280419707896
10008	ZFP90	SRR14800476	q_1.778	0.830169225571696
10009	SAR1B	SRR14800476	q_1.778	0.606140935963706
10010	PPP1R2	SRR14800476	q_1.778	0.314325870135412
10011	ENSG00000254706	SRR14800476	q_1.778	0.809333273438159
10012	GSKIP	SRR14800476	q_1.778	0.589185709222415
10013	GDI1	SRR14800476	q_1.778	0.39440454837494
10014	PNPT1	SRR14800476	q_1.778	0.857109047985489
10015	ZNF714	SRR14800476	q_1.778	0.850195410269946
10016	SLC9A7	SRR14800476	q_1.778	0.933778796873044
10017	DNAJC24	SRR14800476	q_1.778	0.905072170955801
10018	TLN2	SRR14800476	q_1.778	0.935961689220202
10019	SRP72	SRR14800476	q_1.778	0.835620021995956
10020	NSA2	SRR14800476	q_1.778	0.493658415777482
10021	THY1	SRR14800476	q_1.778	0.323995335883146
10022	PICALM	SRR14800476	q_1.778	0.985017762373047
10023	GLB1L2	SRR14800476	q_1.778	0.48080190703631
10024	SNHG10	SRR14800476	q_1.778	0.932129459559382
10025	MEF2A	SRR14800476	q_1.778	0.765703332371358
10026	GIPR	SRR14800476	q_1.778	0.960039254168769
10027	LINC02362	SRR14800476	q_1.778	0.964027064203035
10028	ENSG00000274322	SRR14800476	q_1.778	0.350117004979231
10029	ENSG00000291072	SRR14800476	q_1.778	0.888811780957056
10030	A4GALT	SRR14800476	q_1.778	0.177094450816287
10031	EPB41L4A-AS1	SRR14800476	q_1.778	0.844497765284908
10032	NCF1C	SRR14800476	q_1.778	0.664928186755808
10033	FOXJ2	SRR14800475	q_1.778	0.7707431496173
10034	TMEM38A	SRR14800475	q_1.778	0.917743209793224
10035	CCNE1	SRR14800475	q_1.778	0.327772651949262
10036	MCOLN1	SRR14800475	q_1.778	0.597745835553047
10037	FBXO3	SRR14800475	q_1.778	0.921964322802621
10038	SLC25A16	SRR14800475	q_1.778	0.925280177168595
10039	ZNF710	SRR14800475	q_1.778	0.890824137558768
10040	TM7SF2	SRR14800475	q_1.778	0.161568463360956
10041	UBP1	SRR14800475	q_1.778	0.658141480376132
10042	SPICE1	SRR14800475	q_1.778	0.804792085308842
10043	NPY1R	SRR14800475	q_1.778	0.121603674901205
10044	CENPV	SRR14800475	q_1.778	0.796339824310048
10045	METTL26	SRR14800475	q_1.778	0.70434017615785
10046	MCC	SRR14800475	q_1.778	0.439441413405092
10047	REG3A	SRR14800475	q_1.778	0
10048	USP38	SRR14800475	q_1.778	0.89102504142183
10049	CYP2W1	SRR14800475	q_1.778	0
10050	NFKBIB	SRR14800475	q_1.778	0.666047448056758
10051	ING3	SRR14800475	q_1.778	0.841291520739562
10052	HIGD1A	SRR14800475	q_1.778	0.824556493938982
10053	DUOXA2	SRR14800475	q_1.778	0.716717641290008
10054	CCDC149	SRR14800475	q_1.778	0.906506455378078
10055	FAXDC2	SRR14800475	q_1.778	0.821177591153178
10056	THOC6	SRR14800475	q_1.778	0.871446364811105
10057	POLR2J4	SRR14800475	q_1.778	0.967597361432327
10058	SYNM	SRR14800475	q_1.778	0.99964797758942
10059	SPNS2	SRR14800475	q_1.778	0.723330804578678
10060	SRPRA	SRR14800475	q_1.778	0.234846824876301
10061	LINC03040	SRR14800475	q_1.778	0.942465977195706
10062	RAP1GDS1	SRR14800475	q_1.778	0.77500952404549
10063	ZNF493	SRR14800475	q_1.778	0.961623909627007
10064	VRK2	SRR14800475	q_1.778	0.843494582249028
10065	PMEPA1	SRR14800475	q_1.778	0.128266218795021
10066	CXCL12	SRR14800475	q_1.778	0.416137703897877
10067	EXOC1	SRR14800475	q_1.778	0.635753920094237
10068	FAM114A2	SRR14800475	q_1.778	0.609915404239783
10069	ANGEL2	SRR14800475	q_1.778	0.822433643372584
10070	TMEM183A	SRR14800475	q_1.778	0.975894703045209
10071	HDAC2	SRR14800475	q_1.778	0.800514087770966
10072	ATG5	SRR14800475	q_1.778	0.948570208828273
10073	SH3PXD2A	SRR14800475	q_1.778	0.176606385276548
10074	IFIT3	SRR14800475	q_1.778	0.618983174313651
10075	PBX2	SRR14800475	q_1.778	0.523648020426768
10076	IRF3	SRR14800475	q_1.778	0.693217182215547
10077	SPIRE2	SRR14800475	q_1.778	0.738111715370444
10078	CYBB	SRR14800475	q_1.778	0.694401301894926
10079	ASMTL	SRR14800475	q_1.778	0.296483076164359
10080	ETFRF1	SRR14800475	q_1.778	0.300738749952559
10081	PDE7A	SRR14800475	q_1.778	0.964376906081334
10082	CDH24	SRR14800475	q_1.778	0.692287874100551
10083	RELCH	SRR14800475	q_1.778	0.809448346098149
10084	ZFP90	SRR14800475	q_1.778	0.62031835425893
10085	SAR1B	SRR14800475	q_1.778	0.637883768182765
10086	PPP1R2	SRR14800475	q_1.778	0.726108042766148
10087	ENSG00000254706	SRR14800475	q_1.778	0.852116397514484
10088	GSKIP	SRR14800475	q_1.778	0.704491407623419
10089	GDI1	SRR14800475	q_1.778	0.241317637999832
10090	PNPT1	SRR14800475	q_1.778	0.763673845664098
10091	ZNF714	SRR14800475	q_1.778	0.628522585354547
10092	SLC9A7	SRR14800475	q_1.778	0.956256372220718
10093	DNAJC24	SRR14800475	q_1.778	0.563589773705301
10094	TLN2	SRR14800475	q_1.778	0.822767131178535
10095	SRP72	SRR14800475	q_1.778	0.904614368659625
10096	NSA2	SRR14800475	q_1.778	0.403677432025615
10097	THY1	SRR14800475	q_1.778	0.374133945854032
10098	PICALM	SRR14800475	q_1.778	0.944154366594679
10099	GLB1L2	SRR14800475	q_1.778	0.394303919620297
10100	SNHG10	SRR14800475	q_1.778	0.795159934230865
10101	MEF2A	SRR14800475	q_1.778	0.689765616329283
10102	GIPR	SRR14800475	q_1.778	NA
10103	LINC02362	SRR14800475	q_1.778	0.840399595980063
10104	ENSG00000274322	SRR14800475	q_1.778	0
10105	ENSG00000291072	SRR14800475	q_1.778	0.900098054440688
10106	A4GALT	SRR14800475	q_1.778	0.825989792466845
10107	EPB41L4A-AS1	SRR14800475	q_1.778	0.414569941937826
10108	NCF1C	SRR14800475	q_1.778	0.43690390224701
10109	FOXJ2	SRR14800490	q_1.778	0.753939054487808
10110	TMEM38A	SRR14800490	q_1.778	0.999467330688132
10111	CCNE1	SRR14800490	q_1.778	NA
10112	MCOLN1	SRR14800490	q_1.778	0.380938691503725
10113	FBXO3	SRR14800490	q_1.778	0.905593694903857
10114	SLC25A16	SRR14800490	q_1.778	0.887461551140048
10115	ZNF710	SRR14800490	q_1.778	0.908171896501688
10116	TM7SF2	SRR14800490	q_1.778	0.806814713370948
10117	UBP1	SRR14800490	q_1.778	0.745438913095576
10118	SPICE1	SRR14800490	q_1.778	0.793133635590353
10119	NPY1R	SRR14800490	q_1.778	0.696940605891845
10120	CENPV	SRR14800490	q_1.778	0.899053207848843
10121	METTL26	SRR14800490	q_1.778	0.71372752805609
10122	MCC	SRR14800490	q_1.778	0.464972491846967
10123	REG3A	SRR14800490	q_1.778	NA
10124	USP38	SRR14800490	q_1.778	0.886792572874545
10125	CYP2W1	SRR14800490	q_1.778	0
10126	NFKBIB	SRR14800490	q_1.778	0.652058625802969
10127	ING3	SRR14800490	q_1.778	0.941652979981638
10128	HIGD1A	SRR14800490	q_1.778	0.760820602348998
10129	DUOXA2	SRR14800490	q_1.778	NA
10130	CCDC149	SRR14800490	q_1.778	0.922533550584649
10131	FAXDC2	SRR14800490	q_1.778	0.75348123319909
10132	THOC6	SRR14800490	q_1.778	0.350771542213821
10133	POLR2J4	SRR14800490	q_1.778	0.979416424986136
10134	SYNM	SRR14800490	q_1.778	0.98651179561409
10135	SPNS2	SRR14800490	q_1.778	0
10136	SRPRA	SRR14800490	q_1.778	0.478314107942747
10137	LINC03040	SRR14800490	q_1.778	0
10138	RAP1GDS1	SRR14800490	q_1.778	0.811734700230911
10139	ZNF493	SRR14800490	q_1.778	0.953967161505509
10140	VRK2	SRR14800490	q_1.778	0.843725441004858
10141	PMEPA1	SRR14800490	q_1.778	0.103251888813523
10142	CXCL12	SRR14800490	q_1.778	0.5533303069093
10143	EXOC1	SRR14800490	q_1.778	0.799441627020271
10144	FAM114A2	SRR14800490	q_1.778	0.814949314458378
10145	ANGEL2	SRR14800490	q_1.778	0.935549707880567
10146	TMEM183A	SRR14800490	q_1.778	0.92064877068513
10147	HDAC2	SRR14800490	q_1.778	0.750790986533271
10148	ATG5	SRR14800490	q_1.778	0.768847731347926
10149	SH3PXD2A	SRR14800490	q_1.778	0.383290252523927
10150	IFIT3	SRR14800490	q_1.778	0.689562948959898
10151	PBX2	SRR14800490	q_1.778	0.558612159208266
10152	IRF3	SRR14800490	q_1.778	0.665122248577144
10153	SPIRE2	SRR14800490	q_1.778	0.924041354423762
10154	CYBB	SRR14800490	q_1.778	0.480913354805589
10155	ASMTL	SRR14800490	q_1.778	0.316291854230229
10156	ETFRF1	SRR14800490	q_1.778	0.380251764557522
10157	PDE7A	SRR14800490	q_1.778	0.823539977117576
10158	CDH24	SRR14800490	q_1.778	0.495495862984071
10159	RELCH	SRR14800490	q_1.778	0.879609483956861
10160	ZFP90	SRR14800490	q_1.778	0.938447457525267
10161	SAR1B	SRR14800490	q_1.778	0.591839565105356
10162	PPP1R2	SRR14800490	q_1.778	0.49662952456038
10163	ENSG00000254706	SRR14800490	q_1.778	0.314857543357429
10164	GSKIP	SRR14800490	q_1.778	0
10165	GDI1	SRR14800490	q_1.778	0.397682051735975
10166	PNPT1	SRR14800490	q_1.778	0.695011330967276
10167	ZNF714	SRR14800490	q_1.778	0.438487937348277
10168	SLC9A7	SRR14800490	q_1.778	0.230341998555993
10169	DNAJC24	SRR14800490	q_1.778	0.574087464883848
10170	TLN2	SRR14800490	q_1.778	0.920080080046125
10171	SRP72	SRR14800490	q_1.778	0.877600552309853
10172	NSA2	SRR14800490	q_1.778	0.328027431447966
10173	THY1	SRR14800490	q_1.778	0.313522761714131
10174	PICALM	SRR14800490	q_1.778	0.936111288243947
10175	GLB1L2	SRR14800490	q_1.778	0.648833060797595
10176	SNHG10	SRR14800490	q_1.778	0.827415944211317
10177	MEF2A	SRR14800490	q_1.778	0.69722499672406
10178	GIPR	SRR14800490	q_1.778	NA
10179	LINC02362	SRR14800490	q_1.778	0.886760882720084
10180	ENSG00000274322	SRR14800490	q_1.778	0.763486259801197
10181	ENSG00000291072	SRR14800490	q_1.778	0.702813834849095
10182	A4GALT	SRR14800490	q_1.778	0.764800923608001
10183	EPB41L4A-AS1	SRR14800490	q_1.778	0.868256393813058
10184	NCF1C	SRR14800490	q_1.778	0.595898052445877
10185	FOXJ2	SRR14800489	q_1.778	0.743074757312748
10186	TMEM38A	SRR14800489	q_1.778	0.958375528807739
10187	CCNE1	SRR14800489	q_1.778	0.302642168011621
10188	MCOLN1	SRR14800489	q_1.778	0.416568434586642
10189	FBXO3	SRR14800489	q_1.778	0.968736854843243
10190	SLC25A16	SRR14800489	q_1.778	0.831099772991162
10191	ZNF710	SRR14800489	q_1.778	0.924718112771768
10192	TM7SF2	SRR14800489	q_1.778	0.314072326963901
10193	UBP1	SRR14800489	q_1.778	0.738229799585538
10194	SPICE1	SRR14800489	q_1.778	0.730830332002624
10195	NPY1R	SRR14800489	q_1.778	0.632614470513111
10196	CENPV	SRR14800489	q_1.778	0.9118530738713
10197	METTL26	SRR14800489	q_1.778	0.787074862008308
10198	MCC	SRR14800489	q_1.778	0.426871119447043
10199	REG3A	SRR14800489	q_1.778	NA
10200	USP38	SRR14800489	q_1.778	0.948768187795813
10201	CYP2W1	SRR14800489	q_1.778	0
10202	NFKBIB	SRR14800489	q_1.778	0.631858982358369
10203	ING3	SRR14800489	q_1.778	0.964250791524374
10204	HIGD1A	SRR14800489	q_1.778	0.83890765227183
10205	DUOXA2	SRR14800489	q_1.778	0.949647117025241
10206	CCDC149	SRR14800489	q_1.778	0.957828505065147
10207	FAXDC2	SRR14800489	q_1.778	0.833927903158518
10208	THOC6	SRR14800489	q_1.778	0.352665041696808
10209	POLR2J4	SRR14800489	q_1.778	0.913228088450537
10210	SYNM	SRR14800489	q_1.778	0.961862899478878
10211	SPNS2	SRR14800489	q_1.778	0
10212	SRPRA	SRR14800489	q_1.778	0.508314930192457
10213	LINC03040	SRR14800489	q_1.778	0
10214	RAP1GDS1	SRR14800489	q_1.778	0.948754864218207
10215	ZNF493	SRR14800489	q_1.778	0.955500595411658
10216	VRK2	SRR14800489	q_1.778	0.865711683322544
10217	PMEPA1	SRR14800489	q_1.778	0.57626898131413
10218	CXCL12	SRR14800489	q_1.778	0.521915698520525
10219	EXOC1	SRR14800489	q_1.778	0.971928650048306
10220	FAM114A2	SRR14800489	q_1.778	0.912846035905989
10221	ANGEL2	SRR14800489	q_1.778	0.905634577140714
10222	TMEM183A	SRR14800489	q_1.778	0.958645636785082
10223	HDAC2	SRR14800489	q_1.778	0.713087272809729
10224	ATG5	SRR14800489	q_1.778	0.81627444028129
10225	SH3PXD2A	SRR14800489	q_1.778	0.804724864708431
10226	IFIT3	SRR14800489	q_1.778	0.988640496092822
10227	PBX2	SRR14800489	q_1.778	0.710431031369328
10228	IRF3	SRR14800489	q_1.778	0.737684504136471
10229	SPIRE2	SRR14800489	q_1.778	0.908115192058313
10230	CYBB	SRR14800489	q_1.778	0.64861328678375
10231	ASMTL	SRR14800489	q_1.778	0.300107883305393
10232	ETFRF1	SRR14800489	q_1.778	0.469397739787433
10233	PDE7A	SRR14800489	q_1.778	0.812472272642869
10234	CDH24	SRR14800489	q_1.778	0.725314128961937
10235	RELCH	SRR14800489	q_1.778	0.911753734406514
10236	ZFP90	SRR14800489	q_1.778	0.811182122448847
10237	SAR1B	SRR14800489	q_1.778	0.757080831485097
10238	PPP1R2	SRR14800489	q_1.778	0.58636688123249
10239	ENSG00000254706	SRR14800489	q_1.778	0.967225178272302
10240	GSKIP	SRR14800489	q_1.778	0
10241	GDI1	SRR14800489	q_1.778	0.39019199106229
10242	PNPT1	SRR14800489	q_1.778	0.872126233616356
10243	ZNF714	SRR14800489	q_1.778	0.667665723761275
10244	SLC9A7	SRR14800489	q_1.778	0.477123227520009
10245	DNAJC24	SRR14800489	q_1.778	0.830671620546519
10246	TLN2	SRR14800489	q_1.778	0.941198528388565
10247	SRP72	SRR14800489	q_1.778	0.838968198807904
10248	NSA2	SRR14800489	q_1.778	0.416918131124758
10249	THY1	SRR14800489	q_1.778	0.556381424920587
10250	PICALM	SRR14800489	q_1.778	0.933612677894602
10251	GLB1L2	SRR14800489	q_1.778	0.400162364513798
10252	SNHG10	SRR14800489	q_1.778	0.784899596245752
10253	MEF2A	SRR14800489	q_1.778	0.8578487817736
10254	GIPR	SRR14800489	q_1.778	0.948511201523471
10255	LINC02362	SRR14800489	q_1.778	0.981326301322299
10256	ENSG00000274322	SRR14800489	q_1.778	0.225496248255023
10257	ENSG00000291072	SRR14800489	q_1.778	0.964980095237812
10258	A4GALT	SRR14800489	q_1.778	0.367082075874146
10259	EPB41L4A-AS1	SRR14800489	q_1.778	0.597771167714743
10260	NCF1C	SRR14800489	q_1.778	0.876756424251819
10261	FOXJ2	SRR14800488	q_1.778	0.169375625953251
10262	TMEM38A	SRR14800488	q_1.778	0.853292526430008
10263	CCNE1	SRR14800488	q_1.778	0.61732817011025
10264	MCOLN1	SRR14800488	q_1.778	0.31608661220042
10265	FBXO3	SRR14800488	q_1.778	0.903231353355706
10266	SLC25A16	SRR14800488	q_1.778	0.950364754948001
10267	ZNF710	SRR14800488	q_1.778	0.889230188385856
10268	TM7SF2	SRR14800488	q_1.778	0.56700856398946
10269	UBP1	SRR14800488	q_1.778	0.785831179120295
10270	SPICE1	SRR14800488	q_1.778	0.857727965623502
10271	NPY1R	SRR14800488	q_1.778	0.530891927853503
10272	CENPV	SRR14800488	q_1.778	0.94101040453735
10273	METTL26	SRR14800488	q_1.778	0.779534676750195
10274	MCC	SRR14800488	q_1.778	0.56880615897695
10275	REG3A	SRR14800488	q_1.778	0
10276	USP38	SRR14800488	q_1.778	0.914774920407453
10277	CYP2W1	SRR14800488	q_1.778	0
10278	NFKBIB	SRR14800488	q_1.778	0.830950454507604
10279	ING3	SRR14800488	q_1.778	0.904677763915001
10280	HIGD1A	SRR14800488	q_1.778	0.412160161535098
10281	DUOXA2	SRR14800488	q_1.778	0
10282	CCDC149	SRR14800488	q_1.778	0.782066072866288
10283	FAXDC2	SRR14800488	q_1.778	0.665691207854285
10284	THOC6	SRR14800488	q_1.778	0.403017024819151
10285	POLR2J4	SRR14800488	q_1.778	0.945952662894849
10286	SYNM	SRR14800488	q_1.778	0
10287	SPNS2	SRR14800488	q_1.778	0
10288	SRPRA	SRR14800488	q_1.778	0.425798716518051
10289	LINC03040	SRR14800488	q_1.778	0.596405914112841
10290	RAP1GDS1	SRR14800488	q_1.778	0.796959546563936
10291	ZNF493	SRR14800488	q_1.778	0.968127325610894
10292	VRK2	SRR14800488	q_1.778	0.924335934533578
10293	PMEPA1	SRR14800488	q_1.778	0.840410215508076
10294	CXCL12	SRR14800488	q_1.778	0.491656884974907
10295	EXOC1	SRR14800488	q_1.778	0.836677496070851
10296	FAM114A2	SRR14800488	q_1.778	0.889421373413864
10297	ANGEL2	SRR14800488	q_1.778	0.956100995410243
10298	TMEM183A	SRR14800488	q_1.778	0.79380854915586
10299	HDAC2	SRR14800488	q_1.778	0.891271288718993
10300	ATG5	SRR14800488	q_1.778	0.869934347777314
10301	SH3PXD2A	SRR14800488	q_1.778	0.711953901481306
10302	IFIT3	SRR14800488	q_1.778	0.987592192787941
10303	PBX2	SRR14800488	q_1.778	0.400912220415879
10304	IRF3	SRR14800488	q_1.778	0.867598448059561
10305	SPIRE2	SRR14800488	q_1.778	0.803238905121991
10306	CYBB	SRR14800488	q_1.778	0.693906082024117
10307	ASMTL	SRR14800488	q_1.778	0.0911058072881382
10308	ETFRF1	SRR14800488	q_1.778	0.52696430345141
10309	PDE7A	SRR14800488	q_1.778	0.786154010122682
10310	CDH24	SRR14800488	q_1.778	0.807246582410911
10311	RELCH	SRR14800488	q_1.778	0.855401615449511
10312	ZFP90	SRR14800488	q_1.778	0.755808972284461
10313	SAR1B	SRR14800488	q_1.778	0.635768565652034
10314	PPP1R2	SRR14800488	q_1.778	0.321993880423984
10315	ENSG00000254706	SRR14800488	q_1.778	0.797026697752635
10316	GSKIP	SRR14800488	q_1.778	0.738314415425091
10317	GDI1	SRR14800488	q_1.778	0.414854558258739
10318	PNPT1	SRR14800488	q_1.778	0.566700606834972
10319	ZNF714	SRR14800488	q_1.778	0.544740366094458
10320	SLC9A7	SRR14800488	q_1.778	0.250929475000808
10321	DNAJC24	SRR14800488	q_1.778	0.608675010386475
10322	TLN2	SRR14800488	q_1.778	0.950563003950455
10323	SRP72	SRR14800488	q_1.778	0.551026550227948
10324	NSA2	SRR14800488	q_1.778	0.891910285687717
10325	THY1	SRR14800488	q_1.778	0.75038478969194
10326	PICALM	SRR14800488	q_1.778	0.910280747671755
10327	GLB1L2	SRR14800488	q_1.778	0.400643604917902
10328	SNHG10	SRR14800488	q_1.778	0.790110887294949
10329	MEF2A	SRR14800488	q_1.778	0.673033805449211
10330	GIPR	SRR14800488	q_1.778	0.994704711527551
10331	LINC02362	SRR14800488	q_1.778	0.915665632799997
10332	ENSG00000274322	SRR14800488	q_1.778	0.324530538859133
10333	ENSG00000291072	SRR14800488	q_1.778	0.959034563105125
10334	A4GALT	SRR14800488	q_1.778	0.277792127196372
10335	EPB41L4A-AS1	SRR14800488	q_1.778	0.888481652521544
10336	NCF1C	SRR14800488	q_1.778	0
10337	FOXJ2	SRR14800479	q_1.778	0.296866306325618
10338	TMEM38A	SRR14800479	q_1.778	0.850854110946518
10339	CCNE1	SRR14800479	q_1.778	0.96337777264331
10340	MCOLN1	SRR14800479	q_1.778	0.756546587706944
10341	FBXO3	SRR14800479	q_1.778	0.834603061009195
10342	SLC25A16	SRR14800479	q_1.778	0.836973587517192
10343	ZNF710	SRR14800479	q_1.778	0.758013584298161
10344	TM7SF2	SRR14800479	q_1.778	0.52193929769448
10345	UBP1	SRR14800479	q_1.778	0.862179729105775
10346	SPICE1	SRR14800479	q_1.778	0.918493846073313
10347	NPY1R	SRR14800479	q_1.778	0
10348	CENPV	SRR14800479	q_1.778	0.955516748282152
10349	METTL26	SRR14800479	q_1.778	0.898959294868425
10350	MCC	SRR14800479	q_1.778	0.255079141057908
10351	REG3A	SRR14800479	q_1.778	0.976593526931638
10352	USP38	SRR14800479	q_1.778	0.862035553023081
10353	CYP2W1	SRR14800479	q_1.778	0.348664787258005
10354	NFKBIB	SRR14800479	q_1.778	0.813593896248312
10355	ING3	SRR14800479	q_1.778	0.970293004348734
10356	HIGD1A	SRR14800479	q_1.778	0.622234507558188
10357	DUOXA2	SRR14800479	q_1.778	0.80582267777452
10358	CCDC149	SRR14800479	q_1.778	0.866824900639175
10359	FAXDC2	SRR14800479	q_1.778	0.92876575274316
10360	THOC6	SRR14800479	q_1.778	0.429209508248316
10361	POLR2J4	SRR14800479	q_1.778	0.911256151531029
10362	SYNM	SRR14800479	q_1.778	0
10363	SPNS2	SRR14800479	q_1.778	0
10364	SRPRA	SRR14800479	q_1.778	0.498865339654106
10365	LINC03040	SRR14800479	q_1.778	0.957246365582289
10366	RAP1GDS1	SRR14800479	q_1.778	0.87543930674532
10367	ZNF493	SRR14800479	q_1.778	0.93256774565828
10368	VRK2	SRR14800479	q_1.778	0.922095641131034
10369	PMEPA1	SRR14800479	q_1.778	0.530100030717208
10370	CXCL12	SRR14800479	q_1.778	0.6479810922796
10371	EXOC1	SRR14800479	q_1.778	0.690254666862965
10372	FAM114A2	SRR14800479	q_1.778	0.921182014436549
10373	ANGEL2	SRR14800479	q_1.778	0.933719879323778
10374	TMEM183A	SRR14800479	q_1.778	0.780059206584302
10375	HDAC2	SRR14800479	q_1.778	0.855617766942082
10376	ATG5	SRR14800479	q_1.778	0.871218356146201
10377	SH3PXD2A	SRR14800479	q_1.778	0.788298748025614
10378	IFIT3	SRR14800479	q_1.778	0
10379	PBX2	SRR14800479	q_1.778	0.794186624946314
10380	IRF3	SRR14800479	q_1.778	0.825187411719705
10381	SPIRE2	SRR14800479	q_1.778	0.854317422619156
10382	CYBB	SRR14800479	q_1.778	0.584841471991038
10383	ASMTL	SRR14800479	q_1.778	0.395151284486296
10384	ETFRF1	SRR14800479	q_1.778	0.841418910435606
10385	PDE7A	SRR14800479	q_1.778	0.768958404837032
10386	CDH24	SRR14800479	q_1.778	0.732156387439395
10387	RELCH	SRR14800479	q_1.778	0.890464446470481
10388	ZFP90	SRR14800479	q_1.778	0.835032708431362
10389	SAR1B	SRR14800479	q_1.778	0.558409424332129
10390	PPP1R2	SRR14800479	q_1.778	0.207528356422863
10391	ENSG00000254706	SRR14800479	q_1.778	0
10392	GSKIP	SRR14800479	q_1.778	0.721306528076531
10393	GDI1	SRR14800479	q_1.778	0.592745227993147
10394	PNPT1	SRR14800479	q_1.778	0.784794906513531
10395	ZNF714	SRR14800479	q_1.778	0.905704478116873
10396	SLC9A7	SRR14800479	q_1.778	0
10397	DNAJC24	SRR14800479	q_1.778	0.755838380596964
10398	TLN2	SRR14800479	q_1.778	0.913936097471554
10399	SRP72	SRR14800479	q_1.778	0.512066424306258
10400	NSA2	SRR14800479	q_1.778	0.823355461484989
10401	THY1	SRR14800479	q_1.778	0.804100377307276
10402	PICALM	SRR14800479	q_1.778	0.918483433283389
10403	GLB1L2	SRR14800479	q_1.778	0.440269956582841
10404	SNHG10	SRR14800479	q_1.778	0.773287824238642
10405	MEF2A	SRR14800479	q_1.778	0.781802740770063
10406	GIPR	SRR14800479	q_1.778	0.91124983247298
10407	LINC02362	SRR14800479	q_1.778	0.816169101622957
10408	ENSG00000274322	SRR14800479	q_1.778	0.15230233483786
10409	ENSG00000291072	SRR14800479	q_1.778	0.905590024977175
10410	A4GALT	SRR14800479	q_1.778	0.108656333274628
10411	EPB41L4A-AS1	SRR14800479	q_1.778	0.698147445597815
10412	NCF1C	SRR14800479	q_1.778	0
10413	FOXJ2	SRR14800478	q_1.778	0.61323751797847
10414	TMEM38A	SRR14800478	q_1.778	0
10415	CCNE1	SRR14800478	q_1.778	0.795452741713801
10416	MCOLN1	SRR14800478	q_1.778	0.35401908035829
10417	FBXO3	SRR14800478	q_1.778	0.915400604830143
10418	SLC25A16	SRR14800478	q_1.778	0.954451709575564
10419	ZNF710	SRR14800478	q_1.778	0.969669651643802
10420	TM7SF2	SRR14800478	q_1.778	0.443696547692704
10421	UBP1	SRR14800478	q_1.778	0.691343537030609
10422	SPICE1	SRR14800478	q_1.778	0.884812642143173
10423	NPY1R	SRR14800478	q_1.778	0
10424	CENPV	SRR14800478	q_1.778	0.845533234196068
10425	METTL26	SRR14800478	q_1.778	0.908762535126585
10426	MCC	SRR14800478	q_1.778	0.451427102393831
10427	REG3A	SRR14800478	q_1.778	0.988721048994775
10428	USP38	SRR14800478	q_1.778	0.962008161960693
10429	CYP2W1	SRR14800478	q_1.778	0.987316477727318
10430	NFKBIB	SRR14800478	q_1.778	0.488641035784403
10431	ING3	SRR14800478	q_1.778	0.869486417584927
10432	HIGD1A	SRR14800478	q_1.778	0.357885695812211
10433	DUOXA2	SRR14800478	q_1.778	0.153540375006668
10434	CCDC149	SRR14800478	q_1.778	0.812767200431989
10435	FAXDC2	SRR14800478	q_1.778	0.85497880638409
10436	THOC6	SRR14800478	q_1.778	0.263577235788563
10437	POLR2J4	SRR14800478	q_1.778	0.936334366263542
10438	SYNM	SRR14800478	q_1.778	0.99994178683826
10439	SPNS2	SRR14800478	q_1.778	0.471501347409472
10440	SRPRA	SRR14800478	q_1.778	0.226351804483652
10441	LINC03040	SRR14800478	q_1.778	0.965175049606586
10442	RAP1GDS1	SRR14800478	q_1.778	0.897724972867096
10443	ZNF493	SRR14800478	q_1.778	0.947373787836586
10444	VRK2	SRR14800478	q_1.778	0.866015892562235
10445	PMEPA1	SRR14800478	q_1.778	0.828039010625754
10446	CXCL12	SRR14800478	q_1.778	0.791122138944936
10447	EXOC1	SRR14800478	q_1.778	0.769388728742479
10448	FAM114A2	SRR14800478	q_1.778	0.862269680194711
10449	ANGEL2	SRR14800478	q_1.778	0.922151062612052
10450	TMEM183A	SRR14800478	q_1.778	0.966484798053707
10451	HDAC2	SRR14800478	q_1.778	0.797986859913755
10452	ATG5	SRR14800478	q_1.778	0.864580041754561
10453	SH3PXD2A	SRR14800478	q_1.778	0.521564969813857
10454	IFIT3	SRR14800478	q_1.778	0.761021131401027
10455	PBX2	SRR14800478	q_1.778	0.924574367123002
10456	IRF3	SRR14800478	q_1.778	0.780469857992531
10457	SPIRE2	SRR14800478	q_1.778	0.852757665214466
10458	CYBB	SRR14800478	q_1.778	0.420456865641088
10459	ASMTL	SRR14800478	q_1.778	0
10460	ETFRF1	SRR14800478	q_1.778	0.61633551943713
10461	PDE7A	SRR14800478	q_1.778	0.950480367283259
10462	CDH24	SRR14800478	q_1.778	0.847566583745171
10463	RELCH	SRR14800478	q_1.778	0.877886162241651
10464	ZFP90	SRR14800478	q_1.778	0.807450816719585
10465	SAR1B	SRR14800478	q_1.778	0.772241580244397
10466	PPP1R2	SRR14800478	q_1.778	0.4178399260827
10467	ENSG00000254706	SRR14800478	q_1.778	0.759786956660909
10468	GSKIP	SRR14800478	q_1.778	0.622395850395131
10469	GDI1	SRR14800478	q_1.778	0.462926092039082
10470	PNPT1	SRR14800478	q_1.778	0.979238769815263
10471	ZNF714	SRR14800478	q_1.778	0.881699404165035
10472	SLC9A7	SRR14800478	q_1.778	0.354356008907379
10473	DNAJC24	SRR14800478	q_1.778	0.774960274913524
10474	TLN2	SRR14800478	q_1.778	0.775240246862493
10475	SRP72	SRR14800478	q_1.778	0.837211884746091
10476	NSA2	SRR14800478	q_1.778	0.390619986025518
10477	THY1	SRR14800478	q_1.778	0.732283316882113
10478	PICALM	SRR14800478	q_1.778	0.944845170114118
10479	GLB1L2	SRR14800478	q_1.778	0.240057553512344
10480	SNHG10	SRR14800478	q_1.778	0.825231298155335
10481	MEF2A	SRR14800478	q_1.778	0.8077602193182
10482	GIPR	SRR14800478	q_1.778	0.957783739653978
10483	LINC02362	SRR14800478	q_1.778	0.813800779395612
10484	ENSG00000274322	SRR14800478	q_1.778	0.254611873992362
10485	ENSG00000291072	SRR14800478	q_1.778	0.893822726089047
10486	A4GALT	SRR14800478	q_1.778	0.628045185189321
10487	EPB41L4A-AS1	SRR14800478	q_1.778	0.930089196165289
10488	NCF1C	SRR14800478	q_1.778	0
10489	FOXJ2	SRR14800487	q_1.778	0.708489053058631
10490	TMEM38A	SRR14800487	q_1.778	0.728663320662213
10491	CCNE1	SRR14800487	q_1.778	0.667759334244598
10492	MCOLN1	SRR14800487	q_1.778	0.460193417474578
10493	FBXO3	SRR14800487	q_1.778	0.958967531618138
10494	SLC25A16	SRR14800487	q_1.778	0.85711058519287
10495	ZNF710	SRR14800487	q_1.778	0.918113112509545
10496	TM7SF2	SRR14800487	q_1.778	0.232061442766332
10497	UBP1	SRR14800487	q_1.778	0.707940182149722
10498	SPICE1	SRR14800487	q_1.778	0.958214320225159
10499	NPY1R	SRR14800487	q_1.778	0.819685322256611
10500	CENPV	SRR14800487	q_1.778	0.79876290793506
10501	METTL26	SRR14800487	q_1.778	0.872273689718101
10502	MCC	SRR14800487	q_1.778	0.606519798975133
10503	REG3A	SRR14800487	q_1.778	0.99971149691245
10504	USP38	SRR14800487	q_1.778	0.963138532919642
10505	CYP2W1	SRR14800487	q_1.778	0
10506	NFKBIB	SRR14800487	q_1.778	0.343384492924794
10507	ING3	SRR14800487	q_1.778	0.955145693382404
10508	HIGD1A	SRR14800487	q_1.778	0.300581085000056
10509	DUOXA2	SRR14800487	q_1.778	0.594542816778456
10510	CCDC149	SRR14800487	q_1.778	0.795059941939043
10511	FAXDC2	SRR14800487	q_1.778	0.799388972728022
10512	THOC6	SRR14800487	q_1.778	0.108384058293348
10513	POLR2J4	SRR14800487	q_1.778	0.949885980315804
10514	SYNM	SRR14800487	q_1.778	0.995531637001421
10515	SPNS2	SRR14800487	q_1.778	0.260788322520424
10516	SRPRA	SRR14800487	q_1.778	0.195784138803811
10517	LINC03040	SRR14800487	q_1.778	0.88820281889353
10518	RAP1GDS1	SRR14800487	q_1.778	0.855593689292165
10519	ZNF493	SRR14800487	q_1.778	0.955854750630784
10520	VRK2	SRR14800487	q_1.778	0.794827409084444
10521	PMEPA1	SRR14800487	q_1.778	0.35165022460557
10522	CXCL12	SRR14800487	q_1.778	0.661189988435546
10523	EXOC1	SRR14800487	q_1.778	0.933499973156759
10524	FAM114A2	SRR14800487	q_1.778	0.853306682937416
10525	ANGEL2	SRR14800487	q_1.778	0.932531481338309
10526	TMEM183A	SRR14800487	q_1.778	0.892328568525375
10527	HDAC2	SRR14800487	q_1.778	0.825699928894919
10528	ATG5	SRR14800487	q_1.778	0.896640920304804
10529	SH3PXD2A	SRR14800487	q_1.778	0.690896094143797
10530	IFIT3	SRR14800487	q_1.778	0.836943241145268
10531	PBX2	SRR14800487	q_1.778	0.39086537528497
10532	IRF3	SRR14800487	q_1.778	0.663141737222396
10533	SPIRE2	SRR14800487	q_1.778	0.763913325943035
10534	CYBB	SRR14800487	q_1.778	0.539225583929817
10535	ASMTL	SRR14800487	q_1.778	0.210658572819709
10536	ETFRF1	SRR14800487	q_1.778	0.350679490786045
10537	PDE7A	SRR14800487	q_1.778	0.894711611848492
10538	CDH24	SRR14800487	q_1.778	0.642701452928242
10539	RELCH	SRR14800487	q_1.778	0.905553129000612
10540	ZFP90	SRR14800487	q_1.778	0.742098263102334
10541	SAR1B	SRR14800487	q_1.778	0.825393146047991
10542	PPP1R2	SRR14800487	q_1.778	0.437475509752061
10543	ENSG00000254706	SRR14800487	q_1.778	0.399185756047663
10544	GSKIP	SRR14800487	q_1.778	0.0336439367712949
10545	GDI1	SRR14800487	q_1.778	0.417572889486617
10546	PNPT1	SRR14800487	q_1.778	0.929101273642211
10547	ZNF714	SRR14800487	q_1.778	0.829060451036939
10548	SLC9A7	SRR14800487	q_1.778	0.73259454918396
10549	DNAJC24	SRR14800487	q_1.778	0.644681678173343
10550	TLN2	SRR14800487	q_1.778	0.842360135669237
10551	SRP72	SRR14800487	q_1.778	0.791248276490845
10552	NSA2	SRR14800487	q_1.778	0.163059301760718
10553	THY1	SRR14800487	q_1.778	0.469276014796116
10554	PICALM	SRR14800487	q_1.778	0.924495716452667
10555	GLB1L2	SRR14800487	q_1.778	0.345639237846443
10556	SNHG10	SRR14800487	q_1.778	0.845865121623915
10557	MEF2A	SRR14800487	q_1.778	0.858102839166718
10558	GIPR	SRR14800487	q_1.778	0.984686633188803
10559	LINC02362	SRR14800487	q_1.778	0.987781694767481
10560	ENSG00000274322	SRR14800487	q_1.778	0.207936635604351
10561	ENSG00000291072	SRR14800487	q_1.778	0.813487942827185
10562	A4GALT	SRR14800487	q_1.778	0.944095685636184
10563	EPB41L4A-AS1	SRR14800487	q_1.778	0.740988022072177
10564	NCF1C	SRR14800487	q_1.778	0.547035716290446
10565	FOXJ2	SRR14800486	q_1.778	0.106888827024441
10566	TMEM38A	SRR14800486	q_1.778	0.959342873512908
10567	CCNE1	SRR14800486	q_1.778	0.679149593689354
10568	MCOLN1	SRR14800486	q_1.778	0.361667054791358
10569	FBXO3	SRR14800486	q_1.778	0.95456356021262
10570	SLC25A16	SRR14800486	q_1.778	0.888085114919468
10571	ZNF710	SRR14800486	q_1.778	0.818334734961743
10572	TM7SF2	SRR14800486	q_1.778	0.250934425734139
10573	UBP1	SRR14800486	q_1.778	0.896159331049601
10574	SPICE1	SRR14800486	q_1.778	0.868513975976743
10575	NPY1R	SRR14800486	q_1.778	0.807125767490319
10576	CENPV	SRR14800486	q_1.778	0.867311296946876
10577	METTL26	SRR14800486	q_1.778	0.62045801343245
10578	MCC	SRR14800486	q_1.778	0.0438485669797313
10579	REG3A	SRR14800486	q_1.778	0.587411576403415
10580	USP38	SRR14800486	q_1.778	0.955706330037948
10581	CYP2W1	SRR14800486	q_1.778	0
10582	NFKBIB	SRR14800486	q_1.778	0.833255179294059
10583	ING3	SRR14800486	q_1.778	0.966128095349413
10584	HIGD1A	SRR14800486	q_1.778	0.36223036253562
10585	DUOXA2	SRR14800486	q_1.778	0.324134332490716
10586	CCDC149	SRR14800486	q_1.778	0.901374559266452
10587	FAXDC2	SRR14800486	q_1.778	0.873285646136826
10588	THOC6	SRR14800486	q_1.778	0.21208194827041
10589	POLR2J4	SRR14800486	q_1.778	0.931020115633948
10590	SYNM	SRR14800486	q_1.778	0.999805035982694
10591	SPNS2	SRR14800486	q_1.778	0
10592	SRPRA	SRR14800486	q_1.778	0.379814958593667
10593	LINC03040	SRR14800486	q_1.778	0.885709996490243
10594	RAP1GDS1	SRR14800486	q_1.778	0.911392659292881
10595	ZNF493	SRR14800486	q_1.778	0.905679882354059
10596	VRK2	SRR14800486	q_1.778	0.79962720810844
10597	PMEPA1	SRR14800486	q_1.778	0.524994815109983
10598	CXCL12	SRR14800486	q_1.778	0.807411998044082
10599	EXOC1	SRR14800486	q_1.778	0.864504318702963
10600	FAM114A2	SRR14800486	q_1.778	0.948712829809783
10601	ANGEL2	SRR14800486	q_1.778	0.894994630234225
10602	TMEM183A	SRR14800486	q_1.778	0.935371963609341
10603	HDAC2	SRR14800486	q_1.778	0.930584339491569
10604	ATG5	SRR14800486	q_1.778	0.915884025170427
10605	SH3PXD2A	SRR14800486	q_1.778	0.811194115137474
10606	IFIT3	SRR14800486	q_1.778	0.836822068786973
10607	PBX2	SRR14800486	q_1.778	0.528948136290913
10608	IRF3	SRR14800486	q_1.778	0.859492312149479
10609	SPIRE2	SRR14800486	q_1.778	0.842385562823323
10610	CYBB	SRR14800486	q_1.778	0.707098028604686
10611	ASMTL	SRR14800486	q_1.778	0.785391302908706
10612	ETFRF1	SRR14800486	q_1.778	0.424990194928312
10613	PDE7A	SRR14800486	q_1.778	0.873420039869908
10614	CDH24	SRR14800486	q_1.778	0.577390475946424
10615	RELCH	SRR14800486	q_1.778	0.950319929682681
10616	ZFP90	SRR14800486	q_1.778	0.631072865601427
10617	SAR1B	SRR14800486	q_1.778	0.593393305543499
10618	PPP1R2	SRR14800486	q_1.778	0.278487171740152
10619	ENSG00000254706	SRR14800486	q_1.778	0
10620	GSKIP	SRR14800486	q_1.778	0.642829421569702
10621	GDI1	SRR14800486	q_1.778	0.448008173197523
10622	PNPT1	SRR14800486	q_1.778	0.830463772965821
10623	ZNF714	SRR14800486	q_1.778	0.816523379205546
10624	SLC9A7	SRR14800486	q_1.778	0.407089452307315
10625	DNAJC24	SRR14800486	q_1.778	0.895219049931316
10626	TLN2	SRR14800486	q_1.778	0.925692189494833
10627	SRP72	SRR14800486	q_1.778	0.832356490286194
10628	NSA2	SRR14800486	q_1.778	0.489807615291398
10629	THY1	SRR14800486	q_1.778	0.613995470246669
10630	PICALM	SRR14800486	q_1.778	0.932652307637055
10631	GLB1L2	SRR14800486	q_1.778	0.343912741741866
10632	SNHG10	SRR14800486	q_1.778	0.856880987125917
10633	MEF2A	SRR14800486	q_1.778	0.795559823558852
10634	GIPR	SRR14800486	q_1.778	0.940609566831331
10635	LINC02362	SRR14800486	q_1.778	0.963587011951348
10636	ENSG00000274322	SRR14800486	q_1.778	0.283545355098283
10637	ENSG00000291072	SRR14800486	q_1.778	0.939433349143177
10638	A4GALT	SRR14800486	q_1.778	0.463991580085492
10639	EPB41L4A-AS1	SRR14800486	q_1.778	0.702417931964618
10640	NCF1C	SRR14800486	q_1.778	0.983005653916405
10641	FOXJ2	SRR14800485	q_1.778	0.114309185103398
10642	TMEM38A	SRR14800485	q_1.778	0.673394885749041
10643	CCNE1	SRR14800485	q_1.778	0.445036234362508
10644	MCOLN1	SRR14800485	q_1.778	0.45621368486559
10645	FBXO3	SRR14800485	q_1.778	0.965371608614578
10646	SLC25A16	SRR14800485	q_1.778	0.95833269869237
10647	ZNF710	SRR14800485	q_1.778	0.982097577691121
10648	TM7SF2	SRR14800485	q_1.778	0.0199666128171251
10649	UBP1	SRR14800485	q_1.778	0.743887286145835
10650	SPICE1	SRR14800485	q_1.778	0.924498219102032
10651	NPY1R	SRR14800485	q_1.778	0.527069497795347
10652	CENPV	SRR14800485	q_1.778	0.775990386482008
10653	METTL26	SRR14800485	q_1.778	0.811946150540853
10654	MCC	SRR14800485	q_1.778	0.615045415688491
10655	REG3A	SRR14800485	q_1.778	0.892197825863857
10656	USP38	SRR14800485	q_1.778	0.926987978942798
10657	CYP2W1	SRR14800485	q_1.778	0.380682399089585
10658	NFKBIB	SRR14800485	q_1.778	0.626961762050387
10659	ING3	SRR14800485	q_1.778	0.989086049627646
10660	HIGD1A	SRR14800485	q_1.778	0.411807091342485
10661	DUOXA2	SRR14800485	q_1.778	0.261732264803381
10662	CCDC149	SRR14800485	q_1.778	0.546415588217499
10663	FAXDC2	SRR14800485	q_1.778	0.713847146920503
10664	THOC6	SRR14800485	q_1.778	0.39674381964097
10665	POLR2J4	SRR14800485	q_1.778	0.806417909171905
10666	SYNM	SRR14800485	q_1.778	0.94350073959217
10667	SPNS2	SRR14800485	q_1.778	0.422579089942029
10668	SRPRA	SRR14800485	q_1.778	0.392441912270012
10669	LINC03040	SRR14800485	q_1.778	0.99207516287013
10670	RAP1GDS1	SRR14800485	q_1.778	0.934006344285548
10671	ZNF493	SRR14800485	q_1.778	0.961567310415805
10672	VRK2	SRR14800485	q_1.778	0.859724205944326
10673	PMEPA1	SRR14800485	q_1.778	0.099678087373426
10674	CXCL12	SRR14800485	q_1.778	0.915715108452127
10675	EXOC1	SRR14800485	q_1.778	0.692179546870565
10676	FAM114A2	SRR14800485	q_1.778	0.932814933780808
10677	ANGEL2	SRR14800485	q_1.778	0.962258006829248
10678	TMEM183A	SRR14800485	q_1.778	0.884355857607367
10679	HDAC2	SRR14800485	q_1.778	0.814448298976776
10680	ATG5	SRR14800485	q_1.778	0.909853577918965
10681	SH3PXD2A	SRR14800485	q_1.778	0.787634675833919
10682	IFIT3	SRR14800485	q_1.778	0.979112630869112
10683	PBX2	SRR14800485	q_1.778	0.612856584811198
10684	IRF3	SRR14800485	q_1.778	0.781268098692542
10685	SPIRE2	SRR14800485	q_1.778	0.869626222274569
10686	CYBB	SRR14800485	q_1.778	0.555784464670856
10687	ASMTL	SRR14800485	q_1.778	0.535098831077593
10688	ETFRF1	SRR14800485	q_1.778	0.559418052230822
10689	PDE7A	SRR14800485	q_1.778	0.83660743110812
10690	CDH24	SRR14800485	q_1.778	0.991197699829798
10691	RELCH	SRR14800485	q_1.778	0.913690528544166
10692	ZFP90	SRR14800485	q_1.778	0.702365247249289
10693	SAR1B	SRR14800485	q_1.778	0.703096233802906
10694	PPP1R2	SRR14800485	q_1.778	0.29033737919723
10695	ENSG00000254706	SRR14800485	q_1.778	0.82459884870398
10696	GSKIP	SRR14800485	q_1.778	0.722919798080102
10697	GDI1	SRR14800485	q_1.778	0.485870016507435
10698	PNPT1	SRR14800485	q_1.778	0.898877868308291
10699	ZNF714	SRR14800485	q_1.778	0.866086334955896
10700	SLC9A7	SRR14800485	q_1.778	0.712122809256379
10701	DNAJC24	SRR14800485	q_1.778	0.697612121943491
10702	TLN2	SRR14800485	q_1.778	0.92430472473724
10703	SRP72	SRR14800485	q_1.778	0.858583264182717
10704	NSA2	SRR14800485	q_1.778	0.525850842303113
10705	THY1	SRR14800485	q_1.778	0.544517528602804
10706	PICALM	SRR14800485	q_1.778	0.933990119929201
10707	GLB1L2	SRR14800485	q_1.778	0.415348794840857
10708	SNHG10	SRR14800485	q_1.778	0.71675351899069
10709	MEF2A	SRR14800485	q_1.778	0.665262900021206
10710	GIPR	SRR14800485	q_1.778	0
10711	LINC02362	SRR14800485	q_1.778	0.932298040991072
10712	ENSG00000274322	SRR14800485	q_1.778	0.375292242111716
10713	ENSG00000291072	SRR14800485	q_1.778	0.949875901924701
10714	A4GALT	SRR14800485	q_1.778	0.900345934930637
10715	EPB41L4A-AS1	SRR14800485	q_1.778	0.719448455485342
10716	NCF1C	SRR14800485	q_1.778	0.838380566568858
10717	FOXJ2	SRR14800484	q_1.778	0.683750075558682
10718	TMEM38A	SRR14800484	q_1.778	0.765302699676042
10719	CCNE1	SRR14800484	q_1.778	0.822994616555168
10720	MCOLN1	SRR14800484	q_1.778	0.251344246795561
10721	FBXO3	SRR14800484	q_1.778	0.929929443448693
10722	SLC25A16	SRR14800484	q_1.778	0.969156573099339
10723	ZNF710	SRR14800484	q_1.778	0.864814388388697
10724	TM7SF2	SRR14800484	q_1.778	0.169824529044512
10725	UBP1	SRR14800484	q_1.778	0.703424309951981
10726	SPICE1	SRR14800484	q_1.778	0.840884214475192
10727	NPY1R	SRR14800484	q_1.778	0.646768864571226
10728	CENPV	SRR14800484	q_1.778	0.825404986209556
10729	METTL26	SRR14800484	q_1.778	0.869039498163454
10730	MCC	SRR14800484	q_1.778	0.440578172488336
10731	REG3A	SRR14800484	q_1.778	0.646332452606257
10732	USP38	SRR14800484	q_1.778	0.822383930889057
10733	CYP2W1	SRR14800484	q_1.778	0.73600278705017
10734	NFKBIB	SRR14800484	q_1.778	0.504718072420555
10735	ING3	SRR14800484	q_1.778	0.960682035752915
10736	HIGD1A	SRR14800484	q_1.778	0.647722027824134
10737	DUOXA2	SRR14800484	q_1.778	0.394554331934561
10738	CCDC149	SRR14800484	q_1.778	0.713009878017684
10739	FAXDC2	SRR14800484	q_1.778	0.825018317339548
10740	THOC6	SRR14800484	q_1.778	0.229667589799169
10741	POLR2J4	SRR14800484	q_1.778	0.965037055175647
10742	SYNM	SRR14800484	q_1.778	0.954744786875375
10743	SPNS2	SRR14800484	q_1.778	0
10744	SRPRA	SRR14800484	q_1.778	0.239162801829509
10745	LINC03040	SRR14800484	q_1.778	0.977169517497404
10746	RAP1GDS1	SRR14800484	q_1.778	0.778319267154229
10747	ZNF493	SRR14800484	q_1.778	0.988618661495551
10748	VRK2	SRR14800484	q_1.778	0.928837301753705
10749	PMEPA1	SRR14800484	q_1.778	0.88980126924286
10750	CXCL12	SRR14800484	q_1.778	0.859286530639991
10751	EXOC1	SRR14800484	q_1.778	0.820369988392706
10752	FAM114A2	SRR14800484	q_1.778	0.928216073078599
10753	ANGEL2	SRR14800484	q_1.778	0.915699678577033
10754	TMEM183A	SRR14800484	q_1.778	0.873191342106348
10755	HDAC2	SRR14800484	q_1.778	0.929713617095435
10756	ATG5	SRR14800484	q_1.778	0.94418336021173
10757	SH3PXD2A	SRR14800484	q_1.778	0.751037598269598
10758	IFIT3	SRR14800484	q_1.778	0.847167645078894
10759	PBX2	SRR14800484	q_1.778	0.677058539015545
10760	IRF3	SRR14800484	q_1.778	0.717987991646972
10761	SPIRE2	SRR14800484	q_1.778	0.808881662505955
10762	CYBB	SRR14800484	q_1.778	0.690410129412573
10763	ASMTL	SRR14800484	q_1.778	0.325414067272489
10764	ETFRF1	SRR14800484	q_1.778	0.722181260174714
10765	PDE7A	SRR14800484	q_1.778	0.916793124762664
10766	CDH24	SRR14800484	q_1.778	0.792795975044483
10767	RELCH	SRR14800484	q_1.778	0.933928446935236
10768	ZFP90	SRR14800484	q_1.778	0.892569633249721
10769	SAR1B	SRR14800484	q_1.778	0.718245629068482
10770	PPP1R2	SRR14800484	q_1.778	0.114805857484722
10771	ENSG00000254706	SRR14800484	q_1.778	0.420826102841565
10772	GSKIP	SRR14800484	q_1.778	0.0393707147881039
10773	GDI1	SRR14800484	q_1.778	0.230392498994772
10774	PNPT1	SRR14800484	q_1.778	0.955017771154892
10775	ZNF714	SRR14800484	q_1.778	0.851415358466232
10776	SLC9A7	SRR14800484	q_1.778	0.562452347031629
10777	DNAJC24	SRR14800484	q_1.778	0.829696255667257
10778	TLN2	SRR14800484	q_1.778	0.862803097385718
10779	SRP72	SRR14800484	q_1.778	0.784600824638213
10780	NSA2	SRR14800484	q_1.778	0.476189020731923
10781	THY1	SRR14800484	q_1.778	0.493277204838541
10782	PICALM	SRR14800484	q_1.778	0.914514649127748
10783	GLB1L2	SRR14800484	q_1.778	0.3210531765073
10784	SNHG10	SRR14800484	q_1.778	0.813121237395712
10785	MEF2A	SRR14800484	q_1.778	0.700251519272582
10786	GIPR	SRR14800484	q_1.778	0.720606617492582
10787	LINC02362	SRR14800484	q_1.778	0.911398836284825
10788	ENSG00000274322	SRR14800484	q_1.778	0.244842046703825
10789	ENSG00000291072	SRR14800484	q_1.778	0.835319013694511
10790	A4GALT	SRR14800484	q_1.778	0.514028333134537
10791	EPB41L4A-AS1	SRR14800484	q_1.778	0.763520803792038
10792	NCF1C	SRR14800484	q_1.778	0.838540771088933
10793	FOXJ2	SRR14800483	q_1.778	0.373969588844142
10794	TMEM38A	SRR14800483	q_1.778	0.947231424798991
10795	CCNE1	SRR14800483	q_1.778	0.754245038659857
10796	MCOLN1	SRR14800483	q_1.778	0.780731852706139
10797	FBXO3	SRR14800483	q_1.778	0.953025311254705
10798	SLC25A16	SRR14800483	q_1.778	0.882994428594883
10799	ZNF710	SRR14800483	q_1.778	0.998618199127808
10800	TM7SF2	SRR14800483	q_1.778	0.612296736419174
10801	UBP1	SRR14800483	q_1.778	0.74744165546823
10802	SPICE1	SRR14800483	q_1.778	0.832692738304518
10803	NPY1R	SRR14800483	q_1.778	0
10804	CENPV	SRR14800483	q_1.778	0.877291967560135
10805	METTL26	SRR14800483	q_1.778	0.843842905966927
10806	MCC	SRR14800483	q_1.778	0.296292466763195
10807	REG3A	SRR14800483	q_1.778	0.639345357018173
10808	USP38	SRR14800483	q_1.778	0.978944774585211
10809	CYP2W1	SRR14800483	q_1.778	0.350647397106649
10810	NFKBIB	SRR14800483	q_1.778	0.561164701527504
10811	ING3	SRR14800483	q_1.778	0.988456391535018
10812	HIGD1A	SRR14800483	q_1.778	0.8404309639373
10813	DUOXA2	SRR14800483	q_1.778	0.859056090645968
10814	CCDC149	SRR14800483	q_1.778	0.856354305855234
10815	FAXDC2	SRR14800483	q_1.778	0.530742868954086
10816	THOC6	SRR14800483	q_1.778	0.487227362339511
10817	POLR2J4	SRR14800483	q_1.778	0.957008724336855
10818	SYNM	SRR14800483	q_1.778	0.953954712917211
10819	SPNS2	SRR14800483	q_1.778	0.599884603823756
10820	SRPRA	SRR14800483	q_1.778	0.471644305665685
10821	LINC03040	SRR14800483	q_1.778	0.990106113237176
10822	RAP1GDS1	SRR14800483	q_1.778	0.942179487698418
10823	ZNF493	SRR14800483	q_1.778	0.949674238179332
10824	VRK2	SRR14800483	q_1.778	0.766777988433322
10825	PMEPA1	SRR14800483	q_1.778	0.472182469644674
10826	CXCL12	SRR14800483	q_1.778	0.856986319725035
10827	EXOC1	SRR14800483	q_1.778	0.928724684280495
10828	FAM114A2	SRR14800483	q_1.778	0.884393009425223
10829	ANGEL2	SRR14800483	q_1.778	0.901213493635362
10830	TMEM183A	SRR14800483	q_1.778	0.836764541506808
10831	HDAC2	SRR14800483	q_1.778	0.811721683790469
10832	ATG5	SRR14800483	q_1.778	0.98442965052681
10833	SH3PXD2A	SRR14800483	q_1.778	0.262796477372125
10834	IFIT3	SRR14800483	q_1.778	0.731461379409945
10835	PBX2	SRR14800483	q_1.778	0.813019534599441
10836	IRF3	SRR14800483	q_1.778	0.753573213427157
10837	SPIRE2	SRR14800483	q_1.778	0.890188489204162
10838	CYBB	SRR14800483	q_1.778	0.719227507573685
10839	ASMTL	SRR14800483	q_1.778	0.627037282937883
10840	ETFRF1	SRR14800483	q_1.778	0.357940032587298
10841	PDE7A	SRR14800483	q_1.778	0.914549469814244
10842	CDH24	SRR14800483	q_1.778	0.96954914502622
10843	RELCH	SRR14800483	q_1.778	0.90002628043811
10844	ZFP90	SRR14800483	q_1.778	0.638454770032976
10845	SAR1B	SRR14800483	q_1.778	0.66727077497592
10846	PPP1R2	SRR14800483	q_1.778	0.513294228759459
10847	ENSG00000254706	SRR14800483	q_1.778	0.574417659681014
10848	GSKIP	SRR14800483	q_1.778	0
10849	GDI1	SRR14800483	q_1.778	0.588506473699983
10850	PNPT1	SRR14800483	q_1.778	0.94859765434502
10851	ZNF714	SRR14800483	q_1.778	0.920195665514075
10852	SLC9A7	SRR14800483	q_1.778	0
10853	DNAJC24	SRR14800483	q_1.778	0.868514491363411
10854	TLN2	SRR14800483	q_1.778	0.919584236183945
10855	SRP72	SRR14800483	q_1.778	0.797705159809833
10856	NSA2	SRR14800483	q_1.778	0.468294558744616
10857	THY1	SRR14800483	q_1.778	0.376505464961582
10858	PICALM	SRR14800483	q_1.778	0.864792722380289
10859	GLB1L2	SRR14800483	q_1.778	0.465648432442427
10860	SNHG10	SRR14800483	q_1.778	0.803780452622457
10861	MEF2A	SRR14800483	q_1.778	0.935105136680714
10862	GIPR	SRR14800483	q_1.778	0.290711207003027
10863	LINC02362	SRR14800483	q_1.778	0.949369558731075
10864	ENSG00000274322	SRR14800483	q_1.778	0.164117851423915
10865	ENSG00000291072	SRR14800483	q_1.778	0.867440248803288
10866	A4GALT	SRR14800483	q_1.778	0.558160703536492
10867	EPB41L4A-AS1	SRR14800483	q_1.778	0.705059744148641
10868	NCF1C	SRR14800483	q_1.778	0.854254148386941
10869	FOXJ2	SRR14800482	q_1.778	0.640593328096513
10870	TMEM38A	SRR14800482	q_1.778	0.707812974585196
10871	CCNE1	SRR14800482	q_1.778	0.688949874371061
10872	MCOLN1	SRR14800482	q_1.778	0.380886841810335
10873	FBXO3	SRR14800482	q_1.778	0.937809740154847
10874	SLC25A16	SRR14800482	q_1.778	0.960847548646764
10875	ZNF710	SRR14800482	q_1.778	0.862888690864747
10876	TM7SF2	SRR14800482	q_1.778	0.134401797963639
10877	UBP1	SRR14800482	q_1.778	0.776130429839327
10878	SPICE1	SRR14800482	q_1.778	0.813861012016093
10879	NPY1R	SRR14800482	q_1.778	0.194155921511015
10880	CENPV	SRR14800482	q_1.778	0.873236774137381
10881	METTL26	SRR14800482	q_1.778	0.907167421437802
10882	MCC	SRR14800482	q_1.778	0.567283059877276
10883	REG3A	SRR14800482	q_1.778	0.998057677841644
10884	USP38	SRR14800482	q_1.778	0.932315970872098
10885	CYP2W1	SRR14800482	q_1.778	0.41186712265946
10886	NFKBIB	SRR14800482	q_1.778	0.701702909819915
10887	ING3	SRR14800482	q_1.778	0.956974531482358
10888	HIGD1A	SRR14800482	q_1.778	0.378028903389866
10889	DUOXA2	SRR14800482	q_1.778	0.06426831074999
10890	CCDC149	SRR14800482	q_1.778	0.720740028151298
10891	FAXDC2	SRR14800482	q_1.778	0.775771574277887
10892	THOC6	SRR14800482	q_1.778	0.106900302934804
10893	POLR2J4	SRR14800482	q_1.778	0.899544676973736
10894	SYNM	SRR14800482	q_1.778	0
10895	SPNS2	SRR14800482	q_1.778	0.485923460435038
10896	SRPRA	SRR14800482	q_1.778	0.295529588987637
10897	LINC03040	SRR14800482	q_1.778	0.961928162632096
10898	RAP1GDS1	SRR14800482	q_1.778	0.962068401418958
10899	ZNF493	SRR14800482	q_1.778	0.953451480524349
10900	VRK2	SRR14800482	q_1.778	0.78710829089055
10901	PMEPA1	SRR14800482	q_1.778	0.668514826375006
10902	CXCL12	SRR14800482	q_1.778	0.909881400696459
10903	EXOC1	SRR14800482	q_1.778	0.830954106393716
10904	FAM114A2	SRR14800482	q_1.778	0.927912945393513
10905	ANGEL2	SRR14800482	q_1.778	0.930475623766402
10906	TMEM183A	SRR14800482	q_1.778	0.921060512017799
10907	HDAC2	SRR14800482	q_1.778	0.832212248309919
10908	ATG5	SRR14800482	q_1.778	0.846799437834594
10909	SH3PXD2A	SRR14800482	q_1.778	0.857169067837231
10910	IFIT3	SRR14800482	q_1.778	0.97930597792843
10911	PBX2	SRR14800482	q_1.778	0.315704219128538
10912	IRF3	SRR14800482	q_1.778	0.831845410477589
10913	SPIRE2	SRR14800482	q_1.778	0.733977399950761
10914	CYBB	SRR14800482	q_1.778	0
10915	ASMTL	SRR14800482	q_1.778	0.548754001550324
10916	ETFRF1	SRR14800482	q_1.778	0.697963167825455
10917	PDE7A	SRR14800482	q_1.778	0.913540316525752
10918	CDH24	SRR14800482	q_1.778	0.752448748996904
10919	RELCH	SRR14800482	q_1.778	0.932497535172013
10920	ZFP90	SRR14800482	q_1.778	0.830604180472022
10921	SAR1B	SRR14800482	q_1.778	0.708667074827689
10922	PPP1R2	SRR14800482	q_1.778	0.171387130411645
10923	ENSG00000254706	SRR14800482	q_1.778	0.858297853686526
10924	GSKIP	SRR14800482	q_1.778	0.748432094871217
10925	GDI1	SRR14800482	q_1.778	0.364591768617427
10926	PNPT1	SRR14800482	q_1.778	0.789070030418601
10927	ZNF714	SRR14800482	q_1.778	0.913584524404035
10928	SLC9A7	SRR14800482	q_1.778	0.738990109002913
10929	DNAJC24	SRR14800482	q_1.778	0.716178828124764
10930	TLN2	SRR14800482	q_1.778	0.834042265911462
10931	SRP72	SRR14800482	q_1.778	0.617713535229489
10932	NSA2	SRR14800482	q_1.778	0.894660335223253
10933	THY1	SRR14800482	q_1.778	0.774472621201093
10934	PICALM	SRR14800482	q_1.778	0.899192296394633
10935	GLB1L2	SRR14800482	q_1.778	0.196830080951377
10936	SNHG10	SRR14800482	q_1.778	0.670531076952149
10937	MEF2A	SRR14800482	q_1.778	0.830222115378527
10938	GIPR	SRR14800482	q_1.778	0.993052626299892
10939	LINC02362	SRR14800482	q_1.778	0.815293894914092
10940	ENSG00000274322	SRR14800482	q_1.778	0.654559759104283
10941	ENSG00000291072	SRR14800482	q_1.778	0.926790763443344
10942	A4GALT	SRR14800482	q_1.778	0.522281548382457
10943	EPB41L4A-AS1	SRR14800482	q_1.778	0.848902879983779
10944	NCF1C	SRR14800482	q_1.778	0
10945	FOXJ2	SRR14800481	q_2.000	0.485175445966685
10946	TMEM38A	SRR14800481	q_2.000	0.644007832606571
10947	CCNE1	SRR14800481	q_2.000	0.374176629591769
10948	MCOLN1	SRR14800481	q_2.000	0.151951613483619
10949	FBXO3	SRR14800481	q_2.000	0.944197630049716
10950	SLC25A16	SRR14800481	q_2.000	0.903442422503075
10951	ZNF710	SRR14800481	q_2.000	0.856935000562637
10952	TM7SF2	SRR14800481	q_2.000	0.48393471627851
10953	UBP1	SRR14800481	q_2.000	0.748629983239321
10954	SPICE1	SRR14800481	q_2.000	0.836969361946657
10955	NPY1R	SRR14800481	q_2.000	0.394822343108741
10956	CENPV	SRR14800481	q_2.000	0.938487182357643
10957	METTL26	SRR14800481	q_2.000	0.705668421708376
10958	MCC	SRR14800481	q_2.000	0.0445646919064497
10959	REG3A	SRR14800481	q_2.000	NA
10960	USP38	SRR14800481	q_2.000	0.953844071960157
10961	CYP2W1	SRR14800481	q_2.000	0.308009397055269
10962	NFKBIB	SRR14800481	q_2.000	0.967506572447452
10963	ING3	SRR14800481	q_2.000	0.951067836994167
10964	HIGD1A	SRR14800481	q_2.000	0.493216607580728
10965	DUOXA2	SRR14800481	q_2.000	0
10966	CCDC149	SRR14800481	q_2.000	0.545049564365664
10967	FAXDC2	SRR14800481	q_2.000	0.737999968554075
10968	THOC6	SRR14800481	q_2.000	0.313887848717388
10969	POLR2J4	SRR14800481	q_2.000	0.961030638681966
10970	SYNM	SRR14800481	q_2.000	0
10971	SPNS2	SRR14800481	q_2.000	0.904763232003602
10972	SRPRA	SRR14800481	q_2.000	0.263676295410745
10973	LINC03040	SRR14800481	q_2.000	0.486477128529141
10974	RAP1GDS1	SRR14800481	q_2.000	0.783336147738293
10975	ZNF493	SRR14800481	q_2.000	0.987277784550063
10976	VRK2	SRR14800481	q_2.000	0.838933957980974
10977	PMEPA1	SRR14800481	q_2.000	0.654966698434894
10978	CXCL12	SRR14800481	q_2.000	0.449572566566734
10979	EXOC1	SRR14800481	q_2.000	0.751515858302414
10980	FAM114A2	SRR14800481	q_2.000	0.7987304558129
10981	ANGEL2	SRR14800481	q_2.000	0.932206369736476
10982	TMEM183A	SRR14800481	q_2.000	0.822561915571433
10983	HDAC2	SRR14800481	q_2.000	0.792885578086965
10984	ATG5	SRR14800481	q_2.000	0.840880907423504
10985	SH3PXD2A	SRR14800481	q_2.000	0.881031281649128
10986	IFIT3	SRR14800481	q_2.000	0.739345210784074
10987	PBX2	SRR14800481	q_2.000	0.58149164259109
10988	IRF3	SRR14800481	q_2.000	0.856809560108122
10989	SPIRE2	SRR14800481	q_2.000	0.822352933977467
10990	CYBB	SRR14800481	q_2.000	0.674315353076655
10991	ASMTL	SRR14800481	q_2.000	0.345143004699959
10992	ETFRF1	SRR14800481	q_2.000	0.482788764889111
10993	PDE7A	SRR14800481	q_2.000	0.962237126478981
10994	CDH24	SRR14800481	q_2.000	0.959443371189797
10995	RELCH	SRR14800481	q_2.000	0.929446212361377
10996	ZFP90	SRR14800481	q_2.000	0.832196477410702
10997	SAR1B	SRR14800481	q_2.000	0.545189454635663
10998	PPP1R2	SRR14800481	q_2.000	0.27088340131426
10999	ENSG00000254706	SRR14800481	q_2.000	0.890554015341917
11000	GSKIP	SRR14800481	q_2.000	0.667423719360538
11001	GDI1	SRR14800481	q_2.000	0.351211180156891
11002	PNPT1	SRR14800481	q_2.000	0.373792765456809
11003	ZNF714	SRR14800481	q_2.000	0.929467983315165
11004	SLC9A7	SRR14800481	q_2.000	0
11005	DNAJC24	SRR14800481	q_2.000	0.777676659182628
11006	TLN2	SRR14800481	q_2.000	0.880729734380407
11007	SRP72	SRR14800481	q_2.000	0.734512633515872
11008	NSA2	SRR14800481	q_2.000	0.888443989979331
11009	THY1	SRR14800481	q_2.000	0.710742936374743
11010	PICALM	SRR14800481	q_2.000	0.839088980272003
11011	GLB1L2	SRR14800481	q_2.000	0.302006124685426
11012	SNHG10	SRR14800481	q_2.000	0.920523912955874
11013	MEF2A	SRR14800481	q_2.000	0.850994102752108
11014	GIPR	SRR14800481	q_2.000	0.87170129005661
11015	LINC02362	SRR14800481	q_2.000	0.880573490435718
11016	ENSG00000274322	SRR14800481	q_2.000	0.548921998902432
11017	ENSG00000291072	SRR14800481	q_2.000	0.935620165517566
11018	A4GALT	SRR14800481	q_2.000	0.469766697861925
11019	EPB41L4A-AS1	SRR14800481	q_2.000	0.929020998773797
11020	NCF1C	SRR14800481	q_2.000	0.708171014062062
11021	FOXJ2	SRR14800480	q_2.000	0.788109419181533
11022	TMEM38A	SRR14800480	q_2.000	0.423773770187669
11023	CCNE1	SRR14800480	q_2.000	0.746977440283148
11024	MCOLN1	SRR14800480	q_2.000	0.616420504109723
11025	FBXO3	SRR14800480	q_2.000	0.900925257898562
11026	SLC25A16	SRR14800480	q_2.000	0.847080106954118
11027	ZNF710	SRR14800480	q_2.000	0.861007240299876
11028	TM7SF2	SRR14800480	q_2.000	0.381358885894519
11029	UBP1	SRR14800480	q_2.000	0.710890523078822
11030	SPICE1	SRR14800480	q_2.000	0.842473201805586
11031	NPY1R	SRR14800480	q_2.000	0.860665543959084
11032	CENPV	SRR14800480	q_2.000	0.902908645402554
11033	METTL26	SRR14800480	q_2.000	0.765052975189429
11034	MCC	SRR14800480	q_2.000	0.299746366058817
11035	REG3A	SRR14800480	q_2.000	0.976795114346851
11036	USP38	SRR14800480	q_2.000	0.95689424458215
11037	CYP2W1	SRR14800480	q_2.000	0.409105029055341
11038	NFKBIB	SRR14800480	q_2.000	0.657765339543845
11039	ING3	SRR14800480	q_2.000	0.988814168525282
11040	HIGD1A	SRR14800480	q_2.000	0.91499559482472
11041	DUOXA2	SRR14800480	q_2.000	0
11042	CCDC149	SRR14800480	q_2.000	0.953163927125032
11043	FAXDC2	SRR14800480	q_2.000	0.916714465230904
11044	THOC6	SRR14800480	q_2.000	0.377980082959862
11045	POLR2J4	SRR14800480	q_2.000	0.953699997732499
11046	SYNM	SRR14800480	q_2.000	0.999565503575666
11047	SPNS2	SRR14800480	q_2.000	0.717839720752107
11048	SRPRA	SRR14800480	q_2.000	0.32967785958631
11049	LINC03040	SRR14800480	q_2.000	0.677336687016194
11050	RAP1GDS1	SRR14800480	q_2.000	0.888705466431313
11051	ZNF493	SRR14800480	q_2.000	0.956856521693716
11052	VRK2	SRR14800480	q_2.000	0.810404927278015
11053	PMEPA1	SRR14800480	q_2.000	0.558183247285354
11054	CXCL12	SRR14800480	q_2.000	0.562003039726801
11055	EXOC1	SRR14800480	q_2.000	0.684920416472553
11056	FAM114A2	SRR14800480	q_2.000	0.79604878115036
11057	ANGEL2	SRR14800480	q_2.000	0.898364141619474
11058	TMEM183A	SRR14800480	q_2.000	0.90812505142457
11059	HDAC2	SRR14800480	q_2.000	0.837301715863998
11060	ATG5	SRR14800480	q_2.000	0.814608001872053
11061	SH3PXD2A	SRR14800480	q_2.000	0.700997887526688
11062	IFIT3	SRR14800480	q_2.000	0.636116270775755
11063	PBX2	SRR14800480	q_2.000	0.808717546107558
11064	IRF3	SRR14800480	q_2.000	0.811595005868246
11065	SPIRE2	SRR14800480	q_2.000	0.848161429793447
11066	CYBB	SRR14800480	q_2.000	0.522682069972529
11067	ASMTL	SRR14800480	q_2.000	0.143790822519035
11068	ETFRF1	SRR14800480	q_2.000	0.661721072403698
11069	PDE7A	SRR14800480	q_2.000	0.968269862448409
11070	CDH24	SRR14800480	q_2.000	0.40945139962424
11071	RELCH	SRR14800480	q_2.000	0.96559925077271
11072	ZFP90	SRR14800480	q_2.000	0.833417474973643
11073	SAR1B	SRR14800480	q_2.000	0.830666497085785
11074	PPP1R2	SRR14800480	q_2.000	0.229330492461339
11075	ENSG00000254706	SRR14800480	q_2.000	0.266707534447807
11076	GSKIP	SRR14800480	q_2.000	0.561208999906459
11077	GDI1	SRR14800480	q_2.000	0.54291330957031
11078	PNPT1	SRR14800480	q_2.000	0.919778228696541
11079	ZNF714	SRR14800480	q_2.000	0.881262652694837
11080	SLC9A7	SRR14800480	q_2.000	0.374842811487815
11081	DNAJC24	SRR14800480	q_2.000	0.724450987219591
11082	TLN2	SRR14800480	q_2.000	0.912975698435076
11083	SRP72	SRR14800480	q_2.000	0.829349369241033
11084	NSA2	SRR14800480	q_2.000	0.297391873499046
11085	THY1	SRR14800480	q_2.000	0.743217054369126
11086	PICALM	SRR14800480	q_2.000	0.924889948339635
11087	GLB1L2	SRR14800480	q_2.000	0.28678915570215
11088	SNHG10	SRR14800480	q_2.000	0.57672152459249
11089	MEF2A	SRR14800480	q_2.000	0.861130732832471
11090	GIPR	SRR14800480	q_2.000	0.959336064855067
11091	LINC02362	SRR14800480	q_2.000	0.975315367434043
11092	ENSG00000274322	SRR14800480	q_2.000	0.462724226005797
11093	ENSG00000291072	SRR14800480	q_2.000	0.990107965187874
11094	A4GALT	SRR14800480	q_2.000	0.395211940192013
11095	EPB41L4A-AS1	SRR14800480	q_2.000	0.891637499006923
11096	NCF1C	SRR14800480	q_2.000	0.876238088047987
11097	FOXJ2	SRR14800477	q_2.000	0.765855856454218
11098	TMEM38A	SRR14800477	q_2.000	0.323237746282388
11099	CCNE1	SRR14800477	q_2.000	0
11100	MCOLN1	SRR14800477	q_2.000	0.637064453092292
11101	FBXO3	SRR14800477	q_2.000	0.992067113552103
11102	SLC25A16	SRR14800477	q_2.000	0.959726859255151
11103	ZNF710	SRR14800477	q_2.000	0.877746230376129
11104	TM7SF2	SRR14800477	q_2.000	0.514189988349861
11105	UBP1	SRR14800477	q_2.000	0.869272485951597
11106	SPICE1	SRR14800477	q_2.000	0.76468359769145
11107	NPY1R	SRR14800477	q_2.000	0.725415287605905
11108	CENPV	SRR14800477	q_2.000	0.952033692456903
11109	METTL26	SRR14800477	q_2.000	0.860088619655181
11110	MCC	SRR14800477	q_2.000	0.335594822195218
11111	REG3A	SRR14800477	q_2.000	NA
11112	USP38	SRR14800477	q_2.000	0.972313325292116
11113	CYP2W1	SRR14800477	q_2.000	0
11114	NFKBIB	SRR14800477	q_2.000	0.580421902510333
11115	ING3	SRR14800477	q_2.000	0.919674630744849
11116	HIGD1A	SRR14800477	q_2.000	0.78183119231149
11117	DUOXA2	SRR14800477	q_2.000	NA
11118	CCDC149	SRR14800477	q_2.000	0.897254612063185
11119	FAXDC2	SRR14800477	q_2.000	0.87848962774965
11120	THOC6	SRR14800477	q_2.000	0.158417790181768
11121	POLR2J4	SRR14800477	q_2.000	0.90579929848413
11122	SYNM	SRR14800477	q_2.000	0.999981160624537
11123	SPNS2	SRR14800477	q_2.000	0
11124	SRPRA	SRR14800477	q_2.000	0.393019937451728
11125	LINC03040	SRR14800477	q_2.000	0
11126	RAP1GDS1	SRR14800477	q_2.000	0.861912315348516
11127	ZNF493	SRR14800477	q_2.000	0.978660359466828
11128	VRK2	SRR14800477	q_2.000	0.95497047353066
11129	PMEPA1	SRR14800477	q_2.000	0.638663207653249
11130	CXCL12	SRR14800477	q_2.000	0.417715132571032
11131	EXOC1	SRR14800477	q_2.000	0.899329373302828
11132	FAM114A2	SRR14800477	q_2.000	0.823981847609464
11133	ANGEL2	SRR14800477	q_2.000	0.931396825962388
11134	TMEM183A	SRR14800477	q_2.000	0.951200968581925
11135	HDAC2	SRR14800477	q_2.000	0.867175689327167
11136	ATG5	SRR14800477	q_2.000	0.866814443018341
11137	SH3PXD2A	SRR14800477	q_2.000	0.786131134988898
11138	IFIT3	SRR14800477	q_2.000	0
11139	PBX2	SRR14800477	q_2.000	0.90246308272016
11140	IRF3	SRR14800477	q_2.000	0.781233741443844
11141	SPIRE2	SRR14800477	q_2.000	0.806842963943583
11142	CYBB	SRR14800477	q_2.000	0.703327077858777
11143	ASMTL	SRR14800477	q_2.000	0.634368208354741
11144	ETFRF1	SRR14800477	q_2.000	0.340416128061825
11145	PDE7A	SRR14800477	q_2.000	0.950951125911584
11146	CDH24	SRR14800477	q_2.000	0.145221424711753
11147	RELCH	SRR14800477	q_2.000	0.972028569094467
11148	ZFP90	SRR14800477	q_2.000	0.773333275208145
11149	SAR1B	SRR14800477	q_2.000	0.844460062219253
11150	PPP1R2	SRR14800477	q_2.000	0.409378115761659
11151	ENSG00000254706	SRR14800477	q_2.000	0.261277166796888
11152	GSKIP	SRR14800477	q_2.000	0.0179923969220728
11153	GDI1	SRR14800477	q_2.000	0.284505806070749
11154	PNPT1	SRR14800477	q_2.000	0.970929362571654
11155	ZNF714	SRR14800477	q_2.000	0.722373479480127
11156	SLC9A7	SRR14800477	q_2.000	0
11157	DNAJC24	SRR14800477	q_2.000	0.793568568205749
11158	TLN2	SRR14800477	q_2.000	0.918227370143671
11159	SRP72	SRR14800477	q_2.000	0.891815340484912
11160	NSA2	SRR14800477	q_2.000	0.434267864108221
11161	THY1	SRR14800477	q_2.000	0.235478951382152
11162	PICALM	SRR14800477	q_2.000	0.907672295275567
11163	GLB1L2	SRR14800477	q_2.000	0.445576867217498
11164	SNHG10	SRR14800477	q_2.000	0.9011334095328
11165	MEF2A	SRR14800477	q_2.000	0.87824904608159
11166	GIPR	SRR14800477	q_2.000	0.833403629129578
11167	LINC02362	SRR14800477	q_2.000	0.986317221005904
11168	ENSG00000274322	SRR14800477	q_2.000	0.35215650473523
11169	ENSG00000291072	SRR14800477	q_2.000	0.842211468001699
11170	A4GALT	SRR14800477	q_2.000	0.708666661274746
11171	EPB41L4A-AS1	SRR14800477	q_2.000	0.78736319397423
11172	NCF1C	SRR14800477	q_2.000	0.908457015267451
11173	FOXJ2	SRR14800476	q_2.000	0.638440580201716
11174	TMEM38A	SRR14800476	q_2.000	0.823583807327775
11175	CCNE1	SRR14800476	q_2.000	0.874418473847182
11176	MCOLN1	SRR14800476	q_2.000	0.509353545169685
11177	FBXO3	SRR14800476	q_2.000	0.990171448796101
11178	SLC25A16	SRR14800476	q_2.000	0.881127652393433
11179	ZNF710	SRR14800476	q_2.000	0.770530617065965
11180	TM7SF2	SRR14800476	q_2.000	0.369921024351279
11181	UBP1	SRR14800476	q_2.000	0.937057986997706
11182	SPICE1	SRR14800476	q_2.000	0.781010080839618
11183	NPY1R	SRR14800476	q_2.000	0.836651461594024
11184	CENPV	SRR14800476	q_2.000	0.835744440587275
11185	METTL26	SRR14800476	q_2.000	0.816940757128743
11186	MCC	SRR14800476	q_2.000	0.459742408385622
11187	REG3A	SRR14800476	q_2.000	0
11188	USP38	SRR14800476	q_2.000	0.989298990360404
11189	CYP2W1	SRR14800476	q_2.000	0
11190	NFKBIB	SRR14800476	q_2.000	0.677735660708637
11191	ING3	SRR14800476	q_2.000	0.82150827053571
11192	HIGD1A	SRR14800476	q_2.000	0.869422202099383
11193	DUOXA2	SRR14800476	q_2.000	0
11194	CCDC149	SRR14800476	q_2.000	0.861071800743421
11195	FAXDC2	SRR14800476	q_2.000	0.778054256688891
11196	THOC6	SRR14800476	q_2.000	0.169728020998913
11197	POLR2J4	SRR14800476	q_2.000	0.929849964148145
11198	SYNM	SRR14800476	q_2.000	0.991361548652625
11199	SPNS2	SRR14800476	q_2.000	0.409541430654928
11200	SRPRA	SRR14800476	q_2.000	0.456367580950273
11201	LINC03040	SRR14800476	q_2.000	0.746988747559375
11202	RAP1GDS1	SRR14800476	q_2.000	0.864102192596928
11203	ZNF493	SRR14800476	q_2.000	0.965823469865565
11204	VRK2	SRR14800476	q_2.000	0.944281251587929
11205	PMEPA1	SRR14800476	q_2.000	0.730069585373086
11206	CXCL12	SRR14800476	q_2.000	0.515329957014442
11207	EXOC1	SRR14800476	q_2.000	0.823065058128508
11208	FAM114A2	SRR14800476	q_2.000	0.749721057378053
11209	ANGEL2	SRR14800476	q_2.000	0.897554569855036
11210	TMEM183A	SRR14800476	q_2.000	0.942624519296412
11211	HDAC2	SRR14800476	q_2.000	0.922655742480758
11212	ATG5	SRR14800476	q_2.000	0.844702675536461
11213	SH3PXD2A	SRR14800476	q_2.000	0.895412808374737
11214	IFIT3	SRR14800476	q_2.000	0.999974297863617
11215	PBX2	SRR14800476	q_2.000	0.820558270232837
11216	IRF3	SRR14800476	q_2.000	0.81608954206886
11217	SPIRE2	SRR14800476	q_2.000	0.854694042946502
11218	CYBB	SRR14800476	q_2.000	0.607334294416396
11219	ASMTL	SRR14800476	q_2.000	0.315890675555452
11220	ETFRF1	SRR14800476	q_2.000	0.361067258230108
11221	PDE7A	SRR14800476	q_2.000	0.897652044305433
11222	CDH24	SRR14800476	q_2.000	0.689891423276834
11223	RELCH	SRR14800476	q_2.000	0.968809735847286
11224	ZFP90	SRR14800476	q_2.000	0.851754287230551
11225	SAR1B	SRR14800476	q_2.000	0.616038924418842
11226	PPP1R2	SRR14800476	q_2.000	0.31744628296361
11227	ENSG00000254706	SRR14800476	q_2.000	0.803869275946821
11228	GSKIP	SRR14800476	q_2.000	0.605123474145297
11229	GDI1	SRR14800476	q_2.000	0.394691775879236
11230	PNPT1	SRR14800476	q_2.000	0.873539053575706
11231	ZNF714	SRR14800476	q_2.000	0.86090841566375
11232	SLC9A7	SRR14800476	q_2.000	0.931670758863714
11233	DNAJC24	SRR14800476	q_2.000	0.913668992721958
11234	TLN2	SRR14800476	q_2.000	0.947729955379901
11235	SRP72	SRR14800476	q_2.000	0.848483464701649
11236	NSA2	SRR14800476	q_2.000	0.502657089636807
11237	THY1	SRR14800476	q_2.000	0.327442335738508
11238	PICALM	SRR14800476	q_2.000	0.987559711302122
11239	GLB1L2	SRR14800476	q_2.000	0.479288806486314
11240	SNHG10	SRR14800476	q_2.000	0.936388226005196
11241	MEF2A	SRR14800476	q_2.000	0.780031897713948
11242	GIPR	SRR14800476	q_2.000	0.961415118694011
11243	LINC02362	SRR14800476	q_2.000	0.968246889100536
11244	ENSG00000274322	SRR14800476	q_2.000	0.340396693628644
11245	ENSG00000291072	SRR14800476	q_2.000	0.904160895895855
11246	A4GALT	SRR14800476	q_2.000	0.180940961381839
11247	EPB41L4A-AS1	SRR14800476	q_2.000	0.862994301226242
11248	NCF1C	SRR14800476	q_2.000	0.685518053364738
11249	FOXJ2	SRR14800475	q_2.000	0.78745172908929
11250	TMEM38A	SRR14800475	q_2.000	0.91515757988359
11251	CCNE1	SRR14800475	q_2.000	0.339410824001421
11252	MCOLN1	SRR14800475	q_2.000	0.597407183915255
11253	FBXO3	SRR14800475	q_2.000	0.93068423277171
11254	SLC25A16	SRR14800475	q_2.000	0.937319272719447
11255	ZNF710	SRR14800475	q_2.000	0.891828113872362
11256	TM7SF2	SRR14800475	q_2.000	0.161047360065833
11257	UBP1	SRR14800475	q_2.000	0.681866514847548
11258	SPICE1	SRR14800475	q_2.000	0.818900837424037
11259	NPY1R	SRR14800475	q_2.000	0.123455392138599
11260	CENPV	SRR14800475	q_2.000	0.812485354115058
11261	METTL26	SRR14800475	q_2.000	0.733215408616972
11262	MCC	SRR14800475	q_2.000	0.429384150180566
11263	REG3A	SRR14800475	q_2.000	0
11264	USP38	SRR14800475	q_2.000	0.906539968674281
11265	CYP2W1	SRR14800475	q_2.000	0
11266	NFKBIB	SRR14800475	q_2.000	0.665380192590433
11267	ING3	SRR14800475	q_2.000	0.864789598018072
11268	HIGD1A	SRR14800475	q_2.000	0.836360012491378
11269	DUOXA2	SRR14800475	q_2.000	0.709303409592418
11270	CCDC149	SRR14800475	q_2.000	0.912246299998224
11271	FAXDC2	SRR14800475	q_2.000	0.831030896792169
11272	THOC6	SRR14800475	q_2.000	0.874082913520849
11273	POLR2J4	SRR14800475	q_2.000	0.972844484313864
11274	SYNM	SRR14800475	q_2.000	0.999636203391192
11275	SPNS2	SRR14800475	q_2.000	0.716039528889274
11276	SRPRA	SRR14800475	q_2.000	0.2356939051962
11277	LINC03040	SRR14800475	q_2.000	0.943155895414486
11278	RAP1GDS1	SRR14800475	q_2.000	0.807170580747935
11279	ZNF493	SRR14800475	q_2.000	0.966938557747795
11280	VRK2	SRR14800475	q_2.000	0.857917623259648
11281	PMEPA1	SRR14800475	q_2.000	0.122682186495791
11282	CXCL12	SRR14800475	q_2.000	0.41779024152282
11283	EXOC1	SRR14800475	q_2.000	0.665945178490562
11284	FAM114A2	SRR14800475	q_2.000	0.625181752871035
11285	ANGEL2	SRR14800475	q_2.000	0.847021483590031
11286	TMEM183A	SRR14800475	q_2.000	0.979478112469906
11287	HDAC2	SRR14800475	q_2.000	0.824486855418265
11288	ATG5	SRR14800475	q_2.000	0.953306732599914
11289	SH3PXD2A	SRR14800475	q_2.000	0.174094736294857
11290	IFIT3	SRR14800475	q_2.000	0.610059423113473
11291	PBX2	SRR14800475	q_2.000	0.538304390836188
11292	IRF3	SRR14800475	q_2.000	0.702919511687561
11293	SPIRE2	SRR14800475	q_2.000	0.755805150434675
11294	CYBB	SRR14800475	q_2.000	0.705560699150081
11295	ASMTL	SRR14800475	q_2.000	0.287295022078177
11296	ETFRF1	SRR14800475	q_2.000	0.298236031367152
11297	PDE7A	SRR14800475	q_2.000	0.96940772841471
11298	CDH24	SRR14800475	q_2.000	0.71466209842426
11299	RELCH	SRR14800475	q_2.000	0.832300633638408
11300	ZFP90	SRR14800475	q_2.000	0.640448344298624
11301	SAR1B	SRR14800475	q_2.000	0.658743491849354
11302	PPP1R2	SRR14800475	q_2.000	0.730230982196485
11303	ENSG00000254706	SRR14800475	q_2.000	0.847714050088439
11304	GSKIP	SRR14800475	q_2.000	0.727678710597437
11305	GDI1	SRR14800475	q_2.000	0.242320901392436
11306	PNPT1	SRR14800475	q_2.000	0.791856607893231
11307	ZNF714	SRR14800475	q_2.000	0.653508116724622
11308	SLC9A7	SRR14800475	q_2.000	0.954839561184893
11309	DNAJC24	SRR14800475	q_2.000	0.576524085922658
11310	TLN2	SRR14800475	q_2.000	0.848776459707474
11311	SRP72	SRR14800475	q_2.000	0.914323306976328
11312	NSA2	SRR14800475	q_2.000	0.408606885165981
11313	THY1	SRR14800475	q_2.000	0.379434725775618
11314	PICALM	SRR14800475	q_2.000	0.955899567520112
11315	GLB1L2	SRR14800475	q_2.000	0.39169259567518
11316	SNHG10	SRR14800475	q_2.000	0.811415409008234
11317	MEF2A	SRR14800475	q_2.000	0.70462489587651
11318	GIPR	SRR14800475	q_2.000	NA
11319	LINC02362	SRR14800475	q_2.000	0.864525333197374
11320	ENSG00000274322	SRR14800475	q_2.000	0
11321	ENSG00000291072	SRR14800475	q_2.000	0.918598654812926
11322	A4GALT	SRR14800475	q_2.000	0.830791532315496
11323	EPB41L4A-AS1	SRR14800475	q_2.000	0.428585510773445
11324	NCF1C	SRR14800475	q_2.000	0.444881621248644
11325	FOXJ2	SRR14800490	q_2.000	0.766071433300907
11326	TMEM38A	SRR14800490	q_2.000	0.9994495166658
11327	CCNE1	SRR14800490	q_2.000	NA
11328	MCOLN1	SRR14800490	q_2.000	0.379224955213682
11329	FBXO3	SRR14800490	q_2.000	0.918800702763129
11330	SLC25A16	SRR14800490	q_2.000	0.903318802616205
11331	ZNF710	SRR14800490	q_2.000	0.909892496875586
11332	TM7SF2	SRR14800490	q_2.000	0.811519890542508
11333	UBP1	SRR14800490	q_2.000	0.759589112719556
11334	SPICE1	SRR14800490	q_2.000	0.802281598624981
11335	NPY1R	SRR14800490	q_2.000	0.710594089629124
11336	CENPV	SRR14800490	q_2.000	0.907974811160979
11337	METTL26	SRR14800490	q_2.000	0.742032220719156
11338	MCC	SRR14800490	q_2.000	0.454935593073915
11339	REG3A	SRR14800490	q_2.000	NA
11340	USP38	SRR14800490	q_2.000	0.902508955145184
11341	CYP2W1	SRR14800490	q_2.000	0
11342	NFKBIB	SRR14800490	q_2.000	0.656180036203881
11343	ING3	SRR14800490	q_2.000	0.952699734162745
11344	HIGD1A	SRR14800490	q_2.000	0.765733555361775
11345	DUOXA2	SRR14800490	q_2.000	NA
11346	CCDC149	SRR14800490	q_2.000	0.929816290600258
11347	FAXDC2	SRR14800490	q_2.000	0.766341660210557
11348	THOC6	SRR14800490	q_2.000	0.351360210563401
11349	POLR2J4	SRR14800490	q_2.000	0.982359999846864
11350	SYNM	SRR14800490	q_2.000	0.986064946693247
11351	SPNS2	SRR14800490	q_2.000	0
11352	SRPRA	SRR14800490	q_2.000	0.476264257776914
11353	LINC03040	SRR14800490	q_2.000	0
11354	RAP1GDS1	SRR14800490	q_2.000	0.838405593765204
11355	ZNF493	SRR14800490	q_2.000	0.960271348496354
11356	VRK2	SRR14800490	q_2.000	0.855427396546452
11357	PMEPA1	SRR14800490	q_2.000	0.0985087188113534
11358	CXCL12	SRR14800490	q_2.000	0.556509847230502
11359	EXOC1	SRR14800490	q_2.000	0.817420190049982
11360	FAM114A2	SRR14800490	q_2.000	0.835650089877118
11361	ANGEL2	SRR14800490	q_2.000	0.945287489471957
11362	TMEM183A	SRR14800490	q_2.000	0.934835834700123
11363	HDAC2	SRR14800490	q_2.000	0.769146281090698
11364	ATG5	SRR14800490	q_2.000	0.78195775355292
11365	SH3PXD2A	SRR14800490	q_2.000	0.381015928735388
11366	IFIT3	SRR14800490	q_2.000	0.68167095554502
11367	PBX2	SRR14800490	q_2.000	0.578620217097951
11368	IRF3	SRR14800490	q_2.000	0.67772784001413
11369	SPIRE2	SRR14800490	q_2.000	0.932645506132689
11370	CYBB	SRR14800490	q_2.000	0.480643800641135
11371	ASMTL	SRR14800490	q_2.000	0.306876561981491
11372	ETFRF1	SRR14800490	q_2.000	0.377692734989586
11373	PDE7A	SRR14800490	q_2.000	0.844812359229195
11374	CDH24	SRR14800490	q_2.000	0.506302533040794
11375	RELCH	SRR14800490	q_2.000	0.900266311828309
11376	ZFP90	SRR14800490	q_2.000	0.949742776216922
11377	SAR1B	SRR14800490	q_2.000	0.609380610876757
11378	PPP1R2	SRR14800490	q_2.000	0.495350872144355
11379	ENSG00000254706	SRR14800490	q_2.000	0.305457475785112
11380	GSKIP	SRR14800490	q_2.000	0
11381	GDI1	SRR14800490	q_2.000	0.395477849881483
11382	PNPT1	SRR14800490	q_2.000	0.724818169207604
11383	ZNF714	SRR14800490	q_2.000	0.457619730641363
11384	SLC9A7	SRR14800490	q_2.000	0.222191672422846
11385	DNAJC24	SRR14800490	q_2.000	0.58932578009005
11386	TLN2	SRR14800490	q_2.000	0.936110622113049
11387	SRP72	SRR14800490	q_2.000	0.888967638059796
11388	NSA2	SRR14800490	q_2.000	0.332489032775787
11389	THY1	SRR14800490	q_2.000	0.316616514359179
11390	PICALM	SRR14800490	q_2.000	0.948514329183731
11391	GLB1L2	SRR14800490	q_2.000	0.648258047853925
11392	SNHG10	SRR14800490	q_2.000	0.846478053071176
11393	MEF2A	SRR14800490	q_2.000	0.70903820447871
11394	GIPR	SRR14800490	q_2.000	NA
11395	LINC02362	SRR14800490	q_2.000	0.904776190950853
11396	ENSG00000274322	SRR14800490	q_2.000	0.756996031924403
11397	ENSG00000291072	SRR14800490	q_2.000	0.725132692913968
11398	A4GALT	SRR14800490	q_2.000	0.7691787489944
11399	EPB41L4A-AS1	SRR14800490	q_2.000	0.884924257744785
11400	NCF1C	SRR14800490	q_2.000	0.61223050178508
11401	FOXJ2	SRR14800489	q_2.000	0.762442067988145
11402	TMEM38A	SRR14800489	q_2.000	0.95702518547617
11403	CCNE1	SRR14800489	q_2.000	0.312772175878063
11404	MCOLN1	SRR14800489	q_2.000	0.415379921011079
11405	FBXO3	SRR14800489	q_2.000	0.972761852548445
11406	SLC25A16	SRR14800489	q_2.000	0.855619045532941
11407	ZNF710	SRR14800489	q_2.000	0.925617236405382
11408	TM7SF2	SRR14800489	q_2.000	0.311211577959783
11409	UBP1	SRR14800489	q_2.000	0.746639572939517
11410	SPICE1	SRR14800489	q_2.000	0.752084215777811
11411	NPY1R	SRR14800489	q_2.000	0.644658645405266
11412	CENPV	SRR14800489	q_2.000	0.918549861126957
11413	METTL26	SRR14800489	q_2.000	0.810536929481497
11414	MCC	SRR14800489	q_2.000	0.416822258997343
11415	REG3A	SRR14800489	q_2.000	NA
11416	USP38	SRR14800489	q_2.000	0.955824912672189
11417	CYP2W1	SRR14800489	q_2.000	0
11418	NFKBIB	SRR14800489	q_2.000	0.632085458151471
11419	ING3	SRR14800489	q_2.000	0.968511062539886
11420	HIGD1A	SRR14800489	q_2.000	0.84613372294497
11421	DUOXA2	SRR14800489	q_2.000	0.948024439268852
11422	CCDC149	SRR14800489	q_2.000	0.961194499763435
11423	FAXDC2	SRR14800489	q_2.000	0.849258803541998
11424	THOC6	SRR14800489	q_2.000	0.350006896631727
11425	POLR2J4	SRR14800489	q_2.000	0.925932571914255
11426	SYNM	SRR14800489	q_2.000	0.960622422797041
11427	SPNS2	SRR14800489	q_2.000	0
11428	SRPRA	SRR14800489	q_2.000	0.50637098656119
11429	LINC03040	SRR14800489	q_2.000	0
11430	RAP1GDS1	SRR14800489	q_2.000	0.957373330962868
11431	ZNF493	SRR14800489	q_2.000	0.96241389154881
11432	VRK2	SRR14800489	q_2.000	0.873963148572752
11433	PMEPA1	SRR14800489	q_2.000	0.566874355635191
11434	CXCL12	SRR14800489	q_2.000	0.5234090397119
11435	EXOC1	SRR14800489	q_2.000	0.974513000473782
11436	FAM114A2	SRR14800489	q_2.000	0.925278971294384
11437	ANGEL2	SRR14800489	q_2.000	0.919475643916811
11438	TMEM183A	SRR14800489	q_2.000	0.964333992316608
11439	HDAC2	SRR14800489	q_2.000	0.737814807250979
11440	ATG5	SRR14800489	q_2.000	0.83038848502875
11441	SH3PXD2A	SRR14800489	q_2.000	0.80750307102643
11442	IFIT3	SRR14800489	q_2.000	0.98826358114225
11443	PBX2	SRR14800489	q_2.000	0.736976442671095
11444	IRF3	SRR14800489	q_2.000	0.748867630334431
11445	SPIRE2	SRR14800489	q_2.000	0.917269599719063
11446	CYBB	SRR14800489	q_2.000	0.655660914413861
11447	ASMTL	SRR14800489	q_2.000	0.290875488033655
11448	ETFRF1	SRR14800489	q_2.000	0.469042488677071
11449	PDE7A	SRR14800489	q_2.000	0.835971988675079
11450	CDH24	SRR14800489	q_2.000	0.749912832226338
11451	RELCH	SRR14800489	q_2.000	0.926273140137541
11452	ZFP90	SRR14800489	q_2.000	0.837226681339738
11453	SAR1B	SRR14800489	q_2.000	0.773032802280179
11454	PPP1R2	SRR14800489	q_2.000	0.585142510094505
11455	ENSG00000254706	SRR14800489	q_2.000	0.966154809313485
11456	GSKIP	SRR14800489	q_2.000	0
11457	GDI1	SRR14800489	q_2.000	0.388133187328256
11458	PNPT1	SRR14800489	q_2.000	0.886862777126864
11459	ZNF714	SRR14800489	q_2.000	0.683218269606636
11460	SLC9A7	SRR14800489	q_2.000	0.467113285750744
11461	DNAJC24	SRR14800489	q_2.000	0.841800102074993
11462	TLN2	SRR14800489	q_2.000	0.950209959776423
11463	SRP72	SRR14800489	q_2.000	0.853265807894822
11464	NSA2	SRR14800489	q_2.000	0.424399057520876
11465	THY1	SRR14800489	q_2.000	0.560853933312156
11466	PICALM	SRR14800489	q_2.000	0.944862386129584
11467	GLB1L2	SRR14800489	q_2.000	0.397880556798208
11468	SNHG10	SRR14800489	q_2.000	0.80232723217434
11469	MEF2A	SRR14800489	q_2.000	0.865811295193742
11470	GIPR	SRR14800489	q_2.000	0.949966210988721
11471	LINC02362	SRR14800489	q_2.000	0.983517653914364
11472	ENSG00000274322	SRR14800489	q_2.000	0.217439840145853
11473	ENSG00000291072	SRR14800489	q_2.000	0.969655157290532
11474	A4GALT	SRR14800489	q_2.000	0.379226833008442
11475	EPB41L4A-AS1	SRR14800489	q_2.000	0.612311217338238
11476	NCF1C	SRR14800489	q_2.000	0.883342315984748
11477	FOXJ2	SRR14800488	q_2.000	0.172912337939539
11478	TMEM38A	SRR14800488	q_2.000	0.848920752197134
11479	CCNE1	SRR14800488	q_2.000	0.651099926473861
11480	MCOLN1	SRR14800488	q_2.000	0.31323292504653
11481	FBXO3	SRR14800488	q_2.000	0.916797386254247
11482	SLC25A16	SRR14800488	q_2.000	0.957582011579596
11483	ZNF710	SRR14800488	q_2.000	0.890222737483518
11484	TM7SF2	SRR14800488	q_2.000	0.565756302824759
11485	UBP1	SRR14800488	q_2.000	0.803218954073512
11486	SPICE1	SRR14800488	q_2.000	0.868190661327853
11487	NPY1R	SRR14800488	q_2.000	0.541714840415721
11488	CENPV	SRR14800488	q_2.000	0.947275679709591
11489	METTL26	SRR14800488	q_2.000	0.798852208343641
11490	MCC	SRR14800488	q_2.000	0.559341593142119
11491	REG3A	SRR14800488	q_2.000	0
11492	USP38	SRR14800488	q_2.000	0.929568641485831
11493	CYP2W1	SRR14800488	q_2.000	0
11494	NFKBIB	SRR14800488	q_2.000	0.841213838152911
11495	ING3	SRR14800488	q_2.000	0.920469170892906
11496	HIGD1A	SRR14800488	q_2.000	0.416377003116836
11497	DUOXA2	SRR14800488	q_2.000	0
11498	CCDC149	SRR14800488	q_2.000	0.79929846066844
11499	FAXDC2	SRR14800488	q_2.000	0.678168591747821
11500	THOC6	SRR14800488	q_2.000	0.400905183182603
11501	POLR2J4	SRR14800488	q_2.000	0.9567952135127
11502	SYNM	SRR14800488	q_2.000	0
11503	SPNS2	SRR14800488	q_2.000	0
11504	SRPRA	SRR14800488	q_2.000	0.427016269618057
11505	LINC03040	SRR14800488	q_2.000	0.612768367871552
11506	RAP1GDS1	SRR14800488	q_2.000	0.82000747089165
11507	ZNF493	SRR14800488	q_2.000	0.971637530764181
11508	VRK2	SRR14800488	q_2.000	0.931248013838947
11509	PMEPA1	SRR14800488	q_2.000	0.835707587521744
11510	CXCL12	SRR14800488	q_2.000	0.492309192973096
11511	EXOC1	SRR14800488	q_2.000	0.852604583034081
11512	FAM114A2	SRR14800488	q_2.000	0.907328899882646
11513	ANGEL2	SRR14800488	q_2.000	0.962442813320439
11514	TMEM183A	SRR14800488	q_2.000	0.81888408197177
11515	HDAC2	SRR14800488	q_2.000	0.906169063512258
11516	ATG5	SRR14800488	q_2.000	0.88364084316093
11517	SH3PXD2A	SRR14800488	q_2.000	0.712745143420409
11518	IFIT3	SRR14800488	q_2.000	0.987180810456114
11519	PBX2	SRR14800488	q_2.000	0.410417293801798
11520	IRF3	SRR14800488	q_2.000	0.883790132188171
11521	SPIRE2	SRR14800488	q_2.000	0.81394159299834
11522	CYBB	SRR14800488	q_2.000	0.693886892646809
11523	ASMTL	SRR14800488	q_2.000	0.0868062057882089
11524	ETFRF1	SRR14800488	q_2.000	0.525353915492225
11525	PDE7A	SRR14800488	q_2.000	0.811583656741453
11526	CDH24	SRR14800488	q_2.000	0.819637450215052
11527	RELCH	SRR14800488	q_2.000	0.877292686877099
11528	ZFP90	SRR14800488	q_2.000	0.785335984463707
11529	SAR1B	SRR14800488	q_2.000	0.655600390859014
11530	PPP1R2	SRR14800488	q_2.000	0.31957988557461
11531	ENSG00000254706	SRR14800488	q_2.000	0.791275759869344
11532	GSKIP	SRR14800488	q_2.000	0.760606194807345
11533	GDI1	SRR14800488	q_2.000	0.414739592747484
11534	PNPT1	SRR14800488	q_2.000	0.606246690420611
11535	ZNF714	SRR14800488	q_2.000	0.550241965623107
11536	SLC9A7	SRR14800488	q_2.000	0.24240820209575
11537	DNAJC24	SRR14800488	q_2.000	0.620003001519404
11538	TLN2	SRR14800488	q_2.000	0.95901014700543
11539	SRP72	SRR14800488	q_2.000	0.569405604782539
11540	NSA2	SRR14800488	q_2.000	0.905688175118587
11541	THY1	SRR14800488	q_2.000	0.756506809713643
11542	PICALM	SRR14800488	q_2.000	0.924807603678899
11543	GLB1L2	SRR14800488	q_2.000	0.398051138540856
11544	SNHG10	SRR14800488	q_2.000	0.795915767985374
11545	MEF2A	SRR14800488	q_2.000	0.681503563437154
11546	GIPR	SRR14800488	q_2.000	0.994858022816583
11547	LINC02362	SRR14800488	q_2.000	0.928093182431935
11548	ENSG00000274322	SRR14800488	q_2.000	0.315031455281513
11549	ENSG00000291072	SRR14800488	q_2.000	0.965630585269443
11550	A4GALT	SRR14800488	q_2.000	0.281511611595976
11551	EPB41L4A-AS1	SRR14800488	q_2.000	0.900671489596591
11552	NCF1C	SRR14800488	q_2.000	0
11553	FOXJ2	SRR14800479	q_2.000	0.300791813656912
11554	TMEM38A	SRR14800479	q_2.000	0.846419032509452
11555	CCNE1	SRR14800479	q_2.000	0.965716617941597
11556	MCOLN1	SRR14800479	q_2.000	0.759675502540798
11557	FBXO3	SRR14800479	q_2.000	0.859637694381313
11558	SLC25A16	SRR14800479	q_2.000	0.86063427204887
11559	ZNF710	SRR14800479	q_2.000	0.763206913809497
11560	TM7SF2	SRR14800479	q_2.000	0.523951316245523
11561	UBP1	SRR14800479	q_2.000	0.872278351044981
11562	SPICE1	SRR14800479	q_2.000	0.923641965824681
11563	NPY1R	SRR14800479	q_2.000	0
11564	CENPV	SRR14800479	q_2.000	0.95931182334506
11565	METTL26	SRR14800479	q_2.000	0.916321975007609
11566	MCC	SRR14800479	q_2.000	0.246488489399472
11567	REG3A	SRR14800479	q_2.000	0.975823750768564
11568	USP38	SRR14800479	q_2.000	0.882552253897428
11569	CYP2W1	SRR14800479	q_2.000	0.3389554794618
11570	NFKBIB	SRR14800479	q_2.000	0.825949550777556
11571	ING3	SRR14800479	q_2.000	0.974253793590339
11572	HIGD1A	SRR14800479	q_2.000	0.621230084781023
11573	DUOXA2	SRR14800479	q_2.000	0.80027597778605
11574	CCDC149	SRR14800479	q_2.000	0.883914640543407
11575	FAXDC2	SRR14800479	q_2.000	0.936412777105319
11576	THOC6	SRR14800479	q_2.000	0.426926720412753
11577	POLR2J4	SRR14800479	q_2.000	0.924677487704518
11578	SYNM	SRR14800479	q_2.000	0
11579	SPNS2	SRR14800479	q_2.000	0
11580	SRPRA	SRR14800479	q_2.000	0.496844692033747
11581	LINC03040	SRR14800479	q_2.000	0.958998882277998
11582	RAP1GDS1	SRR14800479	q_2.000	0.894808102803123
11583	ZNF493	SRR14800479	q_2.000	0.941179110677262
11584	VRK2	SRR14800479	q_2.000	0.927222278453299
11585	PMEPA1	SRR14800479	q_2.000	0.520333287496094
11586	CXCL12	SRR14800479	q_2.000	0.667492863284786
11587	EXOC1	SRR14800479	q_2.000	0.71536444166486
11588	FAM114A2	SRR14800479	q_2.000	0.933543741623968
11589	ANGEL2	SRR14800479	q_2.000	0.94276394468374
11590	TMEM183A	SRR14800479	q_2.000	0.811584608714857
11591	HDAC2	SRR14800479	q_2.000	0.875328530549072
11592	ATG5	SRR14800479	q_2.000	0.884306285541893
11593	SH3PXD2A	SRR14800479	q_2.000	0.796123400559716
11594	IFIT3	SRR14800479	q_2.000	0
11595	PBX2	SRR14800479	q_2.000	0.813097380398717
11596	IRF3	SRR14800479	q_2.000	0.849146156685188
11597	SPIRE2	SRR14800479	q_2.000	0.867162425223865
11598	CYBB	SRR14800479	q_2.000	0.600525667203626
11599	ASMTL	SRR14800479	q_2.000	0.385179293003346
11600	ETFRF1	SRR14800479	q_2.000	0.851214386397013
11601	PDE7A	SRR14800479	q_2.000	0.790227522871411
11602	CDH24	SRR14800479	q_2.000	0.743156402453078
11603	RELCH	SRR14800479	q_2.000	0.90685536465229
11604	ZFP90	SRR14800479	q_2.000	0.858746304011536
11605	SAR1B	SRR14800479	q_2.000	0.582847308004551
11606	PPP1R2	SRR14800479	q_2.000	0.206146491744532
11607	ENSG00000254706	SRR14800479	q_2.000	0
11608	GSKIP	SRR14800479	q_2.000	0.743172626107493
11609	GDI1	SRR14800479	q_2.000	0.598057670100996
11610	PNPT1	SRR14800479	q_2.000	0.813553629293893
11611	ZNF714	SRR14800479	q_2.000	0.909691976994547
11612	SLC9A7	SRR14800479	q_2.000	0
11613	DNAJC24	SRR14800479	q_2.000	0.766395942353109
11614	TLN2	SRR14800479	q_2.000	0.931363294177591
11615	SRP72	SRR14800479	q_2.000	0.522930145750129
11616	NSA2	SRR14800479	q_2.000	0.837744614778401
11617	THY1	SRR14800479	q_2.000	0.805305682587501
11618	PICALM	SRR14800479	q_2.000	0.934542719755776
11619	GLB1L2	SRR14800479	q_2.000	0.437883853595441
11620	SNHG10	SRR14800479	q_2.000	0.788495653335539
11621	MEF2A	SRR14800479	q_2.000	0.799173178603767
11622	GIPR	SRR14800479	q_2.000	0.915635021132714
11623	LINC02362	SRR14800479	q_2.000	0.840973507598827
11624	ENSG00000274322	SRR14800479	q_2.000	0.145995412093703
11625	ENSG00000291072	SRR14800479	q_2.000	0.920887043348791
11626	A4GALT	SRR14800479	q_2.000	0.108990046461434
11627	EPB41L4A-AS1	SRR14800479	q_2.000	0.713201441920995
11628	NCF1C	SRR14800479	q_2.000	0
11629	FOXJ2	SRR14800478	q_2.000	0.641454171421166
11630	TMEM38A	SRR14800478	q_2.000	0
11631	CCNE1	SRR14800478	q_2.000	0.811184049319539
11632	MCOLN1	SRR14800478	q_2.000	0.352287263138868
11633	FBXO3	SRR14800478	q_2.000	0.923066041238799
11634	SLC25A16	SRR14800478	q_2.000	0.960766539237473
11635	ZNF710	SRR14800478	q_2.000	0.970158939400949
11636	TM7SF2	SRR14800478	q_2.000	0.44388214663343
11637	UBP1	SRR14800478	q_2.000	0.705671381597069
11638	SPICE1	SRR14800478	q_2.000	0.890282136909576
11639	NPY1R	SRR14800478	q_2.000	0
11640	CENPV	SRR14800478	q_2.000	0.856672237323806
11641	METTL26	SRR14800478	q_2.000	0.918432933054242
11642	MCC	SRR14800478	q_2.000	0.441373214659536
11643	REG3A	SRR14800478	q_2.000	0.98834678477343
11644	USP38	SRR14800478	q_2.000	0.968135354709471
11645	CYP2W1	SRR14800478	q_2.000	0.986896038992445
11646	NFKBIB	SRR14800478	q_2.000	0.491485250273321
11647	ING3	SRR14800478	q_2.000	0.886855820503098
11648	HIGD1A	SRR14800478	q_2.000	0.355962394780023
11649	DUOXA2	SRR14800478	q_2.000	0.14719834646597
11650	CCDC149	SRR14800478	q_2.000	0.829019579263861
11651	FAXDC2	SRR14800478	q_2.000	0.863987190385407
11652	THOC6	SRR14800478	q_2.000	0.26095354425756
11653	POLR2J4	SRR14800478	q_2.000	0.947296939066546
11654	SYNM	SRR14800478	q_2.000	0.999939839351843
11655	SPNS2	SRR14800478	q_2.000	0.461477566586229
11656	SRPRA	SRR14800478	q_2.000	0.225735579758821
11657	LINC03040	SRR14800478	q_2.000	0.965598057076633
11658	RAP1GDS1	SRR14800478	q_2.000	0.910075176718359
11659	ZNF493	SRR14800478	q_2.000	0.953415014271593
11660	VRK2	SRR14800478	q_2.000	0.878157996275299
11661	PMEPA1	SRR14800478	q_2.000	0.823027028135471
11662	CXCL12	SRR14800478	q_2.000	0.797895456709808
11663	EXOC1	SRR14800478	q_2.000	0.781275025339371
11664	FAM114A2	SRR14800478	q_2.000	0.885456035467318
11665	ANGEL2	SRR14800478	q_2.000	0.931563119573704
11666	TMEM183A	SRR14800478	q_2.000	0.971587741564152
11667	HDAC2	SRR14800478	q_2.000	0.823432360889157
11668	ATG5	SRR14800478	q_2.000	0.874768513015114
11669	SH3PXD2A	SRR14800478	q_2.000	0.522169275074601
11670	IFIT3	SRR14800478	q_2.000	0.754479064477367
11671	PBX2	SRR14800478	q_2.000	0.933366623473972
11672	IRF3	SRR14800478	q_2.000	0.788873256454847
11673	SPIRE2	SRR14800478	q_2.000	0.862518709458833
11674	CYBB	SRR14800478	q_2.000	0.41988898446991
11675	ASMTL	SRR14800478	q_2.000	0
11676	ETFRF1	SRR14800478	q_2.000	0.615585358023896
11677	PDE7A	SRR14800478	q_2.000	0.956283611836293
11678	CDH24	SRR14800478	q_2.000	0.85494476131772
11679	RELCH	SRR14800478	q_2.000	0.895111708332368
11680	ZFP90	SRR14800478	q_2.000	0.829820255684582
11681	SAR1B	SRR14800478	q_2.000	0.786147561963989
11682	PPP1R2	SRR14800478	q_2.000	0.418235320383455
11683	ENSG00000254706	SRR14800478	q_2.000	0.753219065979568
11684	GSKIP	SRR14800478	q_2.000	0.640320217646852
11685	GDI1	SRR14800478	q_2.000	0.461770073164149
11686	PNPT1	SRR14800478	q_2.000	0.981482571899358
11687	ZNF714	SRR14800478	q_2.000	0.891156131538107
11688	SLC9A7	SRR14800478	q_2.000	0.344604630936145
11689	DNAJC24	SRR14800478	q_2.000	0.786451798483236
11690	TLN2	SRR14800478	q_2.000	0.803581974309592
11691	SRP72	SRR14800478	q_2.000	0.852152882836927
11692	NSA2	SRR14800478	q_2.000	0.396812830091266
11693	THY1	SRR14800478	q_2.000	0.746467054674285
11694	PICALM	SRR14800478	q_2.000	0.954073340167714
11695	GLB1L2	SRR14800478	q_2.000	0.237215386662442
11696	SNHG10	SRR14800478	q_2.000	0.841637060602022
11697	MEF2A	SRR14800478	q_2.000	0.815806265173146
11698	GIPR	SRR14800478	q_2.000	0.959509666296813
11699	LINC02362	SRR14800478	q_2.000	0.840865074649097
11700	ENSG00000274322	SRR14800478	q_2.000	0.246028945761059
11701	ENSG00000291072	SRR14800478	q_2.000	0.907454107452968
11702	A4GALT	SRR14800478	q_2.000	0.640110298239777
11703	EPB41L4A-AS1	SRR14800478	q_2.000	0.937976669662718
11704	NCF1C	SRR14800478	q_2.000	0
11705	FOXJ2	SRR14800487	q_2.000	0.730301608999712
11706	TMEM38A	SRR14800487	q_2.000	0.721473054328475
11707	CCNE1	SRR14800487	q_2.000	0.672642553214288
11708	MCOLN1	SRR14800487	q_2.000	0.459365413836652
11709	FBXO3	SRR14800487	q_2.000	0.964426845844103
11710	SLC25A16	SRR14800487	q_2.000	0.868948112936906
11711	ZNF710	SRR14800487	q_2.000	0.919115479207127
11712	TM7SF2	SRR14800487	q_2.000	0.229409231121302
11713	UBP1	SRR14800487	q_2.000	0.721940431045905
11714	SPICE1	SRR14800487	q_2.000	0.961150659143226
11715	NPY1R	SRR14800487	q_2.000	0.82760729462457
11716	CENPV	SRR14800487	q_2.000	0.81670006711492
11717	METTL26	SRR14800487	q_2.000	0.880950535181553
11718	MCC	SRR14800487	q_2.000	0.597446388133817
11719	REG3A	SRR14800487	q_2.000	0.999701846820856
11720	USP38	SRR14800487	q_2.000	0.968809274727913
11721	CYP2W1	SRR14800487	q_2.000	0
11722	NFKBIB	SRR14800487	q_2.000	0.340982546368962
11723	ING3	SRR14800487	q_2.000	0.959731012283171
11724	HIGD1A	SRR14800487	q_2.000	0.303255188390325
11725	DUOXA2	SRR14800487	q_2.000	0.585335054876229
11726	CCDC149	SRR14800487	q_2.000	0.803432601974337
11727	FAXDC2	SRR14800487	q_2.000	0.823942455312587
11728	THOC6	SRR14800487	q_2.000	0.106409631902726
11729	POLR2J4	SRR14800487	q_2.000	0.959862218223371
11730	SYNM	SRR14800487	q_2.000	0.99538262739609
11731	SPNS2	SRR14800487	q_2.000	0.252105113473457
11732	SRPRA	SRR14800487	q_2.000	0.19352125175582
11733	LINC03040	SRR14800487	q_2.000	0.893547853869131
11734	RAP1GDS1	SRR14800487	q_2.000	0.873683481337237
11735	ZNF493	SRR14800487	q_2.000	0.962390657956903
11736	VRK2	SRR14800487	q_2.000	0.803147233532603
11737	PMEPA1	SRR14800487	q_2.000	0.341918495928953
11738	CXCL12	SRR14800487	q_2.000	0.671603123355244
11739	EXOC1	SRR14800487	q_2.000	0.939300473127661
11740	FAM114A2	SRR14800487	q_2.000	0.876320786574116
11741	ANGEL2	SRR14800487	q_2.000	0.940693323386664
11742	TMEM183A	SRR14800487	q_2.000	0.908609686489046
11743	HDAC2	SRR14800487	q_2.000	0.844992025340955
11744	ATG5	SRR14800487	q_2.000	0.906707769316926
11745	SH3PXD2A	SRR14800487	q_2.000	0.691376538127766
11746	IFIT3	SRR14800487	q_2.000	0.832153087474906
11747	PBX2	SRR14800487	q_2.000	0.401407294133136
11748	IRF3	SRR14800487	q_2.000	0.685308231880221
11749	SPIRE2	SRR14800487	q_2.000	0.776150683391808
11750	CYBB	SRR14800487	q_2.000	0.544732781466195
11751	ASMTL	SRR14800487	q_2.000	0.202905864415441
11752	ETFRF1	SRR14800487	q_2.000	0.348207331953012
11753	PDE7A	SRR14800487	q_2.000	0.906956657922786
11754	CDH24	SRR14800487	q_2.000	0.661881667029605
11755	RELCH	SRR14800487	q_2.000	0.921627871675696
11756	ZFP90	SRR14800487	q_2.000	0.770357478617074
11757	SAR1B	SRR14800487	q_2.000	0.840314802328746
11758	PPP1R2	SRR14800487	q_2.000	0.435468604587729
11759	ENSG00000254706	SRR14800487	q_2.000	0.389199483990861
11760	GSKIP	SRR14800487	q_2.000	0.0328115571543582
11761	GDI1	SRR14800487	q_2.000	0.415116105626508
11762	PNPT1	SRR14800487	q_2.000	0.936120450048402
11763	ZNF714	SRR14800487	q_2.000	0.84179037798024
11764	SLC9A7	SRR14800487	q_2.000	0.725479809931191
11765	DNAJC24	SRR14800487	q_2.000	0.656885924189139
11766	TLN2	SRR14800487	q_2.000	0.866846330832353
11767	SRP72	SRR14800487	q_2.000	0.810061156393006
11768	NSA2	SRR14800487	q_2.000	0.164396926328648
11769	THY1	SRR14800487	q_2.000	0.475920948075324
11770	PICALM	SRR14800487	q_2.000	0.937919181278422
11771	GLB1L2	SRR14800487	q_2.000	0.343293268129502
11772	SNHG10	SRR14800487	q_2.000	0.861037201802967
11773	MEF2A	SRR14800487	q_2.000	0.869674773088863
11774	GIPR	SRR14800487	q_2.000	0.985196039167516
11775	LINC02362	SRR14800487	q_2.000	0.989141312351804
11776	ENSG00000274322	SRR14800487	q_2.000	0.200242324099366
11777	ENSG00000291072	SRR14800487	q_2.000	0.834519115359508
11778	A4GALT	SRR14800487	q_2.000	0.947379302294436
11779	EPB41L4A-AS1	SRR14800487	q_2.000	0.750765412196308
11780	NCF1C	SRR14800487	q_2.000	0.560576307401154
11781	FOXJ2	SRR14800486	q_2.000	0.108309053526042
11782	TMEM38A	SRR14800486	q_2.000	0.958022945163498
11783	CCNE1	SRR14800486	q_2.000	0.689761737511777
11784	MCOLN1	SRR14800486	q_2.000	0.358939732745581
11785	FBXO3	SRR14800486	q_2.000	0.960170740073065
11786	SLC25A16	SRR14800486	q_2.000	0.903804053072197
11787	ZNF710	SRR14800486	q_2.000	0.819102822488616
11788	TM7SF2	SRR14800486	q_2.000	0.252179681039284
11789	UBP1	SRR14800486	q_2.000	0.902935208246734
11790	SPICE1	SRR14800486	q_2.000	0.874765841564729
11791	NPY1R	SRR14800486	q_2.000	0.816689169934323
11792	CENPV	SRR14800486	q_2.000	0.879312966631299
11793	METTL26	SRR14800486	q_2.000	0.642102169910137
11794	MCC	SRR14800486	q_2.000	0.0415277465168211
11795	REG3A	SRR14800486	q_2.000	0.578128271459064
11796	USP38	SRR14800486	q_2.000	0.960529623584955
11797	CYP2W1	SRR14800486	q_2.000	0
11798	NFKBIB	SRR14800486	q_2.000	0.833839833416235
11799	ING3	SRR14800486	q_2.000	0.969982631018424
11800	HIGD1A	SRR14800486	q_2.000	0.367067308656672
11801	DUOXA2	SRR14800486	q_2.000	0.314639136564218
11802	CCDC149	SRR14800486	q_2.000	0.90800684942195
11803	FAXDC2	SRR14800486	q_2.000	0.885678318269843
11804	THOC6	SRR14800486	q_2.000	0.209546307238236
11805	POLR2J4	SRR14800486	q_2.000	0.942946147648303
11806	SYNM	SRR14800486	q_2.000	0.999798514222949
11807	SPNS2	SRR14800486	q_2.000	0
11808	SRPRA	SRR14800486	q_2.000	0.377423589855373
11809	LINC03040	SRR14800486	q_2.000	0.886296321434072
11810	RAP1GDS1	SRR14800486	q_2.000	0.923837032335337
11811	ZNF493	SRR14800486	q_2.000	0.918597734855496
11812	VRK2	SRR14800486	q_2.000	0.810351829817842
11813	PMEPA1	SRR14800486	q_2.000	0.515195929414205
11814	CXCL12	SRR14800486	q_2.000	0.816229374572413
11815	EXOC1	SRR14800486	q_2.000	0.875160608139689
11816	FAM114A2	SRR14800486	q_2.000	0.9566093055253
11817	ANGEL2	SRR14800486	q_2.000	0.910189108758799
11818	TMEM183A	SRR14800486	q_2.000	0.947818808578361
11819	HDAC2	SRR14800486	q_2.000	0.94190839552157
11820	ATG5	SRR14800486	q_2.000	0.923754946435377
11821	SH3PXD2A	SRR14800486	q_2.000	0.816768445940949
11822	IFIT3	SRR14800486	q_2.000	0.832028867725883
11823	PBX2	SRR14800486	q_2.000	0.547449505023052
11824	IRF3	SRR14800486	q_2.000	0.869182713724533
11825	SPIRE2	SRR14800486	q_2.000	0.851683100670228
11826	CYBB	SRR14800486	q_2.000	0.709385619561202
11827	ASMTL	SRR14800486	q_2.000	0.779376774730547
11828	ETFRF1	SRR14800486	q_2.000	0.422773714387097
11829	PDE7A	SRR14800486	q_2.000	0.891323369445355
11830	CDH24	SRR14800486	q_2.000	0.592643206110529
11831	RELCH	SRR14800486	q_2.000	0.958341402587909
11832	ZFP90	SRR14800486	q_2.000	0.664530988758236
11833	SAR1B	SRR14800486	q_2.000	0.603575642615777
11834	PPP1R2	SRR14800486	q_2.000	0.280489162359332
11835	ENSG00000254706	SRR14800486	q_2.000	0
11836	GSKIP	SRR14800486	q_2.000	0.662017647622069
11837	GDI1	SRR14800486	q_2.000	0.445727074544115
11838	PNPT1	SRR14800486	q_2.000	0.851211710771621
11839	ZNF714	SRR14800486	q_2.000	0.831376890728952
11840	SLC9A7	SRR14800486	q_2.000	0.397079041618152
11841	DNAJC24	SRR14800486	q_2.000	0.903205801556367
11842	TLN2	SRR14800486	q_2.000	0.937334263243672
11843	SRP72	SRR14800486	q_2.000	0.845064983577656
11844	NSA2	SRR14800486	q_2.000	0.499884720018958
11845	THY1	SRR14800486	q_2.000	0.621030109088
11846	PICALM	SRR14800486	q_2.000	0.94470825470232
11847	GLB1L2	SRR14800486	q_2.000	0.341123665639603
11848	SNHG10	SRR14800486	q_2.000	0.869312184851351
11849	MEF2A	SRR14800486	q_2.000	0.824197517108507
11850	GIPR	SRR14800486	q_2.000	0.941967183514827
11851	LINC02362	SRR14800486	q_2.000	0.968246443837687
11852	ENSG00000274322	SRR14800486	q_2.000	0.274525834141217
11853	ENSG00000291072	SRR14800486	q_2.000	0.9489261800352
11854	A4GALT	SRR14800486	q_2.000	0.468721574002782
11855	EPB41L4A-AS1	SRR14800486	q_2.000	0.729067422868763
11856	NCF1C	SRR14800486	q_2.000	0.983568287872285
11857	FOXJ2	SRR14800485	q_2.000	0.115941476178877
11858	TMEM38A	SRR14800485	q_2.000	0.665239428166452
11859	CCNE1	SRR14800485	q_2.000	0.464651608099533
11860	MCOLN1	SRR14800485	q_2.000	0.453964354622527
11861	FBXO3	SRR14800485	q_2.000	0.968959228042193
11862	SLC25A16	SRR14800485	q_2.000	0.964434049348821
11863	ZNF710	SRR14800485	q_2.000	0.98245595090788
11864	TM7SF2	SRR14800485	q_2.000	0.0194992184841425
11865	UBP1	SRR14800485	q_2.000	0.753533218604474
11866	SPICE1	SRR14800485	q_2.000	0.93041139968593
11867	NPY1R	SRR14800485	q_2.000	0.539343334587028
11868	CENPV	SRR14800485	q_2.000	0.789281437010027
11869	METTL26	SRR14800485	q_2.000	0.829899021869919
11870	MCC	SRR14800485	q_2.000	0.606073301077187
11871	REG3A	SRR14800485	q_2.000	0.888878454701826
11872	USP38	SRR14800485	q_2.000	0.935664858158994
11873	CYP2W1	SRR14800485	q_2.000	0.370772641955968
11874	NFKBIB	SRR14800485	q_2.000	0.628676974345412
11875	ING3	SRR14800485	q_2.000	0.990396642924507
11876	HIGD1A	SRR14800485	q_2.000	0.409968801786162
11877	DUOXA2	SRR14800485	q_2.000	0.253034073269312
11878	CCDC149	SRR14800485	q_2.000	0.565417347382958
11879	FAXDC2	SRR14800485	q_2.000	0.740275405643617
11880	THOC6	SRR14800485	q_2.000	0.394554358428338
11881	POLR2J4	SRR14800485	q_2.000	0.836906323287846
11882	SYNM	SRR14800485	q_2.000	0.941688567449618
11883	SPNS2	SRR14800485	q_2.000	0.412535932540175
11884	SRPRA	SRR14800485	q_2.000	0.389930501549483
11885	LINC03040	SRR14800485	q_2.000	0.992216257405579
11886	RAP1GDS1	SRR14800485	q_2.000	0.945357972465598
11887	ZNF493	SRR14800485	q_2.000	0.96587970334369
11888	VRK2	SRR14800485	q_2.000	0.868574403571096
11889	PMEPA1	SRR14800485	q_2.000	0.0950629369742084
11890	CXCL12	SRR14800485	q_2.000	0.918906019053981
11891	EXOC1	SRR14800485	q_2.000	0.718995704728505
11892	FAM114A2	SRR14800485	q_2.000	0.944488345021455
11893	ANGEL2	SRR14800485	q_2.000	0.968490105589917
11894	TMEM183A	SRR14800485	q_2.000	0.904651561826364
11895	HDAC2	SRR14800485	q_2.000	0.835003537509721
11896	ATG5	SRR14800485	q_2.000	0.918468696018485
11897	SH3PXD2A	SRR14800485	q_2.000	0.788690073005801
11898	IFIT3	SRR14800485	q_2.000	0.978424417929853
11899	PBX2	SRR14800485	q_2.000	0.628527923675902
11900	IRF3	SRR14800485	q_2.000	0.796104650593279
11901	SPIRE2	SRR14800485	q_2.000	0.883018461043807
11902	CYBB	SRR14800485	q_2.000	0.563185047395738
11903	ASMTL	SRR14800485	q_2.000	0.525365322507486
11904	ETFRF1	SRR14800485	q_2.000	0.560423452133433
11905	PDE7A	SRR14800485	q_2.000	0.855415303086142
11906	CDH24	SRR14800485	q_2.000	0.991360174164086
11907	RELCH	SRR14800485	q_2.000	0.928811127292571
11908	ZFP90	SRR14800485	q_2.000	0.725508930324188
11909	SAR1B	SRR14800485	q_2.000	0.719272883315978
11910	PPP1R2	SRR14800485	q_2.000	0.287454429257954
11911	ENSG00000254706	SRR14800485	q_2.000	0.819502309026042
11912	GSKIP	SRR14800485	q_2.000	0.747354679215374
11913	GDI1	SRR14800485	q_2.000	0.48376647936586
11914	PNPT1	SRR14800485	q_2.000	0.9134885437283
11915	ZNF714	SRR14800485	q_2.000	0.876661075607042
11916	SLC9A7	SRR14800485	q_2.000	0.704624661182056
11917	DNAJC24	SRR14800485	q_2.000	0.711358844628432
11918	TLN2	SRR14800485	q_2.000	0.93672771619089
11919	SRP72	SRR14800485	q_2.000	0.870877837040502
11920	NSA2	SRR14800485	q_2.000	0.531955268711831
11921	THY1	SRR14800485	q_2.000	0.550141958011357
11922	PICALM	SRR14800485	q_2.000	0.945870152254259
11923	GLB1L2	SRR14800485	q_2.000	0.413662190885565
11924	SNHG10	SRR14800485	q_2.000	0.739266970811574
11925	MEF2A	SRR14800485	q_2.000	0.682349522101782
11926	GIPR	SRR14800485	q_2.000	0
11927	LINC02362	SRR14800485	q_2.000	0.939285090230273
11928	ENSG00000274322	SRR14800485	q_2.000	0.365410124174616
11929	ENSG00000291072	SRR14800485	q_2.000	0.95729220590924
11930	A4GALT	SRR14800485	q_2.000	0.904873785724363
11931	EPB41L4A-AS1	SRR14800485	q_2.000	0.746195926567497
11932	NCF1C	SRR14800485	q_2.000	0.84706949067629
11933	FOXJ2	SRR14800484	q_2.000	0.70793552617575
11934	TMEM38A	SRR14800484	q_2.000	0.75885089012573
11935	CCNE1	SRR14800484	q_2.000	0.828166588706052
11936	MCOLN1	SRR14800484	q_2.000	0.252600073841539
11937	FBXO3	SRR14800484	q_2.000	0.938911093656643
11938	SLC25A16	SRR14800484	q_2.000	0.973324190235186
11939	ZNF710	SRR14800484	q_2.000	0.866381447666305
11940	TM7SF2	SRR14800484	q_2.000	0.167308339502107
11941	UBP1	SRR14800484	q_2.000	0.724463782596413
11942	SPICE1	SRR14800484	q_2.000	0.84862112369188
11943	NPY1R	SRR14800484	q_2.000	0.657894399128366
11944	CENPV	SRR14800484	q_2.000	0.841838568105203
11945	METTL26	SRR14800484	q_2.000	0.878990140509633
11946	MCC	SRR14800484	q_2.000	0.430520754943551
11947	REG3A	SRR14800484	q_2.000	0.63777177487125
11948	USP38	SRR14800484	q_2.000	0.846027037121923
11949	CYP2W1	SRR14800484	q_2.000	0.72895425357464
11950	NFKBIB	SRR14800484	q_2.000	0.50728073474138
11951	ING3	SRR14800484	q_2.000	0.964901095215805
11952	HIGD1A	SRR14800484	q_2.000	0.646858791699107
11953	DUOXA2	SRR14800484	q_2.000	0.384584566528968
11954	CCDC149	SRR14800484	q_2.000	0.731418350999462
11955	FAXDC2	SRR14800484	q_2.000	0.843904394535636
11956	THOC6	SRR14800484	q_2.000	0.226935484198769
11957	POLR2J4	SRR14800484	q_2.000	0.970018050756031
11958	SYNM	SRR14800484	q_2.000	0.953280700958708
11959	SPNS2	SRR14800484	q_2.000	0
11960	SRPRA	SRR14800484	q_2.000	0.236415278481406
11961	LINC03040	SRR14800484	q_2.000	0.977754522263382
11962	RAP1GDS1	SRR14800484	q_2.000	0.806258163694027
11963	ZNF493	SRR14800484	q_2.000	0.989858040872419
11964	VRK2	SRR14800484	q_2.000	0.934035019710651
11965	PMEPA1	SRR14800484	q_2.000	0.886414785497597
11966	CXCL12	SRR14800484	q_2.000	0.865303819040768
11967	EXOC1	SRR14800484	q_2.000	0.829731911707312
11968	FAM114A2	SRR14800484	q_2.000	0.940486686192495
11969	ANGEL2	SRR14800484	q_2.000	0.925846590241979
11970	TMEM183A	SRR14800484	q_2.000	0.892916878031969
11971	HDAC2	SRR14800484	q_2.000	0.940276442187397
11972	ATG5	SRR14800484	q_2.000	0.949409948531253
11973	SH3PXD2A	SRR14800484	q_2.000	0.756583414466734
11974	IFIT3	SRR14800484	q_2.000	0.842637462512392
11975	PBX2	SRR14800484	q_2.000	0.701624124014827
11976	IRF3	SRR14800484	q_2.000	0.732054691780169
11977	SPIRE2	SRR14800484	q_2.000	0.819389443398045
11978	CYBB	SRR14800484	q_2.000	0.69490365744375
11979	ASMTL	SRR14800484	q_2.000	0.315906365749759
11980	ETFRF1	SRR14800484	q_2.000	0.723372151870972
11981	PDE7A	SRR14800484	q_2.000	0.924300519950824
11982	CDH24	SRR14800484	q_2.000	0.793052694221325
11983	RELCH	SRR14800484	q_2.000	0.946118722013855
11984	ZFP90	SRR14800484	q_2.000	0.907084447252871
11985	SAR1B	SRR14800484	q_2.000	0.732252433444913
11986	PPP1R2	SRR14800484	q_2.000	0.113844253465031
11987	ENSG00000254706	SRR14800484	q_2.000	0.4107856929491
11988	GSKIP	SRR14800484	q_2.000	0.0385215387960953
11989	GDI1	SRR14800484	q_2.000	0.228104480105255
11990	PNPT1	SRR14800484	q_2.000	0.95796489766567
11991	ZNF714	SRR14800484	q_2.000	0.869473260621369
11992	SLC9A7	SRR14800484	q_2.000	0.552931177861663
11993	DNAJC24	SRR14800484	q_2.000	0.838775125401024
11994	TLN2	SRR14800484	q_2.000	0.884450949298394
11995	SRP72	SRR14800484	q_2.000	0.804077263227966
11996	NSA2	SRR14800484	q_2.000	0.493472668370029
11997	THY1	SRR14800484	q_2.000	0.497234328314579
11998	PICALM	SRR14800484	q_2.000	0.930390724711141
11999	GLB1L2	SRR14800484	q_2.000	0.318642981113922
12000	SNHG10	SRR14800484	q_2.000	0.824148754447682
12001	MEF2A	SRR14800484	q_2.000	0.718206713545777
12002	GIPR	SRR14800484	q_2.000	0.744883604822774
12003	LINC02362	SRR14800484	q_2.000	0.925047309082637
12004	ENSG00000274322	SRR14800484	q_2.000	0.23642578993499
12005	ENSG00000291072	SRR14800484	q_2.000	0.849012541636519
12006	A4GALT	SRR14800484	q_2.000	0.520530077946899
12007	EPB41L4A-AS1	SRR14800484	q_2.000	0.780775205508017
12008	NCF1C	SRR14800484	q_2.000	0.844858534405246
12009	FOXJ2	SRR14800483	q_2.000	0.388572459593765
12010	TMEM38A	SRR14800483	q_2.000	0.945534045539483
12011	CCNE1	SRR14800483	q_2.000	0.772893882265099
12012	MCOLN1	SRR14800483	q_2.000	0.781186269158135
12013	FBXO3	SRR14800483	q_2.000	0.958533636759601
12014	SLC25A16	SRR14800483	q_2.000	0.897824172980086
12015	ZNF710	SRR14800483	q_2.000	0.998648952432309
12016	TM7SF2	SRR14800483	q_2.000	0.613631325257237
12017	UBP1	SRR14800483	q_2.000	0.758769499592817
12018	SPICE1	SRR14800483	q_2.000	0.840953962936742
12019	NPY1R	SRR14800483	q_2.000	0
12020	CENPV	SRR14800483	q_2.000	0.88424003693585
12021	METTL26	SRR14800483	q_2.000	0.861075658305857
12022	MCC	SRR14800483	q_2.000	0.287106778939866
12023	REG3A	SRR14800483	q_2.000	0.630687437866441
12024	USP38	SRR14800483	q_2.000	0.982090266741044
12025	CYP2W1	SRR14800483	q_2.000	0.340923112904412
12026	NFKBIB	SRR14800483	q_2.000	0.567840099545471
12027	ING3	SRR14800483	q_2.000	0.989997901968824
12028	HIGD1A	SRR14800483	q_2.000	0.844037596753516
12029	DUOXA2	SRR14800483	q_2.000	0.854835200254452
12030	CCDC149	SRR14800483	q_2.000	0.871669197019249
12031	FAXDC2	SRR14800483	q_2.000	0.549365521063799
12032	THOC6	SRR14800483	q_2.000	0.488113626863015
12033	POLR2J4	SRR14800483	q_2.000	0.962108132730621
12034	SYNM	SRR14800483	q_2.000	0.952465962598736
12035	SPNS2	SRR14800483	q_2.000	0.590735609838297
12036	SRPRA	SRR14800483	q_2.000	0.469639364284173
12037	LINC03040	SRR14800483	q_2.000	0.990408594429894
12038	RAP1GDS1	SRR14800483	q_2.000	0.950966943301348
12039	ZNF493	SRR14800483	q_2.000	0.956652609799454
12040	VRK2	SRR14800483	q_2.000	0.779575144975113
12041	PMEPA1	SRR14800483	q_2.000	0.462160240549967
12042	CXCL12	SRR14800483	q_2.000	0.858894286009306
12043	EXOC1	SRR14800483	q_2.000	0.935841235612334
12044	FAM114A2	SRR14800483	q_2.000	0.899415417085868
12045	ANGEL2	SRR14800483	q_2.000	0.916072109635088
12046	TMEM183A	SRR14800483	q_2.000	0.863073359717421
12047	HDAC2	SRR14800483	q_2.000	0.83369543377022
12048	ATG5	SRR14800483	q_2.000	0.986064072159378
12049	SH3PXD2A	SRR14800483	q_2.000	0.26435616784422
12050	IFIT3	SRR14800483	q_2.000	0.724324777419849
12051	PBX2	SRR14800483	q_2.000	0.830466182988766
12052	IRF3	SRR14800483	q_2.000	0.763113728691249
12053	SPIRE2	SRR14800483	q_2.000	0.899432354539924
12054	CYBB	SRR14800483	q_2.000	0.726679691225972
12055	ASMTL	SRR14800483	q_2.000	0.618215536736043
12056	ETFRF1	SRR14800483	q_2.000	0.355182544063296
12057	PDE7A	SRR14800483	q_2.000	0.926480150514198
12058	CDH24	SRR14800483	q_2.000	0.969949160015396
12059	RELCH	SRR14800483	q_2.000	0.915335181860647
12060	ZFP90	SRR14800483	q_2.000	0.662442404216838
12061	SAR1B	SRR14800483	q_2.000	0.682238225423041
12062	PPP1R2	SRR14800483	q_2.000	0.512534491545978
12063	ENSG00000254706	SRR14800483	q_2.000	0.565005336817773
12064	GSKIP	SRR14800483	q_2.000	0
12065	GDI1	SRR14800483	q_2.000	0.587203161794778
12066	PNPT1	SRR14800483	q_2.000	0.953912081092427
12067	ZNF714	SRR14800483	q_2.000	0.928453907345319
12068	SLC9A7	SRR14800483	q_2.000	0
12069	DNAJC24	SRR14800483	q_2.000	0.876893555930699
12070	TLN2	SRR14800483	q_2.000	0.936534704165135
12071	SRP72	SRR14800483	q_2.000	0.811842117632398
12072	NSA2	SRR14800483	q_2.000	0.479050281198986
12073	THY1	SRR14800483	q_2.000	0.376377468160084
12074	PICALM	SRR14800483	q_2.000	0.884685371479933
12075	GLB1L2	SRR14800483	q_2.000	0.465213080394745
12076	SNHG10	SRR14800483	q_2.000	0.817287024780079
12077	MEF2A	SRR14800483	q_2.000	0.940703215250389
12078	GIPR	SRR14800483	q_2.000	0.293078059503942
12079	LINC02362	SRR14800483	q_2.000	0.955655391495111
12080	ENSG00000274322	SRR14800483	q_2.000	0.15748407173282
12081	ENSG00000291072	SRR14800483	q_2.000	0.886117905099059
12082	A4GALT	SRR14800483	q_2.000	0.564205196590401
12083	EPB41L4A-AS1	SRR14800483	q_2.000	0.71751281037327
12084	NCF1C	SRR14800483	q_2.000	0.863246328127172
12085	FOXJ2	SRR14800482	q_2.000	0.666382140486095
12086	TMEM38A	SRR14800482	q_2.000	0.70023724775087
12087	CCNE1	SRR14800482	q_2.000	0.705046493553959
12088	MCOLN1	SRR14800482	q_2.000	0.386457131720322
12089	FBXO3	SRR14800482	q_2.000	0.945279229690926
12090	SLC25A16	SRR14800482	q_2.000	0.966229319641571
12091	ZNF710	SRR14800482	q_2.000	0.86341607937159
12092	TM7SF2	SRR14800482	q_2.000	0.132123508243368
12093	UBP1	SRR14800482	q_2.000	0.791113047682721
12094	SPICE1	SRR14800482	q_2.000	0.825203231431473
12095	NPY1R	SRR14800482	q_2.000	0.198721563287312
12096	CENPV	SRR14800482	q_2.000	0.883167587338961
12097	METTL26	SRR14800482	q_2.000	0.921570630241616
12098	MCC	SRR14800482	q_2.000	0.55780467799928
12099	REG3A	SRR14800482	q_2.000	0.997992787118233
12100	USP38	SRR14800482	q_2.000	0.941046870544712
12101	CYP2W1	SRR14800482	q_2.000	0.401844566454668
12102	NFKBIB	SRR14800482	q_2.000	0.724703500485356
12103	ING3	SRR14800482	q_2.000	0.962947116095384
12104	HIGD1A	SRR14800482	q_2.000	0.380370986400699
12105	DUOXA2	SRR14800482	q_2.000	0.0610392154941453
12106	CCDC149	SRR14800482	q_2.000	0.739409598559918
12107	FAXDC2	SRR14800482	q_2.000	0.798726184356899
12108	THOC6	SRR14800482	q_2.000	0.104984426304282
12109	POLR2J4	SRR14800482	q_2.000	0.910524722966318
12110	SYNM	SRR14800482	q_2.000	0
12111	SPNS2	SRR14800482	q_2.000	0.475939869295871
12112	SRPRA	SRR14800482	q_2.000	0.293270360268614
12113	LINC03040	SRR14800482	q_2.000	0.962582440929656
12114	RAP1GDS1	SRR14800482	q_2.000	0.968344137624214
12115	ZNF493	SRR14800482	q_2.000	0.958728711848361
12116	VRK2	SRR14800482	q_2.000	0.795969907157164
12117	PMEPA1	SRR14800482	q_2.000	0.660282967327584
12118	CXCL12	SRR14800482	q_2.000	0.914515916083113
12119	EXOC1	SRR14800482	q_2.000	0.841085983294444
12120	FAM114A2	SRR14800482	q_2.000	0.93994969506444
12121	ANGEL2	SRR14800482	q_2.000	0.939517050558504
12122	TMEM183A	SRR14800482	q_2.000	0.934553480542839
12123	HDAC2	SRR14800482	q_2.000	0.853986477746649
12124	ATG5	SRR14800482	q_2.000	0.863574784214647
12125	SH3PXD2A	SRR14800482	q_2.000	0.863943626853414
12126	IFIT3	SRR14800482	q_2.000	0.978624038000494
12127	PBX2	SRR14800482	q_2.000	0.323305263093142
12128	IRF3	SRR14800482	q_2.000	0.852528627021276
12129	SPIRE2	SRR14800482	q_2.000	0.746358795708602
12130	CYBB	SRR14800482	q_2.000	0
12131	ASMTL	SRR14800482	q_2.000	0.539120093772672
12132	ETFRF1	SRR14800482	q_2.000	0.697893684491266
12133	PDE7A	SRR14800482	q_2.000	0.924720393390648
12134	CDH24	SRR14800482	q_2.000	0.752563350785101
12135	RELCH	SRR14800482	q_2.000	0.943874366914436
12136	ZFP90	SRR14800482	q_2.000	0.85421644062634
12137	SAR1B	SRR14800482	q_2.000	0.725794164684764
12138	PPP1R2	SRR14800482	q_2.000	0.171004034931651
12139	ENSG00000254706	SRR14800482	q_2.000	0.854057012910675
12140	GSKIP	SRR14800482	q_2.000	0.769401801244273
12141	GDI1	SRR14800482	q_2.000	0.364672907742332
12142	PNPT1	SRR14800482	q_2.000	0.817792954260735
12143	ZNF714	SRR14800482	q_2.000	0.917828282615022
12144	SLC9A7	SRR14800482	q_2.000	0.732000158250151
12145	DNAJC24	SRR14800482	q_2.000	0.730228574640519
12146	TLN2	SRR14800482	q_2.000	0.859589039428846
12147	SRP72	SRR14800482	q_2.000	0.643244634674041
12148	NSA2	SRR14800482	q_2.000	0.906584824719725
12149	THY1	SRR14800482	q_2.000	0.779879549526863
12150	PICALM	SRR14800482	q_2.000	0.916363948862189
12151	GLB1L2	SRR14800482	q_2.000	0.194149256871359
12152	SNHG10	SRR14800482	q_2.000	0.680874558200226
12153	MEF2A	SRR14800482	q_2.000	0.84348220067883
12154	GIPR	SRR14800482	q_2.000	0.993259817447
12155	LINC02362	SRR14800482	q_2.000	0.842936179776732
12156	ENSG00000274322	SRR14800482	q_2.000	0.646117487422744
12157	ENSG00000291072	SRR14800482	q_2.000	0.936918724949527
12158	A4GALT	SRR14800482	q_2.000	0.527290754962272
12159	EPB41L4A-AS1	SRR14800482	q_2.000	0.857643163762251
12160	NCF1C	SRR14800482	q_2.000	0
