Checking for deprecated package usage... OK
Checking for remote package usage... OK
Checking for 'LazyData: true' usage... OK
Checking version number... OK
Checking version number validity... OK
Checking R version dependency... OK
Checking package size... OK
Checking individual file sizes... OK
Checking biocViews... OK
Checking that biocViews are present... OK
Checking package type based on biocViews... OK
Checking for non-trivial biocViews... OK
Checking that biocViews come from the same category... OK
Checking biocViews validity... OK
Checking for recommended biocViews... OK
Checking build system compatibility... OK
Checking for proper Description: field... OK
Checking if DESCRIPTION is well formatted... OK
Checking for whitespace in DESCRIPTION field names... OK
Checking that Package field matches directory/tarball name... OK
Checking for Version: field... OK
Checking for valid maintainer... OK
Checking License: for restrictive use... OK
Checking for recommended DESCRIPTION fields... OK
Checking for Bioconductor software dependencies... OK
Checking for pinned package versions in DESCRIPTION... OK
Checking for 'fnd' role in Authors@R...
No 'fnd' role found in Authors@R. If the work is supported
        by a grant, consider adding the 'fnd' role to the list of authors.
Checking NAMESPACE... OK
Checking .Rbuildignore... OK
Checking for stray BiocCheck output folders... OK
Checking for inst/doc folders... OK
Checking vignette directory... OK
Checking package installation calls in R code... OK
Checking for library/require of TSENAT... OK
Checking coding practice...
Avoid redundant 'stop' and 'warn*' in signal conditions
Found in files:
R/divergence_effect_sizes.R (line 633, column 15)
R/divergence_helpers.R (line 382, column 17)
R/io_salmon.R (line 144, column 14)
R/io_salmon.R (line 191, column 22)
R/linear_models_helpers_fit.R (line 364, column 25)
R/linear_models_helpers_fit.R (line 368, column 25)
R/linear_models_helpers.R (line 1227, column 17)
Checking parsed R code in R directory, examples, vignettes... OK
Checking function lengths...
The recommended function length is 50 lines or less. There are 185 functions greater than 50 lines.
The longest 5 functions are:
.lmm_interaction() (R/linear_models_helpers_fit.R): 195 lines
.calculate_concordance() (R/analysis.R): 180 lines
_anonymous_.768() (R/s4_functions.R): 179 lines
.mergeEffectSizesForGenes() (R/divergence_effect_sizes.R): 172 lines
.gee_interaction() (R/linear_models_gee.R): 170 lines
Checking man page documentation...
Usage of dontrun{} / donttest{} tags found in man page examples. 3% of man pages use at least one of these tags.
Found in files:
build_analysis.Rd
Checking package NEWS... OK
Checking unit tests... OK
Checking skip_on_bioc() in tests... OK
Checking formatting of DESCRIPTION, NAMESPACE, man pages, R source, and vignette source...
Consider shorter lines; 4400 lines (10%) are > 80 characters long.
First few lines:
R/AllClasses.R#L69 #' Access results via the unified \code{ ...
R/AllClasses.R#L82 setClass("TSENATAnalysis", slots = list( ...
R/AllClasses.R#L85     divergence_results = "list", plots = ...
R/AllClasses.R#L86     diversity_results = list(), lm_resul ...
R/AllClasses.R#L88     divergence_results = list(), plots = ...
R/AllClasses.R#L143         if (!"gene_id" %in% colnames(rda ...
R/AllClasses.R#L156                 return(sprintf("@config$ ...
R/AllClasses.R#L166                   return(sprintf("@confi ...
R/AllGenerics.R#L23     utils::globalVariables(c("Gene", "gr ...
R/AllGenerics.R#L24         "legend_position", "log2expr", " ...
R/AllGenerics.R#L115 #' effective_length <- matrix(100, nrow  ...
R/AllGenerics.R#L127 setGeneric("addPlot", function(object, t ...
R/AllGenerics.R#L148 #' metadata_df <- read.table(system.file ...
R/AllGenerics.R#L175 setGeneric("setConfigValue", function(ob ...
R/analysis.R#L47         stop("comparison_df must be a no ...
R/analysis.R#L54         stop("comparison_df missing requ ...
R/analysis.R#L58     p1 <- ggplot2::ggplot(comparison_df, ...
R/analysis.R#L59         color = .data$agreement)) + ggpl ...
R/analysis.R#L60         linetype = "dashed", color = "gr ...
R/analysis.R#L61         linetype = "dashed", color = "gr ...
R/analysis.R#L62         `LM only` = "#3498db", `Rank tes ...
R/analysis.R#L63         breaks = c("Both significant", " ...
R/analysis.R#L64         ggplot2::labs(title = "Method Co ...
R/analysis.R#L65             color = "Significance") + .t ...
R/analysis.R#L66         face = "plain", hjust = 0.5), le ...
R/analysis.R#L70         method = c(rep("LM", nrow(compar ...
R/analysis.R#L73     p2 <- ggplot2::ggplot(p_long, ggplot ...
R/analysis.R#L74         alpha = 0.6, position = "identit ...
R/analysis.R#L75         `Rank test` = "#e74c3c")) + ggpl ...
R/analysis.R#L76         y = "Frequency", fill = "Method" ...
R/analysis.R#L83     title_gg <- cowplot::ggdraw() + cowp ...
R/analysis.R#L84         fontface = "bold", size = .font_ ...
R/analysis.R#L85         fontface = "italic", size = .fon ...
R/analysis.R#L88     final_plot <- cowplot::plot_grid(tit ...
R/analysis.R#L121 #' @param kw_results A data.frame from S ...
R/analysis.R#L197     if (is.null(analysis_lm@lm_results)  ...
R/analysis.R#L198         stop("No LM results found in ana ...
R/analysis.R#L208         available_methods <- paste(names ...
R/analysis.R#L209         stop("LM method '", lm_method, " ...
R/analysis.R#L216     if (is.null(analysis_rank@rank_test_ ...
R/analysis.R#L218         stop("No rank test results found ...
R/analysis.R#L223         available_methods <- paste(names ...
R/analysis.R#L235         stop("LM results ('", lm_method, ...
R/analysis.R#L239         stop("Rank test results ('", ran ...
R/analysis.R#L248         stop("LM results missing require ...
R/analysis.R#L265         stop("Rank test results missing  ...
R/analysis.R#L318         # Calculate Spearman correlation ...
R/analysis.R#L320         spearman_rho <- stats::cor(compa ...
R/analysis.R#L323         # Categorize agreement based on  ...
R/analysis.R#L327         comparison_df$agreement <- ifels ...
R/analysis.R#L328             "Both significant", ifelse(c ...
R/analysis.R#L329                 "LM only", ifelse(!compa ...
R/analysis.R#L336         high_conf <- comparison_df[compa ...
R/analysis.R#L340             high_conf <- high_conf[order ...
R/analysis.R#L364         select_cols <- c(gene_col, "Norm ...
R/analysis.R#L371         dplyr::select(dplyr::all_of(inte ...
R/analysis.R#L373             dplyr::across(dplyr::where(i ...
R/analysis.R#L376             dplyr::across(dplyr::matches ...
R/analysis.R#L411             format(min(method1_results[[ ...
R/analysis.R#L412             format(min(method2_results[[ ...
R/bootstrap_divergence.R#L119 #' - **Ramsay (2005), Springer Series in ...
R/bootstrap_divergence.R#L127 #' validated in papers Ramsay (2005), Sp ...
R/bootstrap_divergence.R#L165 .bootstrap_divergence <- function(x = NU ...
R/bootstrap_divergence.R#L166     group_col = "group", control_group = ...
R/bootstrap_divergence.R#L167     ci = 0.95, method = c("percentile",  ...
R/bootstrap_divergence.R#L173     data <- .bootstrap_divergence_extrac ...
R/bootstrap_divergence.R#L185             method, log_base, pseudocoun ...
R/bootstrap_divergence.R#L195     bootstrap_divs <- .bootstrap_diverge ...
R/bootstrap_divergence.R#L201         warning("More than 50% of bootst ...
R/bootstrap_divergence.R#L205     ci_result <- .bootstrap_divergence_c ...
R/bootstrap_divergence.R#L209     result <- list(estimate = estimate,  ...
R/bootstrap_divergence.R#L210         ci_level = ci, method = method,  ...
R/bootstrap_divergence.R#L216         .bootstrap_divergence_print_sing ...
R/bootstrap_divergence.R#L224 .bootstrap_divergence_extract_data <- fu ...
R/bootstrap_divergence.R#L251             stop("No counts found for gr ...
R/bootstrap_divergence.R#L279 .bootstrap_divergence_handle_multiple_q  ...
R/bootstrap_divergence.R#L282         .bootstrap_divergence(x = x, y = ...
R/bootstrap_divergence.R#L283             nboot = nboot, ci = ci, meth ...
R/bootstrap_divergence.R#L284             gene_name = gene_name, verbo ...
R/bootstrap_divergence.R#L297             message(sprintf("q = %.2f: D ...
R/bootstrap_divergence.R#L306 .bootstrap_divergence_compute_ci <- func ...
R/bootstrap_divergence.R#L327 .bootstrap_divergence_print_single <- fu ...
R/bootstrap_divergence.R#L337     message(sprintf("95%% CI:        [%. ...
R/bootstrap_divergence.R#L342     message("lies between", round(result ...
R/bootstrap_divergence.R#L347 .bootstrap_divergence_compute_paired_sam ...
R/bootstrap_divergence.R#L355         possible_names <- c("paired_samp ...
R/bootstrap_divergence.R#L371     pair_id_map <- setNames(seq_along(so ...
R/bootstrap_divergence.R#L382 .bootstrap_divergence_compute_samples <- ...
R/bootstrap_divergence.R#L385         pair_ids_numeric <- .bootstrap_d ...
R/bootstrap_divergence.R#L387         bootstrap_divs <- divergence_boo ...
R/bootstrap_divergence.R#L388             y = as.numeric(y), pair_ids  ...
R/bootstrap_divergence.R#L389             q = as.numeric(q), pseudocou ...
R/bootstrap_divergence.R#L391         bootstrap_divs <- divergence_boo ...
R/bootstrap_divergence.R#L392             y = as.numeric(y), nboot = a ...
R/bootstrap.R#L28 block_bootstrap_compute_cpp_wrapper <- f ...
R/bootstrap.R#L48     .Call("_TSENAT_block_bootstrap_compu ...
R/bootstrap.R#L49         as.integer(nboot), as.numeric(q) ...
R/bootstrap.R#L79 bootstrap_compute_cpp_wrapper <- functio ...
R/bootstrap.R#L95     .Call("_TSENAT_bootstrap_compute_cpp ...
R/bootstrap.R#L96         as.integer(nboot), as.numeric(q) ...
R/bootstrap.R#L164     .Call("_TSENAT_divergence_bootstrap_ ...
R/bootstrap.R#L195 divergence_bootstrap_paired_cpp_wrapper  ...
R/bootstrap.R#L225     .Call("_TSENAT_divergence_bootstrap_ ...
R/bootstrap.R#L226         as.numeric(y_adj), pair_ids_int, ...
R/bootstrap.R#L261 divergence_bootstrap_flexible_cpp_wrappe ...
R/bootstrap.R#L275             stop("pseudocount must have  ...
R/bootstrap.R#L297     .Call("_TSENAT_divergence_bootstrap_ ...
R/bootstrap.R#L298         as.numeric(y_adj), x_pair_ids_in ...
R/bootstrap.R#L313 .bootstrap_resample_optimized <- functio ...
R/bootstrap.R#L346         warning("effective_length provid ...
R/bootstrap.R#L348                 length(effective_length) ...
R/bootstrap.R#L360             bootstrap_dist <- block_boot ...
R/bootstrap.R#L361                 q = q, normalize = norm, ...
R/bootstrap.R#L364             bootstrap_dist <- block_boot ...
R/bootstrap.R#L365                 q = q, normalize = FALSE ...
R/bootstrap.R#L373             stop("Invalid 'what' paramet ...
R/bootstrap.R#L382         bootstrap_dist <- bootstrap_comp ...
R/bootstrap.R#L383             normalize = norm, nboot = nb ...
R/bootstrap.R#L386         bootstrap_dist <- bootstrap_comp ...
R/bootstrap.R#L387             normalize = FALSE, nboot = n ...
R/bootstrap.R#L395         stop("Invalid 'what' parameter:  ...
R/bootstrap.R#L404         warning("Bootstrap resampling pr ...
R/bootstrap.R#L405             "out of ", n_total, " replic ...
R/bootstrap.R#L426 .bootstrap_validate_inputs <- function(x ...
R/bootstrap.R#L437         warning("Detected very small q v ...
R/bootstrap.R#L441         warning("Detected extreme q valu ...
R/bootstrap.R#L450             warning("nboot = ", nboot, " ...
R/bootstrap.R#L451     } else if (nboot < 100 && !isTRUE(ge ...
R/bootstrap.R#L453         warning("nboot = ", nboot, " is  ...
R/bootstrap.R#L467         warning("Total count (", total_c ...
R/bootstrap.R#L475 .validate_bootstrap_data <- function(x,  ...
R/bootstrap.R#L484         stop("All counts are zero and ps ...
R/bootstrap.R#L485             "Either: (1) provide non-zer ...
R/bootstrap.R#L490         warning("All counts are zero. Ad ...
R/bootstrap.R#L496             stop("Length mismatch: effec ...
R/bootstrap.R#L503             warning("Found ", n_bad, " p ...
R/bootstrap.R#L510         warning("Single isoform detected ...
R/bootstrap.R#L517         warning("High proportion of zero ...
R/bootstrap.R#L527 .bootstrap_process_matrix <- function(x, ...
R/bootstrap.R#L538         stop("Bootstrap matrix has 0 row ...
R/bootstrap.R#L544             .calculate_tsallis_entropy_b ...
R/bootstrap.R#L545                 top_n = 1, q = q, norm = ...
R/bootstrap.R#L546                 log_base = log_base, pse ...
R/bootstrap.R#L547                 verbose = FALSE, include ...
R/bootstrap.R#L554             .calculate_tsallis_entropy_b ...
R/bootstrap.R#L555                 top_n = 1, q = q, norm = ...
R/bootstrap.R#L556                 log_base = log_base, pse ...
R/bootstrap.R#L557                 verbose = FALSE, include ...
R/bootstrap.R#L564         stop("Bootstrap results list len ...
R/bootstrap.R#L565             nrow(x), "). This indicates  ...
R/bootstrap.R#L572         stop("Bootstrap results_list is  ...
R/bootstrap.R#L598     as.numeric(colSums(as.matrix(Summari ...
R/bootstrap.R#L605 .bootstrap_process_se <- function(se, re ...
R/bootstrap.R#L606     pseudocount, what, gene_name, verbos ...
R/bootstrap.R#L613         stop("'res' data.frame must have ...
R/bootstrap.R#L626         gene_counts <- tryCatch(.bootstr ...
R/bootstrap.R#L627         if (!is.null(gene_counts) && sum ...
R/bootstrap.R#L641             .calculate_tsallis_entropy_b ...
R/bootstrap.R#L642                 row.names = i), top_n =  ...
R/bootstrap.R#L644                 what = what, gene_name = ...
R/bootstrap.R#L648         return(structure(results_list, c ...
R/bootstrap.R#L656     .calculate_tsallis_entropy_bootstrap ...
R/bootstrap.R#L657         ci = ci, method = method, log_ba ...
R/bootstrap.R#L658         what = what, gene_name = gene_na ...
R/bootstrap.R#L665 .bootstrap_process_multiple_q <- functio ...
R/bootstrap.R#L669         .calculate_tsallis_entropy_boots ...
R/bootstrap.R#L670             q = q_val, norm = norm, nboo ...
R/bootstrap.R#L671             pseudocount = pseudocount, w ...
R/bootstrap.R#L672             include_diagnostics = includ ...
R/bootstrap.R#L673             effective_length = effective ...
R/bootstrap.R#L688 .bootstrap_resample_with_quality_control ...
R/bootstrap.R#L689     pseudocount, what, paired = FALSE, e ...
R/bootstrap.R#L691     bootstrap_dist <- .bootstrap_resampl ...
R/bootstrap.R#L692         log_base = log_base, pseudocount ...
R/bootstrap.R#L722             nboot = n_to_regenerate, log ...
R/bootstrap.R#L737                 message(sprintf("[Bootst ...
R/bootstrap.R#L749         warning(sprintf("Bootstrap regen ...
R/bootstrap.R#L750             min_valid_frac * 100, valid_ ...
R/bootstrap.R#L751             "CI may be unreliable. Consi ...
R/bootstrap.R#L760 .bootstrap_compute_ci <- function(x, q,  ...
R/bootstrap.R#L785     point_est <- .calculate_tsallis_entr ...
R/bootstrap.R#L786         log_base = log_base, pseudocount ...
R/bootstrap.R#L793     bootstrap_dist <- .bootstrap_resampl ...
R/bootstrap.R#L794         norm = norm, nboot = nboot, log_ ...
R/bootstrap.R#L795         what = what, paired = paired, ef ...
R/bootstrap.R#L802         warning("All bootstrap replicate ...
R/bootstrap.R#L803         return(list(point_est = point_es ...
R/bootstrap.R#L811         ci_result <- .ci_bca(x, bootstra ...
R/bootstrap.R#L817     list(point_est = point_est, bootstra ...
R/bootstrap.R#L824 .bootstrap_compute_diag <- function(poin ...
R/bootstrap.R#L825     x, q, norm, nboot, ci, method, log_b ...
R/bootstrap.R#L826     diagnostics <- list(effective_sample ...
R/bootstrap.R#L827         skewness = .compute_skewness(boo ...
R/bootstrap.R#L834         job_stability <- .compute_job(x, ...
R/bootstrap.R#L835             method = method, log_base =  ...
R/bootstrap.R#L850         upper_ci = ci_result$upper, ci_l ...
R/bootstrap.R#L858         result$job_stability <- diag_lis ...
R/bootstrap.R#L872         message(sprintf("%d%% CI: [%.6f, ...
R/bootstrap.R#L874         message("CI width: ", sprintf("% ...
R/bootstrap.R#L875         message("Interpretation: We are  ...
R/bootstrap.R#L917 #'             Paper Springer Handbook ( ...
R/bootstrap.R#L975 #'     \item{estimate}{Point estimate of ...
R/bootstrap.R#L1121 .calculate_tsallis_entropy_bootstrap <-  ...
R/bootstrap.R#L1122     top_n = 1, q = 2, norm = TRUE, nboot ...
R/bootstrap.R#L1123         "bca"), log_base = exp(1), pseud ...
R/bootstrap.R#L1124     verbose = TRUE, include_diagnostics  ...
R/bootstrap.R#L1135         nboot <- .bootstrap_auto_select_ ...
R/bootstrap.R#L1140         return(invisible(.bootstrap_proc ...
R/bootstrap.R#L1141             log_base, pseudocount, what, ...
R/bootstrap.R#L1147         result <- .bootstrap_process_se( ...
R/bootstrap.R#L1148             log_base, pseudocount, what, ...
R/bootstrap.R#L1162     .validate_bootstrap_data(x, effectiv ...
R/bootstrap.R#L1166         result <- .bootstrap_process_mul ...
R/bootstrap.R#L1170             message("Bootstrap Confidenc ...
R/bootstrap.R#L1173                 message("q=", q[i], ": [ ...
R/bootstrap.R#L1181     ci_data <- .bootstrap_compute_ci(x,  ...
R/bootstrap.R#L1185     diag_list <- .bootstrap_compute_diag ...
R/bootstrap.R#L1186         use_job, paired, x, q, norm, nbo ...
R/bootstrap.R#L1190     result <- .bootstrap_assemble_result ...
R/bootstrap.R#L1227         message("Effective sample size:  ...
R/bootstrap.R#L1229         message("Skewness: ", sprintf("% ...
R/bootstrap.R#L1230         message("Bias: ", sprintf("%.6f" ...
R/bootstrap.R#L1232             message("Acceleration (BCa): ...
R/bootstrap.R#L1236         message("Interpretation: Check e ...
R/bootstrap.R#L1248     message("95% CI: [", sprintf("%.6f", ...
R/bootstrap.R#L1262         message("    95% CI: [", sprintf ...
R/bootstrap.R#L1289 #'     \item{ci_width_variation}{Coeffic ...
R/bootstrap.R#L1290 #'     \item{bound_variability}{Max rela ...
R/bootstrap.R#L1309 .compute_job <- function(x, q, norm, nbo ...
R/bootstrap.R#L1322         method = method, log_base = log_ ...
R/bootstrap.R#L1324     job_cis[[1]] <- data.frame(lower = f ...
R/bootstrap.R#L1331         loo_ci <- .ci_from_bootstrap(x_m ...
R/bootstrap.R#L1332             ci = ci, method = method, lo ...
R/bootstrap.R#L1334         job_cis[[i + 1]] <- data.frame(l ...
R/bootstrap.R#L1354     lower_range <- max(job_df$lower[-1], ...
R/bootstrap.R#L1359     upper_range <- max(job_df$upper[-1], ...
R/bootstrap.R#L1372     lower_outliers <- sum(abs(job_df$low ...
R/bootstrap.R#L1373     upper_outliers <- sum(abs(job_df$upp ...
R/bootstrap.R#L1376     return(list(ci_lower_stable = ci_low ...
R/bootstrap.R#L1377         ci_width_variation = ci_width_va ...
R/bootstrap.R#L1378         n_outlier_bounds = as.numeric(n_ ...
R/bootstrap.R#L1385 .ci_from_bootstrap <- function(x, q, nor ...
R/bootstrap.R#L1387     bootstrap_dist <- .bootstrap_resampl ...
R/bootstrap.R#L1388         log_base = log_base, pseudocount ...
R/bootstrap.R#L1393         ci_result <- .ci_bca(x, bootstra ...
R/bootstrap.R#L1453 .compute_bootstrap_qcurve_cis <- functio ...
R/bootstrap.R#L1473                 bootstrap_results[[g]][[ ...
R/bootstrap.R#L1486             ci_lower <- as.numeric(quant ...
R/bootstrap.R#L1488             ci_upper <- as.numeric(quant ...
R/bootstrap.R#L1491             bootstrap_results[[g]][[as.c ...
R/bootstrap.R#L1492                 na.rm = TRUE), ci_lower  ...
R/bootstrap.R#L1518 #' **Rationale (from paper Springer Hand ...
R/bootstrap.R#L1542 #' Paper Springer Handbook (2006): Boots ...
R/bootstrap.R#L1617     acf_1 <- sum(x_centered[-n] * x_cent ...
R/bootstrap.R#L1650 .compute_tsallis_divergence <- function( ...
R/bootstrap.R#L1673         if (any(is.nan(p_power)) || any( ...
R/bootstrap.R#L1872     plot_df <- data.frame(q = numeric(), ...
R/bootstrap.R#L1917                       q_formatted <- for ...
R/bootstrap.R#L1926                           gene_ci_lower  ...
R/bootstrap.R#L1928                           gene_ci_upper  ...
R/bootstrap.R#L1936                       all_gene_ci_lower  ...
R/bootstrap.R#L1938                       all_gene_ci_upper  ...
R/bootstrap.R#L1964                     q_formatted <- forma ...
R/bootstrap.R#L1969                       all_ci_lower <- c( ...
R/bootstrap.R#L1970                       all_ci_upper <- c( ...
R/bootstrap.R#L1984                   plot_df <- rbind(plot_ ...
R/bootstrap.R#L1985                     ci_lower = ci_lower_ ...
R/bootstrap.R#L1996 .bootstrap_diversity_ci <- function(boot ...
R/bootstrap.R#L1997     bootstrap_ci, bootstrap_nboot, q, ps ...
R/bootstrap.R#L1998     verbose, effective_length = NULL, sh ...
R/bootstrap.R#L2022             stop("After filtering, no ge ...
R/bootstrap.R#L2025         bootstrap_nboot <- .suggest_nboo ...
R/bootstrap.R#L2028             message(sprintf("  -> Auto-s ...
R/bootstrap.R#L2075                 boot_result <- .calculat ...
R/bootstrap.R#L2076                   q = q, norm = TRUE, nb ...
R/bootstrap.R#L2077                   method = bootstrap_met ...
R/bootstrap.R#L2078                   verbose = FALSE, inclu ...
R/bootstrap.R#L2079                   effective_length = el_ ...
R/bootstrap.R#L2082                 bootstrap_results_list[[ ...
R/bootstrap.R#L2083                 pair_metadata <- rbind(p ...
R/bootstrap.R#L2086                   warning("Bootstrap fai ...
R/bootstrap.R#L2093         result_names <- paste0(pair_meta ...
R/bootstrap.R#L2113     list(bootstrap_ci_results = bootstra ...
R/bootstrap.R#L2118 .bootstrap_configure_parallel <- functio ...
R/bootstrap.R#L2132         nboot <- .suggest_nboot(num_gene ...
R/bootstrap.R#L2142     list(nboot = nboot, nthreads = paral ...
R/bootstrap.R#L2146 .bootstrap_build_args <- function(x, y,  ...
R/bootstrap.R#L2148     args <- list(x = x, y = y, q = q_val ...
R/bootstrap.R#L2149         log_base = log_base, pseudocount ...
R/bootstrap.R#L2206     message(sprintf("  CI width to estim ...
R/bootstrap.R#L2274         return(list(skewness_mean = NA_r ...
R/bootstrap.R#L2275             ci_lower = NA_real_, ci_uppe ...
R/bootstrap.R#L2359     return(list(skewness_mean = skewness ...
R/bootstrap.R#L2360         skewness_mad = skewness_mad, ci_ ...
R/bootstrap.R#L2431         return(list(is_multimodal = NA,  ...
R/bootstrap.R#L2432             separation_score = NA_real_, ...
R/bootstrap.R#L2477         return(list(is_multimodal = FALS ...
R/bootstrap.R#L2478             separation_score = NA_real_, ...
R/bootstrap.R#L2491         if (density_vals[i] > density_va ...
R/bootstrap.R#L2519                 cluster_center_idx <- cu ...
R/bootstrap.R#L2520                 clustered_modes <- c(clu ...
R/bootstrap.R#L2525         cluster_center_idx <- current_cl ...
R/bootstrap.R#L2548         sprintf("Bimodal distribution (2 ...
R/bootstrap.R#L2550         sprintf("Multimodal distribution ...
R/bootstrap.R#L2554     list(is_multimodal = is_multimodal,  ...
R/bootstrap.R#L2555         separation_score = separation_sc ...
R/bootstrap.R#L2587             if (abs(mode_locations[i] -  ...
R/bootstrap.R#L2616         sprintf("Multimodal distribution ...
R/bootstrap.R#L2620     list(is_multimodal = is_multimodal,  ...
R/bootstrap.R#L2621         separation_score = separation_sc ...
R/bootstrap.R#L2635         return(list(is_multimodal = FALS ...
R/bootstrap.R#L2636             separation_score = NA_real_, ...
R/bootstrap.R#L2677         sprintf("Multimodal distribution ...
R/bootstrap.R#L2680     list(is_multimodal = is_multimodal,  ...
R/bootstrap.R#L2681         separation_score = separation_sc ...
R/bootstrap.R#L2726 .analyze_ci_width <- function(ci_lower,  ...
R/bootstrap.R#L2758     coverage <- mean(boot_dist >= ci_low ...
R/bootstrap.R#L2807             recommendations <- c(recomme ...
R/bootstrap.R#L2810             recommendations <- c(recomme ...
R/bootstrap.R#L2813             recommendations <- c(recomme ...
R/bootstrap.R#L2816             recommendations <- c(recomme ...
R/bootstrap.R#L2824     list(ci_width = ci_width, ci_width_t ...
R/bootstrap.R#L2825         ci_width_to_sd_ratio = ci_width_ ...
R/bootstrap.R#L2826         coverage_estimate = coverage, pr ...
R/bootstrap.R#L2827             0) issues else "none detecte ...
R/bootstrap.R#L2871     skewness_diag <- .estimate_bootstrap ...
R/bootstrap.R#L2872     multimodality_diag <- .detect_multim ...
R/bootstrap.R#L2873     ci_width_diag <- .analyze_ci_width(b ...
R/bootstrap.R#L2882             reliability_flags <- reliabi ...
R/bootstrap.R#L2888         reliability_flags <- reliability ...
R/bootstrap.R#L2892     if (!is.na(ci_width_diag$ci_symmetry ...
R/bootstrap.R#L2915         summary_recommendations <- c("Bo ...
R/bootstrap.R#L2918         summary_recommendations <- c("Bo ...
R/bootstrap.R#L2921             summary_recommendations <- c ...
R/bootstrap.R#L2925             summary_recommendations <- c ...
R/bootstrap.R#L2929         summary_recommendations <- c("Bo ...
R/bootstrap.R#L2930             "  1. Check input data quali ...
R/bootstrap.R#L2931             "  3. Use BCa method instead ...
R/bootstrap.R#L2935     return(list(skewness_analysis = skew ...
R/bootstrap.R#L2936         ci_width_analysis = ci_width_dia ...
R/divergence_core.R#L78 #'               to preserve within-pair ...
R/divergence_core.R#L151 #' - Papers Ramsay (2005), Springer Seri ...
R/divergence_core.R#L178 #' - Bootstrap methodology: Papers Ramsa ...
R/divergence_core.R#L190 #' The function does NOT accept a `seed` ...
R/divergence_core.R#L192 #' when `nthreads > 1`, BiocParallel aut ...
R/divergence_core.R#L197 .calculate_divergence <- function(se, gr ...
R/divergence_core.R#L198     paired = FALSE, bootstrap = FALSE, n ...
R/divergence_core.R#L199     norm = TRUE, log_base = exp(1), pseu ...
R/divergence_core.R#L218     if (!is.null(method) && (!is.charact ...
R/divergence_core.R#L235     .calculate_divergence_impl(se, group ...
R/divergence_core.R#L236         nboot, ci, method, norm, log_bas ...
R/divergence_core.R#L247 .validate_and_auto_detect_groups <- func ...
R/divergence_core.R#L253                 stop("Could not auto-det ...
R/divergence_core.R#L254                   paste(colnames(Summari ...
R/divergence_core.R#L259                 message("[calculate_dive ...
R/divergence_core.R#L265                 stop("Could not auto-det ...
R/divergence_core.R#L266                   collapse = ", "), ". P ...
R/divergence_core.R#L271                 message("[calculate_dive ...
R/divergence_core.R#L290         stop("No genes to process. ", "s ...
R/divergence_core.R#L294     list(gene_col = gene_col, all_gene_n ...
R/divergence_core.R#L305 .prepare_divergence_execution <- functio ...
R/divergence_core.R#L316             pairing_info <- sprintf(" [p ...
R/divergence_core.R#L321                 message("NOTE: Paired sa ...
R/divergence_core.R#L322                   "' column.\n", "       ...
R/divergence_core.R#L327                 message("paired=TRUE but ...
R/divergence_core.R#L336             paste0("bootstrap with ", nb ...
R/divergence_core.R#L355 .compute_divergence_worker <- function(g ...
R/divergence_core.R#L356     rd, group_col, control_group, q, nbo ...
R/divergence_core.R#L365         .process_single_gene_div(gene_id ...
R/divergence_core.R#L366             control_group, q, nboot, ci, ...
R/divergence_core.R#L370     results_list <- .bplapply(X = seq_al ...
R/divergence_core.R#L381 .finalize_divergence_matrices <- functio ...
R/divergence_core.R#L418             message(sprintf("Applying '% ...
R/divergence_core.R#L422         normalized <- .normalize_diverge ...
R/divergence_core.R#L437                 row_data_df$per_q_patter ...
R/divergence_core.R#L450 .print_divergence_summary <- function(nu ...
R/divergence_core.R#L461         message("  Average per gene:     ...
R/divergence_core.R#L462         message("  Genes per minute:     ...
R/divergence_core.R#L469                 message(sprintf("  [%d]  ...
R/divergence_core.R#L481 .calculate_divergence_impl <- function(s ...
R/divergence_core.R#L482     q = 1, paired = FALSE, bootstrap = F ...
R/divergence_core.R#L483     norm = TRUE, log_base = exp(1), pseu ...
R/divergence_core.R#L500     method <- if (!is.null(method) && is ...
R/divergence_core.R#L506     nthreads <- if (is.numeric(nthreads) ...
R/divergence_core.R#L548     boot_config <- .bootstrap_configure_ ...
R/divergence_core.R#L558     exec_setup <- .prepare_divergence_ex ...
R/divergence_core.R#L566     comp_result <- .compute_divergence_w ...
R/divergence_core.R#L567         rd, group_col, control_group, q, ...
R/divergence_core.R#L576     matrices_final <- .finalize_divergen ...
R/divergence_core.R#L586     .print_divergence_summary(num_genes, ...
R/divergence_core.R#L592     result_se <- .construct_result_se(as ...
R/divergence_core.R#L593         q_vals = q, elapsed = elapsed, n ...
R/divergence_core.R#L594         use_parallel = use_parallel, num ...
R/divergence_core.R#L615     match.arg(norm, choices = c("none",  ...
R/divergence_core.R#L624         stop("q parameter must be >= 0.  ...
R/divergence_core.R#L625             "q=0 represents uniform dive ...
R/divergence_core.R#L705         gene_transcript_indices <- which ...
R/divergence_core.R#L715     counts_matrix <- as.matrix(Summarize ...
R/divergence_core.R#L737 .make_error_result <- function(gene_name ...
R/divergence_core.R#L738     list(gene_name = gene_name, results_ ...
R/divergence_core.R#L739         lower_ci = NA_real_, upper_ci =  ...
R/divergence_core.R#L750 .compute_divergence_q <- function(x, y,  ...
R/divergence_core.R#L760         point_estimates <- .tsallis_dive ...
R/divergence_core.R#L770         bootstrap_args <- .bootstrap_bui ...
R/divergence_core.R#L777         if (!is.null(point_estimates) && ...
R/divergence_core.R#L798     assay_matrix <- matrix(NA_real_, nro ...
R/divergence_core.R#L801     row_data_df <- data.frame(gene_name  ...
R/divergence_core.R#L820 .populate_matrices <- function(results_l ...
R/divergence_core.R#L836                 row_data_df[[paste0("est ...
R/divergence_core.R#L837                 row_data_df[[paste0("low ...
R/divergence_core.R#L838                 row_data_df[[paste0("upp ...
R/divergence_core.R#L839                 row_data_df[[paste0("met ...
R/divergence_core.R#L841                 row_data_df[[paste0("nbo ...
R/divergence_core.R#L846                   row_data_df[[paste0("c ...
R/divergence_core.R#L880                   row_data_df[[estimate_ ...
R/divergence_core.R#L881                   row_data_df[[lower_col ...
R/divergence_core.R#L882                   row_data_df[[upper_col ...
R/divergence_core.R#L911                   row_data_df[[estimate_ ...
R/divergence_core.R#L912                   row_data_df[[lower_col ...
R/divergence_core.R#L913                   row_data_df[[upper_col ...
R/divergence_core.R#L925 .divergence_normalize_log_odds_ratio <-  ...
R/divergence_core.R#L944                 row_data_df[[estimate_co ...
R/divergence_core.R#L946                 row_data_df[[lower_col]] ...
R/divergence_core.R#L947                 row_data_df[[upper_col]] ...
R/divergence_core.R#L975                   row_data_df[[estimate_ ...
R/divergence_core.R#L976                   row_data_df[[lower_col ...
R/divergence_core.R#L977                   row_data_df[[upper_col ...
R/divergence_core.R#L989 .normalize_divergence_matrix <- function ...
R/divergence_core.R#L1003         return(.divergence_normalize_log ...
R/divergence_core.R#L1019     list(total_elapsed = elapsed, avg_pe ...
R/divergence_core.R#L1020         60, successful = num_success, fa ...
R/divergence_core.R#L1030 .construct_result_se <- function(assay_m ...
R/divergence_core.R#L1038         ci_lower_matrix <- matrix(NA_rea ...
R/divergence_core.R#L1040         ci_upper_matrix <- matrix(NA_rea ...
R/divergence_core.R#L1050             if (lower_col %in% colnames( ...
R/divergence_core.R#L1065     col_data_output <- data.frame(q_valu ...
R/divergence_core.R#L1066         length(q_vals)), computation_mod ...
R/divergence_core.R#L1071     SummarizedExperiment::SummarizedExpe ...
R/divergence_core.R#L1072         colData = col_data_output, metad ...
R/divergence_core.R#L1073             successful = num_success, fa ...
R/divergence_core.R#L1074             avg_time_per_gene = elapsed/ ...
R/divergence_core.R#L1075                 60, bootstrap_config = l ...
R/divergence_core.R#L1076             normalization = norm, comput ...
R/divergence_core.R#L1083     group_col, control_group, q, nboot,  ...
R/divergence_core.R#L1092         if (!is.null(transcript_map_cach ...
R/divergence_core.R#L1095             counts_gene <- rowSums(assay ...
R/divergence_core.R#L1098             counts_gene <- .compute_aggr ...
R/divergence_core.R#L1102             return(.make_error_result(ge ...
R/divergence_core.R#L1113         group_counts <- .extract_group_c ...
R/divergence_core.R#L1118             return(.make_error_result(ge ...
R/divergence_core.R#L1122         gene_results <- .compute_diverge ...
R/divergence_core.R#L1127         list(gene_name = gene_name, resu ...
R/divergence_core.R#L1130         .make_error_result(gene_name, q, ...
R/divergence_effect_sizes.R#L110 #' - Papers Ramsay (2005), Springer Seri ...
R/divergence_effect_sizes.R#L114 .calculate_effect_sizes <- function(lm_r ...
R/divergence_effect_sizes.R#L119     filter_list <- .filterSignificantGen ...
R/divergence_effect_sizes.R#L124         return(list(interaction_results  ...
R/divergence_effect_sizes.R#L125             passed_lmm = 0, failed_missi ...
R/divergence_effect_sizes.R#L127     merge_list <- .mergeEffectSizesForGe ...
R/divergence_effect_sizes.R#L129     .printMergeSummary(merge_list$valida ...
R/divergence_effect_sizes.R#L132         merge_list$interaction_results < ...
R/divergence_effect_sizes.R#L135     return(list(interaction_results = me ...
R/divergence_effect_sizes.R#L144 .filterSignificantGenes <- function(lm_r ...
R/divergence_effect_sizes.R#L148     significant_idx <- valid_p_idx & (lm ...
R/divergence_effect_sizes.R#L154         message("- Genes with adj_p_inte ...
R/divergence_effect_sizes.R#L161     return(list(significant_genes = sign ...
R/divergence_effect_sizes.R#L166 .mergeEffectSizesForGenes <- function(lm ...
R/divergence_effect_sizes.R#L168     validation_stats <- list(total_genes ...
R/divergence_effect_sizes.R#L183             message("  - lm_res$gene (fi ...
R/divergence_effect_sizes.R#L184             message("  - lm_res$gene_nam ...
R/divergence_effect_sizes.R#L187             message("  - lm_res$gene (fi ...
R/divergence_effect_sizes.R#L189         message("  - divergence gene_nam ...
R/divergence_effect_sizes.R#L209         message("[calculate_effect_sizes ...
R/divergence_effect_sizes.R#L247             debug_messages <- c(debug_me ...
R/divergence_effect_sizes.R#L255             validation_stats$failed_miss ...
R/divergence_effect_sizes.R#L263             debug_messages[length(debug_ ...
R/divergence_effect_sizes.R#L271                 validation_stats$failed_ ...
R/divergence_effect_sizes.R#L274                   debug_messages <- c(de ...
R/divergence_effect_sizes.R#L280             new_row <- .formatSingleQRes ...
R/divergence_effect_sizes.R#L287                   p_interaction = lmm_da ...
R/divergence_effect_sizes.R#L288                   div_data = div_data, q ...
R/divergence_effect_sizes.R#L289                   q_strs = q_strs_precom ...
R/divergence_effect_sizes.R#L290                   lower_cols = lower_col ...
R/divergence_effect_sizes.R#L292                 new_row <- .formatSingle ...
R/divergence_effect_sizes.R#L293                   p_interaction = lmm_da ...
R/divergence_effect_sizes.R#L298                 validation_stats$failed_ ...
R/divergence_effect_sizes.R#L301                   debug_messages <- c(de ...
R/divergence_effect_sizes.R#L313             debug_messages <- c(debug_me ...
R/divergence_effect_sizes.R#L336     return(list(interaction_results = in ...
R/divergence_effect_sizes.R#L375     if (!("gene" %in% colnames(lm_res))  ...
R/divergence_effect_sizes.R#L380         stop("divergence_results_se must ...
R/divergence_effect_sizes.R#L396     divergence_genes <- as.character(if  ...
R/divergence_effect_sizes.R#L397     lm_res_genes <- as.character(if ("ge ...
R/divergence_effect_sizes.R#L400         stop("lm_res must have either a  ...
R/divergence_effect_sizes.R#L416             message("  - Genes filtered  ...
R/divergence_effect_sizes.R#L420             message("[calculate_effect_s ...
R/divergence_effect_sizes.R#L430             stop("divergence_results_se  ...
R/divergence_effect_sizes.R#L431                 "  - Per-q columns: 'est ...
R/divergence_effect_sizes.R#L436             message("[calculate_effect_s ...
R/divergence_effect_sizes.R#L445             message("[calculate_effect_s ...
R/divergence_effect_sizes.R#L450     return(list(lm_res = lm_res, diverge ...
R/divergence_effect_sizes.R#L460         interaction_results <- data.fram ...
R/divergence_effect_sizes.R#L461             slope_diff = numeric(0), eff ...
R/divergence_effect_sizes.R#L470         col_list <- setNames(replicate(l ...
R/divergence_effect_sizes.R#L472         interaction_results <- data.fram ...
R/divergence_effect_sizes.R#L474         interaction_results <- cbind(int ...
R/divergence_effect_sizes.R#L503     return(list(match_name = match_name, ...
R/divergence_effect_sizes.R#L533 .formatSingleQResult <- function(match_n ...
R/divergence_effect_sizes.R#L534     data.frame(gene = match_name, p_valu ...
R/divergence_effect_sizes.R#L535         effect_size_D = abs(div_data$est ...
R/divergence_effect_sizes.R#L543     q_values, col_cache = NULL, q_strs = ...
R/divergence_effect_sizes.R#L560     new_row <- data.frame(gene = match_n ...
R/divergence_effect_sizes.R#L602             sprintf(" CI=[%.4f, %.4f]",  ...
R/divergence_effect_sizes.R#L617     message("  [SUCCESS] ", lmm_data$mat ...
R/divergence_effect_sizes.R#L624 .printMergeSummary <- function(validatio ...
R/divergence_effect_sizes.R#L630     message("\n[calculate_effect_sizes]  ...
R/divergence_effect_sizes.R#L631         validation_stats$total_genes, "\ ...
R/divergence_effect_sizes.R#L632         "\n", "  - Failed (missing diver ...
R/divergence_effect_sizes.R#L633         "\n", "  - Other errors: ", vali ...
R/divergence_effect_sizes.R#L641             message("- Mean D:", round(m ...
R/divergence_effect_sizes.R#L643             message("- Median D:", round ...
R/divergence_effect_sizes.R#L645             message("- Range: [", round( ...
R/divergence_effect_sizes.R#L646                 4), ", ", round(max(inte ...
R/divergence_effect_sizes.R#L655                   valid_vals <- interact ...
R/divergence_effect_sizes.R#L657                     message("- q=", q_va ...
R/divergence_effect_sizes.R#L658                       na.rm = TRUE), 4), ...
R/divergence_effect_sizes.R#L665         message("- Interpretation: D > 0 ...
R/divergence_effect_sizes.R#L674 .enrichWithQPatterns <- function(interac ...
R/divergence_effect_sizes.R#L677     div_rd <- as.data.frame(SummarizedEx ...
R/divergence_effect_sizes.R#L736         return(list(pattern = NA_charact ...
R/divergence_effect_sizes.R#L742         return(list(pattern = NA_charact ...
R/divergence_effect_sizes.R#L749         return(list(pattern = NA_charact ...
R/divergence_effect_sizes.R#L756     has_q_names <- has_names && (length( ...
R/divergence_effect_sizes.R#L762             return(list(pattern = NA_cha ...
R/divergence_effect_sizes.R#L773             return(list(pattern = NA_cha ...
R/divergence_effect_sizes.R#L786             return(list(pattern = NA_cha ...
R/divergence_effect_sizes.R#L806                 return(list(pattern = pa ...
R/divergence_effect_sizes.R#L810         return(list(pattern = NA_charact ...
R/divergence_effect_sizes.R#L815     return(list(pattern = NA_character_, ...
R/divergence_helpers.R#L36 #'     \item{sample_counts}{Named intege ...
R/divergence_helpers.R#L48     group_col_candidates <- c("sample_ty ...
R/divergence_helpers.R#L63         return(list(group_col = NA_chara ...
R/divergence_helpers.R#L73     control_candidates <- c("Normal", "C ...
R/divergence_helpers.R#L98     return(list(group_col = group_col, c ...
R/divergence_helpers.R#L158     candidate_cols <- c("paired_samples" ...
R/divergence_helpers.R#L176             return(list(pair_ids = pair_ ...
R/divergence_helpers.R#L182     return(list(pair_ids = NULL, column_ ...
R/divergence_helpers.R#L198 #' **Statistical Justification (Papers R ...
R/divergence_helpers.R#L199 #' - Ramsay (2005), Springer Series in S ...
R/divergence_helpers.R#L219 .jis_resample_paired_data <- function(co ...
R/divergence_helpers.R#L224     all_groups <- c(rep(control_group, l ...
R/divergence_helpers.R#L232     resampled_pairs <- sample(seq_len(nu ...
R/divergence_helpers.R#L245                 resampled_control <- c(r ...
R/divergence_helpers.R#L247                 resampled_treatment <- c ...
R/divergence_helpers.R#L256         stop("Paired bootstrap produced  ...
R/divergence_helpers.R#L257             " control vs ", length(resam ...
R/divergence_helpers.R#L260     return(list(control_resampled = resa ...
R/divergence_helpers.R#L299         if (!(is.numeric(pair_ids) || is ...
R/divergence_helpers.R#L311             pair_id_map <- setNames(seq_ ...
R/divergence_helpers.R#L317             names(pair_ids) <- pair_ids_ ...
R/divergence_helpers.R#L335             warning("Not all x samples f ...
R/divergence_helpers.R#L343             warning("Not all y samples f ...
R/divergence_helpers.R#L363             complete_pair_ids <- interse ...
R/divergence_helpers.R#L367                 message(sprintf("Paired  ...
R/divergence_helpers.R#L368                   length(complete_pair_i ...
R/divergence_helpers.R#L389 .calculate_divergence_bootstrap <- funct ...
R/divergence_helpers.R#L390     method = "percentile", log_base = ex ...
R/divergence_helpers.R#L412                   divergence_bootstrap_f ...
R/divergence_helpers.R#L413                     x_pair_ids = pair_da ...
R/divergence_helpers.R#L425             bootstrap_dist <- divergence ...
R/divergence_helpers.R#L426                 q = q, nboot = as.intege ...
R/divergence_helpers.R#L433             lower_ci <- stats::quantile( ...
R/divergence_helpers.R#L434             upper_ci <- stats::quantile( ...
R/divergence_helpers.R#L439             lower_ci <- stats::quantile( ...
R/divergence_helpers.R#L440             upper_ci <- stats::quantile( ...
R/divergence_helpers.R#L447     return(list(estimate = point_est, lo ...
R/divergence_helpers.R#L458 .tsallis_divergence_scalar <- function(x ...
R/divergence_helpers.R#L510         if (any(is.nan(p_power)) || any( ...
R/divergence_helpers.R#L561 .tsallis_divergence_vector <- function(x ...
R/divergence_helpers.R#L621             if (any(is.nan(p_power)) ||  ...
R/diversity_core.R#L173 #' [OK] Bootstrap properties: Papers Li  ...
R/diversity_core.R#L204 .calculate_diversity <- function(x, gene ...
R/diversity_core.R#L205     verbose = FALSE, show_messages = FAL ...
R/diversity_core.R#L206     pseudocount = 0, min_valid_frac = 0. ...
R/diversity_core.R#L207     metadata = NULL, bootstrap = FALSE,  ...
R/diversity_core.R#L208     bootstrap_ci = 0.95, bootstrap_inclu ...
R/diversity_core.R#L213     validated <- .validate_diversity_par ...
R/diversity_core.R#L223     prep <- .prepare_diversity_data(x, g ...
R/diversity_core.R#L224         q, what, nthreads, shrinkage, ps ...
R/diversity_core.R#L230     effective_length <- prep$effective_l ...
R/diversity_core.R#L233     bootstrap_ci_results <- .bootstrap_d ...
R/diversity_core.R#L234         bootstrap_method, bootstrap_ci,  ...
R/diversity_core.R#L240     output_structure <- .prepare_diversi ...
R/diversity_core.R#L244     .build_diversity_se_output(result, o ...
R/diversity_core.R#L245         bootstrap_ci_results, bootstrap, ...
R/diversity_core.R#L256 .validate_diversity_parameters <- functi ...
R/diversity_core.R#L262     norm <- match.arg(norm, choices = c( ...
R/diversity_core.R#L267         stop("Argument 'q' must be numer ...
R/diversity_core.R#L276     if (!is.numeric(pseudocount) && !(is ...
R/diversity_core.R#L281     list(norm = norm, q = q, what = what ...
R/diversity_core.R#L293         message("Computing pseudocount a ...
R/diversity_core.R#L311     if (!is(original_x, "SummarizedExper ...
R/diversity_core.R#L342         if (!is.null(se_rownames) && len ...
R/diversity_core.R#L349             if (!all(is.na(matched_idx)) ...
R/diversity_core.R#L389 .prepare_diversity_data <- function(x, g ...
R/diversity_core.R#L390     q, what, nthreads, shrinkage, pseudo ...
R/diversity_core.R#L394     inp <- .prepare_diversity_input(x =  ...
R/diversity_core.R#L405         stop("The number of rows is not  ...
R/diversity_core.R#L413     if (is.null(effective_length) && (is ...
R/diversity_core.R#L415         md <- tryCatch(S4Vectors::metada ...
R/diversity_core.R#L431     result <- .calculate_method(x, genes ...
R/diversity_core.R#L432         q = q, what = what, nthreads = n ...
R/diversity_core.R#L437     list(result = result, x = x, genes = ...
R/diversity_core.R#L458                 counts_assay[i, ] <- col ...
R/diversity_core.R#L479     counts_assay_rep <- matrix(0, nrow = ...
R/diversity_core.R#L508             sample_col_cache[[s_name]] < ...
R/diversity_core.R#L564 .populate_ci_from_bootstrap <- function( ...
R/diversity_core.R#L566     if (is.list(boot_item) && !is.null(n ...
R/diversity_core.R#L577                   ci_lower[gene_row_idx, ...
R/diversity_core.R#L578                   ci_upper[gene_row_idx, ...
R/diversity_core.R#L595 .populate_diversity_ci_matrices <- funct ...
R/diversity_core.R#L637         gene_row_idx <- .lookup_gene_row ...
R/diversity_core.R#L650         result <- .populate_ci_from_boot ...
R/diversity_core.R#L663 .build_diversity_metadata <- function(q, ...
R/diversity_core.R#L665     result_meta_list <- list(q = q, what ...
R/diversity_core.R#L666         bootstrap_nboot = if (!is.null(b ...
R/diversity_core.R#L667         bootstrap_method = if (!is.null( ...
R/diversity_core.R#L668         bootstrap_ci = if (!is.null(boot ...
R/diversity_core.R#L670     if (is(original_x, "SummarizedExperi ...
R/diversity_core.R#L681 .build_diversity_se_output <- function(r ...
R/diversity_core.R#L682     bootstrap_ci_results, bootstrap, met ...
R/diversity_core.R#L689     counts_assay <- .aggregate_counts_to ...
R/diversity_core.R#L692     counts_assay <- .replicate_counts_fo ...
R/diversity_core.R#L711     if (!is.null(bootstrap_ci_results) & ...
R/diversity_core.R#L713         ci_mats <- .populate_diversity_c ...
R/diversity_core.R#L725                 message("  [OK] Added ci ...
R/diversity_core.R#L727             message("  [INFO] Bootstrap  ...
R/diversity_core.R#L732     result_meta_list <- .build_diversity ...
R/diversity_core.R#L736     result <- SummarizedExperiment::Summ ...
R/diversity_core.R#L748 .prepare_diversity_metadata <- function( ...
R/diversity_core.R#L760         col_ids <- paste0(col_split[, 1] ...
R/diversity_core.R#L762         result_colData <- data.frame(sam ...
R/diversity_core.R#L766         if (is(original_x, "SummarizedEx ...
R/diversity_core.R#L767             orig_coldata <- try(Summariz ...
R/diversity_core.R#L768             if (!inherits(orig_coldata,  ...
R/diversity_core.R#L770                 if (length(rownames(orig ...
R/diversity_core.R#L772                   sample_indices <- matc ...
R/diversity_core.R#L774                   sample_indices <- matc ...
R/diversity_core.R#L793         result_colData <- data.frame(sam ...
R/diversity_core.R#L797         if (is(original_x, "SummarizedEx ...
R/diversity_core.R#L798             orig_coldata <- try(Summariz ...
R/diversity_core.R#L799             if (!inherits(orig_coldata,  ...
R/diversity_core.R#L807     list(colData = result_colData, rowDa ...
R/diversity_helpers.R#L38             result <- matrix(result, nro ...
R/diversity_helpers.R#L51                 result[valid_idx] <- (en ...
R/diversity_helpers.R#L127         valid_mask <- !is.na(n_iso_vec)  ...
R/diversity_helpers.R#L130         result[valid_mask, col_idx] <- l ...
R/diversity_helpers.R#L137 .normalize_relative_reference <- functio ...
R/diversity_helpers.R#L143         stop("group_vector length must e ...
R/diversity_helpers.R#L160         stop(sprintf("reference_group '% ...
R/diversity_helpers.R#L180     result[valid_mask, ] <- entropy_matr ...
R/diversity_helpers.R#L255 .prepare_diversity_input <- function(x,  ...
R/diversity_helpers.R#L256     if (!(is.matrix(x) || is.data.frame( ...
R/diversity_helpers.R#L258         stop("Input data type is not sup ...
R/diversity_helpers.R#L267         message("Note: tpm as a logical  ...
R/diversity_helpers.R#L277             stop("Matrix/data frame has  ...
R/diversity_helpers.R#L286             stop("Matrix/data.frame must ...
R/diversity_helpers.R#L303                   " if your DGEList cont ...
R/diversity_helpers.R#L306                 message("Note: tpm as a  ...
R/diversity_helpers.R#L309             stop("The package cannot fin ...
R/diversity_helpers.R#L318         # Only use md$readcounts if dime ...
R/diversity_helpers.R#L324             if (!is.na(md_readcounts_dim ...
R/diversity_helpers.R#L338                 se_assay_mat <- as.matri ...
R/diversity_helpers.R#L341                   message("Using TPM ass ...
R/diversity_helpers.R#L349                 se_assay_mat <- as.matri ...
R/diversity_helpers.R#L352                   message("Note: tpm=TRU ...
R/diversity_helpers.R#L358             if (exists("se_assay_mat") & ...
R/diversity_helpers.R#L371                 genes <- as.character(tx ...
R/diversity_helpers.R#L382                 stop("Please construct a ...
R/diversity_helpers.R#L395             stop("Input matrix has no ro ...
R/diversity_helpers.R#L469         stop("count_matrix must be a mat ...
R/diversity_helpers.R#L480     min_count <- as.numeric(quantile(gen ...
R/diversity_helpers.R#L486         message("  Gene total range: [", ...
R/diversity_helpers.R#L490         message("  Genes retained: ", n_ ...
R/diversity_helpers.R#L511 #'   \item{size_factors}{Named numeric v ...
R/diversity_helpers.R#L604         message("  Size Factors Range: [ ...
R/diversity_helpers.R#L614         message("  Calculated Pseudocoun ...
R/diversity_helpers.R#L618     list(scalar_pseudocount = scalar_pse ...
R/diversity_helpers.R#L619         n_samples = n_samples, mean_lib_ ...
R/diversity_helpers.R#L656 .ci_bca <- function(x, bootstrap_dist, q ...
R/diversity_helpers.R#L661     point_est <- .calculate_tsallis_entr ...
R/diversity_helpers.R#L740 #'     \item{global_mean}{Named numeric  ...
R/diversity_helpers.R#L744 #'     \item{outlier_genes}{List of dete ...
R/diversity_helpers.R#L753 .estimate_shrinkage_params <- function(x ...
R/diversity_helpers.R#L766     q_cols <- grep(paste0("_q=", q, "$", ...
R/diversity_helpers.R#L772         q_cols <- colnames(entropy_matri ...
R/diversity_helpers.R#L776     global_mean <- colMeans(entropy_matr ...
R/diversity_helpers.R#L777     global_var <- apply(entropy_matrix[, ...
R/diversity_helpers.R#L810                 var(entropy_matrix[gene_ ...
R/diversity_helpers.R#L834             span_adaptive <- min(0.5, ma ...
R/diversity_helpers.R#L837                 loess_fit <- loess(gene_ ...
R/diversity_helpers.R#L838                   span = span_adaptive,  ...
R/diversity_helpers.R#L852                 outliers <- gene_names[v ...
R/diversity_helpers.R#L858                 warning(sprintf("Loess t ...
R/diversity_helpers.R#L864     return(list(global_mean = global_mea ...
R/diversity_helpers.R#L865         outlier_genes = outlier_genes, n ...
R/diversity_helpers.R#L917     outlier_genes <- params$outlier_gene ...
R/diversity_helpers.R#L956                 mean_key <- names(global ...
R/diversity_helpers.R#L959                 var_key <- names(global_ ...
R/diversity_helpers.R#L975                 if (is.null(names(gene_i ...
R/diversity_helpers.R#L996                   lambda <- df_prior_adj ...
R/diversity_helpers.R#L997                   w_vec[valid_non_outlie ...
R/diversity_helpers.R#L1012     result[is_finite_mask] <- weights_ma ...
R/diversity_helpers.R#L1013         (1 - weights_matrix[is_finite_ma ...
R/diversity_helpers.R#L1109             return(list(S = rep(NA_real_ ...
R/diversity_helpers.R#L1140     S_vec <- .calc_S(p = p, q = q, tol = ...
R/diversity_helpers.R#L1203 .calculate_method <- function(x, genes,  ...
R/diversity_helpers.R#L1204     q = 2, what = c("S", "D"), nthreads  ...
R/diversity_helpers.R#L1210         stop("Argument 'q' must be numer ...
R/diversity_helpers.R#L1224     coln <- as.vector(t(outer(sample_nam ...
R/diversity_helpers.R#L1229         .tsallis_row(x = x, genes = gene ...
R/diversity_helpers.R#L1235     result_mat <- t(vapply(result_list,  ...
R/diversity_helpers.R#L1250             message("Applying empirical  ...
R/diversity_helpers.R#L1254         params <- .estimate_shrinkage_pa ...
R/diversity_helpers.R#L1261         result_mat_shrink <- .apply_shri ...
R/diversity_helpers.R#L1270             message(sprintf("  %d genes  ...
R/diversity_helpers.R#L1288         message(sprintf("Note: %d genes  ...
R/diversity_helpers.R#L1299 .tsallis_row <- function(x, genes, gene, ...
R/entropy_core.R#L18 .entropy_core <- function(proportions, q ...
R/entropy_core.R#L99 .entropy_vectorized <- function(counts,  ...
R/entropy_core.R#L174 .entropy_single <- function(counts, q =  ...
R/entropy_core.R#L209         if (!is.na(max_entropy) && !is.n ...
R/globals.R#L25         "label_flag", "sample_q", "qnum" ...
R/globals.R#L26         "divergence", "lower", "upper",  ...
R/globals.R#L28         "method", "direction", "gene", " ...
R/globals.R#L52 DEPENDENCIES <- list(diversity = charact ...
R/globals.R#L64 METHOD_ORDER <- c("diversity", "jackknif ...
R/globals.R#L103     palette_dark2 <- c("#1B9E77", "#D95F ...
R/globals.R#L244     ggplot2::theme_minimal(base_size = b ...
R/globals.R#L246         plot.subtitle = ggplot2::element ...
R/globals.R#L247             0.95), axis.title = ggplot2: ...
R/globals.R#L248             0.9), panel.grid.minor = ggp ...
R/globals.R#L289 .font_sizes <- list(title = 19, subtitle ...
R/globals.R#L318     .theme_base(base_size = base_size) + ...
R/globals.R#L319         panel.grid.major.y = ggplot2::el ...
R/globals.R#L386 .calculate_plot_dims <- function(width_i ...
R/globals.R#L390         warning("aspect_type '", aspect_ ...
R/globals.R#L395     aspect_ratio <- switch(aspect_type,  ...
R/globals.R#L396         wide = .aspect_ratio_wide, .aspe ...
R/globals.R#L403     list(width = width_inches, height =  ...
R/globals.R#L439 .scale_font_by_area <- function(width_in ...
R/io_salmon.R#L49 .detect_salmon_samples <- function(salmo ...
R/io_salmon.R#L52         stop("[.detect_salmon_samples] ' ...
R/io_salmon.R#L56         stop("[.detect_salmon_samples] D ...
R/io_salmon.R#L57             "  Suggestion: Check path sp ...
R/io_salmon.R#L61     file_paths <- list.files(path = salm ...
R/io_salmon.R#L65         stop("[.detect_salmon_samples] N ...
R/io_salmon.R#L66             salmon_dir, "\n", "  Expecte ...
R/io_salmon.R#L67             "  Suggestion: Check if file ...
R/io_salmon.R#L76         warning("[.detect_salmon_samples ...
R/io_salmon.R#L80     list(sample_names = sample_names, fi ...
R/io_salmon.R#L100 #'   \item All files have matching trans ...
R/io_salmon.R#L113         stop("[.validate_salmon_files] F ...
R/io_salmon.R#L123         message("[.validate_salmon_files ...
R/io_salmon.R#L126         first_data <- readr::read_tsv(fi ...
R/io_salmon.R#L127             Length = readr::col_integer( ...
R/io_salmon.R#L128             TPM = readr::col_double(), N ...
R/io_salmon.R#L133             stop("[.validate_salmon_file ...
R/io_salmon.R#L134                 collapse = ", "), "\n",  ...
R/io_salmon.R#L144         stop("[.validate_salmon_files] E ...
R/io_salmon.R#L145             "\n", "  Details: ", conditi ...
R/io_salmon.R#L151             message("[.validate_salmon_f ...
R/io_salmon.R#L159                 current_data <- readr::r ...
R/io_salmon.R#L160                   Length = readr::col_in ...
R/io_salmon.R#L161                   TPM = readr::col_doubl ...
R/io_salmon.R#L170                   missing_in_curr <- set ...
R/io_salmon.R#L171                   extra_in_curr <- setdi ...
R/io_salmon.R#L174                     warnings_msg <- past ...
R/io_salmon.R#L178                     warnings_msg <- past ...
R/io_salmon.R#L182                   warning("[.validate_sa ...
R/io_salmon.R#L183                     warnings_msg, "  Sug ...
R/io_salmon.R#L187                   stop("[.validate_salmo ...
R/io_salmon.R#L191                 stop("[.validate_salmon_ ...
R/io_salmon.R#L260 .read_salmon_samples <- function(file_pa ...
R/io_salmon.R#L264         stop("[.read_salmon_samples] 'fi ...
R/io_salmon.R#L270             message("[.read_salmon_sampl ...
R/io_salmon.R#L271                 paste(sample_names[seq_l ...
R/io_salmon.R#L277         stop("[.read_salmon_samples] Len ...
R/io_salmon.R#L283         message("[.read_salmon_samples]  ...
R/io_salmon.R#L287     col_spec <- readr::cols(Name = readr ...
R/io_salmon.R#L288         EffectiveLength = readr::col_dou ...
R/io_salmon.R#L294         message("[.read_salmon_samples]  ...
R/io_salmon.R#L296     first_data <- readr::read_tsv(file_p ...
R/io_salmon.R#L308     counts_matrix <- matrix(NA_real_, nr ...
R/io_salmon.R#L313         tpm_matrix <- matrix(NA_real_, n ...
R/io_salmon.R#L319         eff_length_matrix <- matrix(NA_r ...
R/io_salmon.R#L334                 message("[.read_salmon_s ...
R/io_salmon.R#L355         message("[.read_salmon_samples]  ...
R/jackknife_diagnostics.R#L46 #'     \item{influence}{Numeric vector o ...
R/jackknife_diagnostics.R#L182 #' [OK] Jackknife methodology: Papers Ra ...
R/jackknife_diagnostics.R#L200 #' [OK] Bootstrap confidence: Papers Li  ...
R/jackknife_diagnostics.R#L267     q = 1, norm = TRUE, log_base = exp(1 ...
R/jackknife_diagnostics.R#L274         return(.jackknife_process_multiq ...
R/jackknife_diagnostics.R#L280         return(.jackknife_process_se(se, ...
R/jackknife_diagnostics.R#L292         return(.jackknife_process_matrix ...
R/jackknife_diagnostics.R#L313     return(.jackknife_process_vector_cor ...
R/jackknife_diagnostics.R#L329     if (!is.numeric(threshold) || is.na( ...
R/jackknife_diagnostics.R#L338 .jackknife_process_multiq <- function(x, ...
R/jackknife_diagnostics.R#L341     create_cluster <- is.null(.cluster)  ...
R/jackknife_diagnostics.R#L356         helper_funcs <- c(".calculate_je ...
R/jackknife_diagnostics.R#L357             ".jackknife_process_multiq", ...
R/jackknife_diagnostics.R#L358             ".jackknife_process_vector_c ...
R/jackknife_diagnostics.R#L359             ".jackknife_warn_on_total_co ...
R/jackknife_diagnostics.R#L360         parallel::clusterExport(.cluster ...
R/jackknife_diagnostics.R#L366                 q = q_val, norm = norm,  ...
R/jackknife_diagnostics.R#L372                 q = q_val, norm = norm,  ...
R/jackknife_diagnostics.R#L380     # Print q-parameter warnings once pe ...
R/jackknife_diagnostics.R#L389         output_lines <- c("Jackknife Sta ...
R/jackknife_diagnostics.R#L394                 output_lines <- c(output ...
R/jackknife_diagnostics.R#L395                   res$estimate), sprintf ...
R/jackknife_diagnostics.R#L396                   sprintf("  Max influen ...
R/jackknife_diagnostics.R#L408 .jackknife_process_se <- function(se, re ...
R/jackknife_diagnostics.R#L431         rowdata_lookups$gene_name <- tap ...
R/jackknife_diagnostics.R#L435         rowdata_lookups$gene_id <- tappl ...
R/jackknife_diagnostics.R#L443         if (is.null(tx_idx) && !is.null( ...
R/jackknife_diagnostics.R#L446         if (is.null(tx_idx) && !is.null( ...
R/jackknife_diagnostics.R#L475     rownames(counts_matrix) <- vapply(va ...
R/jackknife_diagnostics.R#L478         pseudocount = pseudocount, thres ...
R/jackknife_diagnostics.R#L485 .jackknife_process_matrix <- function(x, ...
R/jackknife_diagnostics.R#L489         stop("Cannot compute jackknife o ...
R/jackknife_diagnostics.R#L490             "Try using a larger gene sel ...
R/jackknife_diagnostics.R#L498         .jackknife_process_vector_core(x ...
R/jackknife_diagnostics.R#L513 .jackknife_process_vector_core <- functi ...
R/jackknife_diagnostics.R#L528         estimate <- .entropy_single(x, q ...
R/jackknife_diagnostics.R#L536         if (!is.na(max_entropy) && !is.n ...
R/jackknife_diagnostics.R#L553         warning("Gene unable to compute  ...
R/jackknife_diagnostics.R#L555             "NaN" else "Inf", "). Likely ...
R/jackknife_diagnostics.R#L558             influence = rep(NA_real_, n) ...
R/jackknife_diagnostics.R#L559             outlier_threshold = threshol ...
R/jackknife_diagnostics.R#L563     .jackknife_calculate_influence_and_o ...
R/jackknife_diagnostics.R#L590             jackknife_estimates[i] <- if ...
R/jackknife_diagnostics.R#L601 .jackknife_calculate_influence_and_outli ...
R/jackknife_diagnostics.R#L605     jackknife_se <- sqrt(((n - 1)/n) * s ...
R/jackknife_diagnostics.R#L616     result <- list(estimate = estimate,  ...
R/jackknife_diagnostics.R#L617         influence = influence, jackknife ...
R/jackknife_diagnostics.R#L618         outlier_threshold = threshold, o ...
R/jackknife_diagnostics.R#L630         warning("Total count (", total_c ...
R/jackknife_diagnostics.R#L631             "Jackknife estimates may be  ...
R/jackknife_diagnostics.R#L647             message("Low q (", q, ") hea ...
R/jackknife_diagnostics.R#L648                 "  -> Jackknife results  ...
R/jackknife_diagnostics.R#L649                 "  -> Better for detecti ...
R/jackknife_diagnostics.R#L651             message("High q (", q, ") ma ...
R/jackknife_diagnostics.R#L652                 "  -> Jackknife results  ...
R/jackknife_diagnostics.R#L653                 "  -> May miss important ...
R/jackknife_diagnostics.R#L654                 "  -> Consider q in [0.5 ...
R/jackknife_diagnostics.R#L656             message("q = ", q, " is in t ...
R/jackknife_diagnostics.R#L657                 "  -> Jackknife results  ...
R/jackknife_diagnostics.R#L666     # Deprecated: use .jackknife_warn_on ...
R/jackknife_diagnostics.R#L675     output_lines <- c("Jackknife Stabili ...
R/jackknife_diagnostics.R#L678         output_lines <- c(output_lines,  ...
R/jackknife_diagnostics.R#L679             jr$n_transcripts), sprintf(" ...
R/jackknife_diagnostics.R#L680             sprintf("  Jackknife SE: %.4 ...
R/jackknife_diagnostics.R#L681                 max(jr$influence)), spri ...
R/jackknife_diagnostics.R#L683     output_lines <- c(output_lines, "",  ...
R/jackknife_diagnostics.R#L718         message("  ", names(x)[i], ": Es ...
R/jackknife_diagnostics.R#L730 #' @param lm_res Data frame of LM intera ...
R/jackknife_diagnostics.R#L731 #' @param multi_q_results List of multi- ...
R/jackknife_diagnostics.R#L763 .prepare_gene_switching_tables <- functi ...
R/jackknife_diagnostics.R#L786         stop(sprintf("No valid q-value k ...
R/jackknife_diagnostics.R#L788     q_vector <- as.numeric(gsub("_", "." ...
R/jackknife_diagnostics.R#L790         stop(sprintf("Failed to parse q- ...
R/jackknife_diagnostics.R#L795         message(sprintf("Extracted q_vec ...
R/jackknife_diagnostics.R#L800     summary_df <- data.frame(gene = lm_r ...
R/jackknife_diagnostics.R#L804     summary_df <- summary_df[order(summa ...
R/jackknife_diagnostics.R#L812             message(sprintf("n_top_genes ...
R/jackknife_diagnostics.R#L827     gene_id_to_name <- setNames(multi_q_ ...
R/jackknife_diagnostics.R#L842                 top_genes_list[[length(t ...
R/jackknife_diagnostics.R#L849         message(sprintf("Matched %d top  ...
R/jackknife_diagnostics.R#L877             if (!is.null(multi_q_results ...
R/jackknife_diagnostics.R#L896             comparison_data <- data.fram ...
R/jackknife_diagnostics.R#L900                 delta_vals <- gene_data_ ...
R/jackknife_diagnostics.R#L906                 comparison_data[[col]][i ...
R/jackknife_diagnostics.R#L910             consistency_results <- gene_ ...
R/jackknife_diagnostics.R#L917             q_metadata[[gene_idx]] <- li ...
R/jackknife_diagnostics.R#L926     list(summary_df = summary_df, top_ge ...
R/jackknife_isoform_switching.R#L80     log_base = exp(1), pseudocount = 0,  ...
R/jackknife_isoform_switching.R#L87         q_params <- list(condition_col = ...
R/jackknife_isoform_switching.R#L88             gene_col = gene_col, isoform ...
R/jackknife_isoform_switching.R#L89             pseudocount = pseudocount, t ...
R/jackknife_isoform_switching.R#L90             lm_results = lm_results, lm_ ...
R/jackknife_isoform_switching.R#L101     lm_setup <- .jis_setup_lm_filtering( ...
R/jackknife_isoform_switching.R#L107     gene_results <- .jis_process_all_gen ...
R/jackknife_isoform_switching.R#L108         conditions, paired_info, q, norm ...
R/jackknife_isoform_switching.R#L111     summary_results <- .jis_build_summar ...
R/jackknife_isoform_switching.R#L116         sum(summary_results$all_transcri ...
R/jackknife_isoform_switching.R#L118     metadata <- list(q = q, is_paired =  ...
R/jackknife_isoform_switching.R#L119         pair_info = paired_info$pair_inf ...
R/jackknife_isoform_switching.R#L120         threshold = threshold, n_transcr ...
R/jackknife_isoform_switching.R#L121         n_fdr_significant = n_fdr_sig_to ...
R/jackknife_isoform_switching.R#L122         lm_p_threshold = lm_p_threshold, ...
R/jackknife_isoform_switching.R#L125     result_gene_names <- unname(gene_id_ ...
R/jackknife_isoform_switching.R#L127         result_gene_names <- rep(NA_char ...
R/jackknife_isoform_switching.R#L129     result <- list(gene_names = names(su ...
R/jackknife_isoform_switching.R#L130         gene_name_map = result_gene_name ...
R/jackknife_isoform_switching.R#L131         summary_table = summary_results$ ...
R/jackknife_isoform_switching.R#L138         .jis_print_results(result, paire ...
R/jackknife_isoform_switching.R#L190     if (length(unmatched_subjects) > 0 & ...
R/jackknife_isoform_switching.R#L191         warning(sprintf("Paired design:  ...
R/jackknife_isoform_switching.R#L192             length(unmatched_subjects),  ...
R/jackknife_isoform_switching.R#L199         list(is_paired = TRUE, pair_info ...
R/jackknife_isoform_switching.R#L200             matched_pairs = names(which( ...
R/jackknife_isoform_switching.R#L213         gene_id_to_name <- setNames(as.c ...
R/jackknife_isoform_switching.R#L233 .jis_tsallis_entropy_fast <- function(co ...
R/jackknife_isoform_switching.R#L236     jis_tsallis_entropy_cpp(counts, q =  ...
R/jackknife_isoform_switching.R#L246 .jis_jackknife_influences_fast <- functi ...
R/jackknife_isoform_switching.R#L250     jis_jackknife_influences_cpp(counts, ...
R/jackknife_isoform_switching.R#L261 .jis_bootstrap_delta_fast <- function(co ...
R/jackknife_isoform_switching.R#L262     norm = TRUE, log_base = exp(1), pseu ...
R/jackknife_isoform_switching.R#L266             result_cpp <- jis_bootstrap_ ...
R/jackknife_isoform_switching.R#L267                 q = q, normalize = norm, ...
R/jackknife_isoform_switching.R#L268                 n_bootstrap = n_bootstra ...
R/jackknife_isoform_switching.R#L271             result_R <- list(delta_influ ...
R/jackknife_isoform_switching.R#L275             }, variance = result_cpp$var ...
R/jackknife_isoform_switching.R#L276                 ci_upper = result_cpp$ci ...
R/jackknife_isoform_switching.R#L277                 ci_width = result_cpp$ci ...
R/jackknife_isoform_switching.R#L283         .compute_delta_statistics(counts ...
R/jackknife_isoform_switching.R#L284             log_base = log_base, pseudoc ...
R/jackknife_isoform_switching.R#L288         .compute_delta_statistics(counts ...
R/jackknife_isoform_switching.R#L289             log_base = log_base, pseudoc ...
R/jackknife_isoform_switching.R#L299 .jis_setup_lm_filtering <- function(se,  ...
R/jackknife_isoform_switching.R#L302         return(list(lm_gene_mapping = NU ...
R/jackknife_isoform_switching.R#L314         gene_name_to_id <- setNames(as.c ...
R/jackknife_isoform_switching.R#L317         lm_results$gene <- unname(gene_n ...
R/jackknife_isoform_switching.R#L322         return(list(lm_gene_mapping = NU ...
R/jackknife_isoform_switching.R#L338     list(lm_gene_mapping = lm_results, f ...
R/jackknife_isoform_switching.R#L344 .jis_process_all_genes <- function(se, g ...
R/jackknife_isoform_switching.R#L345     conditions, paired_info, q, norm, lo ...
R/jackknife_isoform_switching.R#L348     gene_processing_log <- data.frame(ge ...
R/jackknife_isoform_switching.R#L349         has_2_transcripts = logical(), i ...
R/jackknife_isoform_switching.R#L356             gene_processing_log <- rbind ...
R/jackknife_isoform_switching.R#L357                 n_transcripts = length(g ...
R/jackknife_isoform_switching.R#L392         delta_influence <- .jis_jackknif ...
R/jackknife_isoform_switching.R#L393             pseudocount, n_tx_original)  ...
R/jackknife_isoform_switching.R#L397         delta_stats <- .jis_bootstrap_de ...
R/jackknife_isoform_switching.R#L398             q = q, norm = norm, log_base ...
R/jackknife_isoform_switching.R#L399             confidence = 0.95, method =  ...
R/jackknife_isoform_switching.R#L402         switching_status <- ifelse(delta ...
R/jackknife_isoform_switching.R#L406         max_abs_influence <- max(abs(c(. ...
R/jackknife_isoform_switching.R#L407             norm, log_base, pseudocount, ...
R/jackknife_isoform_switching.R#L409         effect_size <- ifelse(max_abs_in ...
R/jackknife_isoform_switching.R#L412         relative_ci_width <- ifelse(abs( ...
R/jackknife_isoform_switching.R#L416         gene_result <- list(gene_id = ge ...
R/jackknife_isoform_switching.R#L417             delta_influence = delta_infl ...
R/jackknife_isoform_switching.R#L418             delta_ci_upper = delta_stats ...
R/jackknife_isoform_switching.R#L419             switching_status = switching ...
R/jackknife_isoform_switching.R#L420             relative_ci_width = relative ...
R/jackknife_isoform_switching.R#L426                 gene_result$lm_p_interac ...
R/jackknife_isoform_switching.R#L435         gene_processing_log <- rbind(gen ...
R/jackknife_isoform_switching.R#L436             n_transcripts = length(gene_ ...
R/jackknife_isoform_switching.R#L440             all_pvalues[[length(all_pval ...
R/jackknife_isoform_switching.R#L445     list(results_per_gene = results_per_ ...
R/jackknife_isoform_switching.R#L451 .jis_build_summary_results <- function(s ...
R/jackknife_isoform_switching.R#L457     all_transcript_stats <- do.call(rbin ...
R/jackknife_isoform_switching.R#L461         pval_vals <- if (!is.null(res$de ...
R/jackknife_isoform_switching.R#L465         df <- data.frame(gene = gene, tr ...
R/jackknife_isoform_switching.R#L480             gn <- rowData(se)[which(rowD ...
R/jackknife_isoform_switching.R#L484         data.frame(gene = gene, gene_nam ...
R/jackknife_isoform_switching.R#L486                 max(abs(delta_vals)) els ...
R/jackknife_isoform_switching.R#L487                 na.rm = TRUE), n_fdr_sig ...
R/jackknife_isoform_switching.R#L494     list(results_per_gene = results_per_ ...
R/jackknife_isoform_switching.R#L504     pvals_vec <- vapply(all_pvalues, fun ...
R/jackknife_isoform_switching.R#L515     transcripts <- vapply(all_pvalues, f ...
R/jackknife_isoform_switching.R#L529                   results_per_gene[[gene ...
R/jackknife_isoform_switching.R#L549         transcript_ids <- results_list[[ ...
R/jackknife_isoform_switching.R#L550         delta_matrix <- matrix(NA_real_, ...
R/jackknife_isoform_switching.R#L551         colnames(delta_matrix) <- paste0 ...
R/jackknife_isoform_switching.R#L555                 delta_matrix[, q_idx] <- ...
R/jackknife_isoform_switching.R#L571                     "Consistent positive ...
R/jackknife_isoform_switching.R#L579                 results_list[[q_idx]]$re ...
R/jackknife_isoform_switching.R#L591                 message(sprintf("  Genes ...
R/jackknife_isoform_switching.R#L592                 message(sprintf("  Trans ...
R/jackknife_isoform_switching.R#L593                 message(sprintf("  FDR-s ...
R/jackknife_isoform_switching.R#L594                 message(sprintf("  Genes ...
R/jackknife_isoform_switching.R#L598         message("[OK] Access results$q_< ...
R/jackknife_isoform_switching.R#L599         message("[OK] Compare q values t ...
R/jackknife_isoform_switching.R#L609 .jis_print_results <- function(result, p ...
R/jackknife_isoform_switching.R#L612     message(sprintf("Conditions: '%s' vs ...
R/jackknife_isoform_switching.R#L614         message(sprintf("Design: PAIRED  ...
R/jackknife_isoform_switching.R#L617         message(sprintf("LM filtering: G ...
R/jackknife_isoform_switching.R#L620     message(sprintf("Total transcripts t ...
R/jackknife_isoform_switching.R#L621     message(sprintf("FDR-significant tra ...
R/jackknife_isoform_switching.R#L624     message("\n[OK] Use results$results_ ...
R/jackknife_isoform_switching.R#L626     message("[OK] Use results$all_transc ...
R/jackknife_isoform_switching.R#L627     message("[OK] Use results$metadata$i ...
R/jackknife_isoform_switching.R#L629         message("[OK] Access lm_p_intera ...
R/jackknife_isoform_switching.R#L643 .compute_delta_statistics <- function(co ...
R/jackknife_isoform_switching.R#L644     norm = TRUE, log_base = exp(1), pseu ...
R/jackknife_isoform_switching.R#L646     .calculate_tsallis <- function(count ...
R/jackknife_isoform_switching.R#L714     .jackknife_entropy <- function(count ...
R/jackknife_isoform_switching.R#L718         h_full <- .calculate_tsallis(cou ...
R/jackknife_isoform_switching.R#L734         idx_A <- sample(seq_len(ncol(cou ...
R/jackknife_isoform_switching.R#L735         idx_B <- sample(seq_len(ncol(cou ...
R/jackknife_isoform_switching.R#L740         jack_A <- .jackknife_entropy(boo ...
R/jackknife_isoform_switching.R#L741         jack_B <- .jackknife_entropy(boo ...
R/jackknife_isoform_switching.R#L751     ci_lower <- apply(bootstrap_deltas_m ...
R/jackknife_isoform_switching.R#L753     ci_upper <- apply(bootstrap_deltas_m ...
R/jackknife_isoform_switching.R#L768             pvalues[i] <- max(pvalues[i] ...
R/jackknife_isoform_switching.R#L781         warning(sprintf("Degenerate boot ...
R/jackknife_isoform_switching.R#L782             length(degenerate_idx)), "CI ...
R/jackknife_isoform_switching.R#L786     power_assessment <- data.frame(n_eff ...
R/jackknife_isoform_switching.R#L787         avg_ci_width = mean(ci_width, na ...
R/jackknife_isoform_switching.R#L790         power_assessment$min_recommended ...
R/jackknife_isoform_switching.R#L793     return(list(ci_lower = as.numeric(ci ...
R/jackknife_rcpp_wrapper.R#L21         options(tsenat.rcpp_initialized  ...
R/jackknife_rcpp_wrapper.R#L24             packageStartupMessage("Rcpp  ...
R/jackknife_rcpp_wrapper.R#L57 jackknife_resampling_cpp <- function(cou ...
R/jackknife_rcpp_wrapper.R#L61     .Call("_TSENAT_jackknife_resampling_ ...
R/jackknife_rcpp_wrapper.R#L66 .jackknife_resampling_hybrid <- function ...
R/jackknife_rcpp_wrapper.R#L73     result_cpp <- jackknife_resampling_c ...
R/jackknife_rcpp_wrapper.R#L83     outlier_cutoff <- stats::quantile(ou ...
R/jackknife_rcpp_wrapper.R#L84     outlier_mask <- outlier_influence >  ...
R/jackknife_rcpp_wrapper.R#L87     result <- list(estimate = result_cpp ...
R/jackknife_rcpp_wrapper.R#L88         influence = result_cpp$influence ...
R/jackknife_rcpp_wrapper.R#L89         outlier_indices = outlier_indice ...
R/jackknife_rcpp_wrapper.R#L102     list(rcpp_available = .initialize_rc ...
R/lazy_load.R#L92     list(viz_loaded = .viz_available(),  ...
R/lazy_load.R#L93         ls_all, cowplot = "cowplot" %in% ...
R/lazy_load.R#L94         dplyr = "dplyr" %in% ls_all, tid ...
R/linear_models_core.R#L261 #' se <- .calculate_diversity(counts, ge ...
R/linear_models_core.R#L274     method = c("lmm", "gam", "fpca", "ge ...
R/linear_models_core.R#L275     subject_col = NULL, paired = FALSE,  ...
R/linear_models_core.R#L276     verbose = FALSE, bias_correction = T ...
R/linear_models_core.R#L277         "gamsel", "spline"), corstr = c( ...
R/linear_models_core.R#L278         "westfall-young", "benjamini-yek ...
R/linear_models_core.R#L313     validated <- .validate_lm_interactio ...
R/linear_models_core.R#L315         pcorr = pcorr, storey = storey,  ...
R/linear_models_core.R#L324         stop(sprintf("condition_col '%s' ...
R/linear_models_core.R#L330         stop(sprintf("Assay '%s' not fou ...
R/linear_models_core.R#L335     metadata <- .parse_sample_metadata(s ...
R/linear_models_core.R#L347     res <- try(.fit_all_genes(mat = mat, ...
R/linear_models_core.R#L348         pvalue = pvalue, subject_col = s ...
R/linear_models_core.R#L349         nthreads = nthreads, verbose = v ...
R/linear_models_core.R#L350         regularization = regularization, ...
R/linear_models_core.R#L381         stop("Results data.frame missing ...
R/linear_models_core.R#L385     res$adj_p_interaction <- .adjust_pva ...
R/linear_models_core.R#L386         multicorr = multicorr, wy_random ...
R/linear_models_core.R#L410         model_data <- .assemble_model_me ...
R/linear_models_core.R#L411             method = method, pvalue = pv ...
R/linear_models_core.R#L412             bias_correction = bias_corre ...
R/linear_models_core.R#L443         stop("lm_result must be either a ...
R/linear_models_fpca.R#L8 #' Unlike independent q-value analysis,  ...
R/linear_models_fpca.R#L10 #' - Creates 'curve matrix' with q-value ...
R/linear_models_fpca.R#L17 #' - **S171 (PRIMARY)**: Generalized AR( ...
R/linear_models_fpca.R#L18 #' - **S168-S170**: Theoretical foundati ...
R/linear_models_fpca.R#L46 #' - **AR(1) modeling**: Occurs in diffe ...
R/linear_models_fpca.R#L47 #' - **PCA function**: Decomposes center ...
R/linear_models_fpca.R#L49 #' - **Stationarity**: Achieved via diff ...
R/linear_models_fpca.R#L64 #'   - `p_interaction`: Interaction p-va ...
R/linear_models_fpca.R#L71 .fpca_interaction <- function(mat, q_val ...
R/linear_models_fpca.R#L72     subject = NULL, regularization = c(" ...
R/linear_models_fpca.R#L100         warning(sprintf(".fpca_interacti ...
R/linear_models_fpca.R#L111         warning(sprintf(".fpca_interacti ...
R/linear_models_fpca.R#L125         .fpca_regularization_method(mat_ ...
R/linear_models_fpca.R#L158     good_rows <- which(rowSums(!is.na(cu ...
R/linear_models_fpca.R#L213     # BUGFIX (April 2026): Use sample_na ...
R/linear_models_fpca.R#L215     grouping_var <- if (!is.null(df$subj ...
R/linear_models_fpca.R#L241             df_list[[as.character(grp)]] ...
R/linear_models_fpca.R#L242                 q = grp_data$q[-1], grou ...
R/linear_models_fpca.R#L264 .build_curve_matrix <- function(entropy_ ...
R/linear_models_fpca.R#L287     good_rows <- which(rowSums(!is.na(cu ...
R/linear_models_fpca.R#L289         warning(sprintf(".build_curve_ma ...
R/linear_models_fpca.R#L344         if (length(pc_g1_subj) >= 2 && l ...
R/linear_models_fpca.R#L346             t_res <- try(stats::t.test(p ...
R/linear_models_fpca.R#L417     list(p_interaction = p_interaction,  ...
R/linear_models_fpca.R#L432     pca <- try(stats::prcomp(mat_sub, ce ...
R/linear_models_fpca.R#L440     data.frame(gene = g, p_interaction = ...
R/linear_models_fpca.R#L441         min_pc_pvalue = result_pc$min_pc ...
R/linear_models_fpca.R#L456 .fpca_regularization_method <- function( ...
R/linear_models_fpca.R#L466     cv_fit <- try(glmnet::cv.glmnet(x =  ...
R/linear_models_fpca.R#L467         alpha = alpha_val, nfolds = min( ...
R/linear_models_fpca.R#L472     pred_probs <- try(stats::predict(cv_ ...
R/linear_models_fpca.R#L479     pval <- .test_pc_groupdiff(as.numeri ...
R/linear_models_fpca.R#L483     data.frame(gene = g, p_interaction = ...
R/linear_models_gam.R#L1 # ====================================== ...
R/linear_models_gam.R#L3 # ====================================== ...
R/linear_models_gam.R#L15 #' 1. **Preprocessing**: Bounds detectio ...
R/linear_models_gam.R#L78 #' @param min_obs Minimum observations r ...
R/linear_models_gam.R#L79 #' @param subject Optional factor/vector ...
R/linear_models_gam.R#L89 #' @param adaptive_knots Logical. If TRU ...
R/linear_models_gam.R#L143 #' - Hastie & Tibshirani (2015). *Genera ...
R/linear_models_gam.R#L145 #' - Wood (2024). *Package 'mgcv': Mixed ...
R/linear_models_gam.R#L151 .gam_interaction <- function(df, q_vals, ...
R/linear_models_gam.R#L152     "gamsel", "spline"), bias_correction ...
R/linear_models_gam.R#L160         warning(sprintf(".gam_interactio ...
R/linear_models_gam.R#L166     prep_result <- .prepare_gam_preproce ...
R/linear_models_gam.R#L167         subject = subject, weights = wei ...
R/linear_models_gam.R#L171         fit_result <- .fit_gam_paired_de ...
R/linear_models_gam.R#L172             family_gam = prep_result$fam ...
R/linear_models_gam.R#L174         fit_result <- .fit_gam_unpaired_ ...
R/linear_models_gam.R#L181         warning(sprintf(".gam_interactio ...
R/linear_models_gam.R#L189     bc_result <- .gam_bias_correct(fit_r ...
R/linear_models_gam.R#L190         n_subjects = n_subjects_bc, ar1_ ...
R/linear_models_gam.R#L191         entropy_data = prep_result$df$en ...
R/linear_models_gam.R#L194     stats <- .extract_gam_statistics(fit ...
R/linear_models_gam.R#L197     slope_diff <- .compute_slope_diff(fi ...
R/linear_models_gam.R#L201     result <- .compile_gam_results(g, bc ...
R/linear_models_gam.R#L202         stats$df_residual, stats$model_c ...
R/linear_models_gam.R#L203         prep_result$df, prep_result$boun ...
R/linear_models_gam.R#L208 # ====================================== ...
R/linear_models_gam.R#L210 # ====================================== ...
R/linear_models_gam.R#L227 # ====================================== ...
R/linear_models_gam.R#L229 # ====================================== ...
R/linear_models_gam.R#L270 # ====================================== ...
R/linear_models_gam.R#L272 # ====================================== ...
R/linear_models_gam.R#L280 .adaptive_spline_knots_memo <- function( ...
R/linear_models_gam.R#L298     cache_key <- sprintf("nq=%d|sd=%.3f| ...
R/linear_models_gam.R#L317 # ====================================== ...
R/linear_models_gam.R#L319 # ====================================== ...
R/linear_models_gam.R#L335 # ====================================== ...
R/linear_models_gam.R#L337 # ====================================== ...
R/linear_models_gam.R#L358             warning("[calculate_lm_inter ...
R/linear_models_gam.R#L359                 "mgcv::gamm() does not s ...
R/linear_models_gam.R#L371     return(list(use_bounded_family = use ...
R/linear_models_gam.R#L375 # ====================================== ...
R/linear_models_gam.R#L377 # ====================================== ...
R/linear_models_gam.R#L379 .prepare_gam_weights <- function(df, q_v ...
R/linear_models_gam.R#L385         gam_weights_original <- weights_ ...
R/linear_models_gam.R#L386     } else if (!is.na(hetero_result$is_h ...
R/linear_models_gam.R#L387         weights_result <- .estimate_vari ...
R/linear_models_gam.R#L389             gam_weights_original <- weig ...
R/linear_models_gam.R#L396 # ====================================== ...
R/linear_models_gam.R#L398 # ====================================== ...
R/linear_models_gam.R#L400 .handle_arima_and_weights <- function(df ...
R/linear_models_gam.R#L408     # NOTE (BUGFIX April 2026): ARIMA ap ...
R/linear_models_gam.R#L411     # CRITICAL: ARIMA is applied AFTER h ...
R/linear_models_gam.R#L423         df$sample_name  # For unpaired:  ...
R/linear_models_gam.R#L429     arima_result <- .compute_arima_diffe ...
R/linear_models_gam.R#L449     return(list(df = df, use_arima = use ...
R/linear_models_gam.R#L452 # ====================================== ...
R/linear_models_gam.R#L454 # ====================================== ...
R/linear_models_gam.R#L475         k_q <- .adaptive_spline_knots_me ...
R/linear_models_gam.R#L488 # ====================================== ...
R/linear_models_gam.R#L490 # ====================================== ...
R/linear_models_gam.R#L497         fit <- try(mgcv::gamm(formula =  ...
R/linear_models_gam.R#L498             subject), family = family_ga ...
R/linear_models_gam.R#L500         fit <- try(mgcv::gamm(formula =  ...
R/linear_models_gam.R#L507 # ====================================== ...
R/linear_models_gam.R#L509 # ====================================== ...
R/linear_models_gam.R#L511 .fit_gamm_ar1 <- function(df, family_gam ...
R/linear_models_gam.R#L523     fit_null <- .fit_gamm_ar1_single(ent ...
R/linear_models_gam.R#L527     fit_alt <- .fit_gamm_ar1_single(entr ...
R/linear_models_gam.R#L533 # ====================================== ...
R/linear_models_gam.R#L535 # ====================================== ...
R/linear_models_gam.R#L542         fit <- try(mgcv::gamm(formula =  ...
R/linear_models_gam.R#L545         fit <- try(mgcv::gamm(formula =  ...
R/linear_models_gam.R#L552 # ====================================== ...
R/linear_models_gam.R#L554 # ====================================== ...
R/linear_models_gam.R#L556 .fit_gamm_fallback <- function(df, famil ...
R/linear_models_gam.R#L559     fit_null <- .fit_gamm_nocorr_single( ...
R/linear_models_gam.R#L562     fit_alt <- .fit_gamm_nocorr_single(e ...
R/linear_models_gam.R#L568 # ====================================== ...
R/linear_models_gam.R#L570 # ====================================== ...
R/linear_models_gam.R#L573 # ====================================== ...
R/linear_models_gam.R#L575 # ====================================== ...
R/linear_models_gam.R#L615 # ====================================== ...
R/linear_models_gam.R#L617 # ====================================== ...
R/linear_models_gam.R#L619 .fit_standard_gam <- function(df, family ...
R/linear_models_gam.R#L626         fit_null <- try(mgcv::gam(entrop ...
R/linear_models_gam.R#L627             family = family_gam, weights ...
R/linear_models_gam.R#L629         fit_alt <- try(mgcv::gam(entropy ...
R/linear_models_gam.R#L633         fit_null <- try(mgcv::gam(entrop ...
R/linear_models_gam.R#L636         fit_alt <- try(mgcv::gam(entropy ...
R/linear_models_gam.R#L643 # ====================================== ...
R/linear_models_gam.R#L645 # ====================================== ...
R/linear_models_gam.R#L647 .fit_gam_fallback <- function(df, family ...
R/linear_models_gam.R#L652     .fit_standard_gam(df, family_gam, k_ ...
R/linear_models_gam.R#L655 # ====================================== ...
R/linear_models_gam.R#L657 # ====================================== ...
R/linear_models_gam.R#L664     if (!is.null(gam_summary$dev.expl) & ...
R/linear_models_gam.R#L666     } else if (!is_gamm && !is.null(gam_ ...
R/linear_models_gam.R#L669     } else if (is_gamm && !is.null(gam_s ...
R/linear_models_gam.R#L681 # ====================================== ...
R/linear_models_gam.R#L683 # ====================================== ...
R/linear_models_gam.R#L689     if (!is.null(anova_result) && nrow(a ...
R/linear_models_gam.R#L710 # ====================================== ...
R/linear_models_gam.R#L712 # ====================================== ...
R/linear_models_gam.R#L752     return(list(test_statistic = test_st ...
R/linear_models_gam.R#L756 # ====================================== ...
R/linear_models_gam.R#L758 # ====================================== ...
R/linear_models_gam.R#L773             if (length(unique_groups) == ...
R/linear_models_gam.R#L776                   pred_grid <- data.fram ...
R/linear_models_gam.R#L781                     pred_grid$subject <- ...
R/linear_models_gam.R#L784                   preds <- tryCatch(pred ...
R/linear_models_gam.R#L787                   if (!is.null(preds) && ...
R/linear_models_gam.R#L788                     pred_slopes[g_idx] < ...
R/linear_models_gam.R#L805 # ====================================== ...
R/linear_models_gam.R#L807 # ====================================== ...
R/linear_models_gam.R#L809 .compile_gam_results <- function(g, bc_r ...
R/linear_models_gam.R#L810     model_converged, slope_diff, fit_alt ...
R/linear_models_gam.R#L812     result <- data.frame(gene = g, p_int ...
R/linear_models_gam.R#L813         n_observations = bc_result$n_obs ...
R/linear_models_gam.R#L814         n_effective = bc_result$n_effect ...
R/linear_models_gam.R#L839     result$heteroscedasticity_detected < ...
R/linear_models_gam.R#L843     result$fit_method <- ifelse(use_arim ...
R/linear_models_gam.R#L846     shapiro_result <- .test_residual_nor ...
R/linear_models_gam.R#L864         stop(sprintf("[.gam_interaction] ...
R/linear_models_gam.R#L871 # ====================================== ...
R/linear_models_gam.R#L873 # ====================================== ...
R/linear_models_gam.R#L876 .prepare_gam_preprocessing <- function(d ...
R/linear_models_gam.R#L888     if (family_result$use_bounded_family ...
R/linear_models_gam.R#L894     gam_weights_original <- .prepare_gam ...
R/linear_models_gam.R#L898     arima_result <- .handle_arima_and_we ...
R/linear_models_gam.R#L901     knots_result <- .compute_adaptive_kn ...
R/linear_models_gam.R#L906         reg_result <- .gam_regularizatio ...
R/linear_models_gam.R#L907             q_vals = q_vals, group_vec = ...
R/linear_models_gam.R#L910     return(list(df = arima_result$df, fa ...
R/linear_models_gam.R#L911         use_arima = arima_result$use_ari ...
R/linear_models_gam.R#L912         uq_len = knots_result$uq_len, bo ...
R/linear_models_gam.R#L915 # ====================================== ...
R/linear_models_gam.R#L917 # ====================================== ...
R/linear_models_gam.R#L938         return(list(fit_null = NULL, fit ...
R/linear_models_gam.R#L943     k_q_marginal <- as.integer(max(min_k ...
R/linear_models_gam.R#L947     fit_result <- .fit_gamm_ar1(df, fami ...
R/linear_models_gam.R#L951     if (inherits(fit_result$fit_null, "t ...
R/linear_models_gam.R#L953         fit_result <- .fit_gamm_fallback ...
R/linear_models_gam.R#L958     if (inherits(fit_result$fit_null, "t ...
R/linear_models_gam.R#L960         fit_result <- .fit_gam_fallback( ...
R/linear_models_gam.R#L965     if (inherits(fit_result$fit_null, "t ...
R/linear_models_gam.R#L967         return(list(fit_null = NULL, fit ...
R/linear_models_gam.R#L971     compare_result <- .compare_gam_model ...
R/linear_models_gam.R#L973     return(list(fit_null = fit_result$fi ...
R/linear_models_gam.R#L977 # ====================================== ...
R/linear_models_gam.R#L979 # ====================================== ...
R/linear_models_gam.R#L986     k_q_marginal <- as.integer(max(min_k ...
R/linear_models_gam.R#L993     max_k_allowed <- if ("q" %in% colnam ...
R/linear_models_gam.R#L994     k_q_interaction <- as.integer(max(2L ...
R/linear_models_gam.R#L997     fit_result <- .fit_standard_gam(df,  ...
R/linear_models_gam.R#L1001     if (inherits(fit_result$fit_null, "t ...
R/linear_models_gam.R#L1003         return(list(fit_null = NULL, fit ...
R/linear_models_gam.R#L1024     return(list(fit_null = fit_result$fi ...
R/linear_models_gam.R#L1034 .gam_bias_correct <- function(p_value, n ...
R/linear_models_gam.R#L1035     ar1_correlation = TRUE, bias_correct ...
R/linear_models_gam.R#L1046         stop("must supply either 'n_obse ...
R/linear_models_gam.R#L1132         return(list(p_value = p_value, p ...
R/linear_models_gam.R#L1133             n_observations = n_observati ...
R/linear_models_gam.R#L1134             n_effective = n_eff, design_ ...
R/linear_models_gam.R#L1135             rho_data_driven = data_drive ...
R/linear_models_gam.R#L1136                 n_observations, if (is.n ...
R/linear_models_gam.R#L1145         return(list(p_value = p_value, p ...
R/linear_models_gam.R#L1146             n_observations = n_observati ...
R/linear_models_gam.R#L1147             n_effective = n_eff, design_ ...
R/linear_models_gam.R#L1148             rho_data_driven = data_drive ...
R/linear_models_gam.R#L1163     return(list(p_value = p_corrected, b ...
R/linear_models_gam.R#L1164         n_samples = n_observations, n_su ...
R/linear_models_gam.R#L1165         design_effect_ar1 = design_effec ...
R/linear_models_gam.R#L1166         adjustment_factor = adjustment_f ...
R/linear_models_gam.R#L1167         correction_rationale = sprintf(" ...
R/linear_models_gam.R#L1168             n_eff, design_effect, if (is ...
R/linear_models_gam.R#L1178 .gam_regularization <- function(entropy_ ...
R/linear_models_gam.R#L1201         gs_fit <- try(gamsel::gamsel(x = ...
R/linear_models_gam.R#L1208         return(list(mode = "gamsel", gam ...
R/linear_models_gam.R#L1214         return(list(mode = "spline", con ...
R/linear_models_gam.R#L1229 .handle_bounded_support <- function(df,  ...
R/linear_models_gam.R#L1245     hetero_result <- try(.detect_heteros ...
R/linear_models_gam.R#L1252     if (!inherits(hetero_result, "try-er ...
R/linear_models_gam.R#L1302         reasons <- c(reasons, "Data boun ...
R/linear_models_gam.R#L1310             reasons <- c(reasons, sprint ...
R/linear_models_gam.R#L1320             reasons <- c(reasons, sprint ...
R/linear_models_gam.R#L1327         if (has_strong_skew && abs(skewn ...
R/linear_models_gam.R#L1331             reasons <- c(reasons, sprint ...
R/linear_models_gam.R#L1338             message(sprintf("[GAM Family ...
R/linear_models_gam.R#L1341             message(sprintf("[GAM Family ...
R/linear_models_gam.R#L1343                   NA else hetero_result$ ...
R/linear_models_gam.R#L1348     family_info <- list(use_beta = use_b ...
R/linear_models_gam.R#L1349         !use_gamma, is_bounded_01 = is_b ...
R/linear_models_gam.R#L1350         var_ratio_q = var_ratio_q, var_r ...
R/linear_models_gam.R#L1351         skewness = skewness_val, reasons ...
R/linear_models_gam.R#L1373         return(list(use_bounded = TRUE,  ...
R/linear_models_gam.R#L1374             family_obj = family_obj, inv ...
R/linear_models_gam.R#L1379         return(list(use_bounded = TRUE,  ...
R/linear_models_gam.R#L1380             family_obj = stats::Gamma(li ...
R/linear_models_gam.R#L1383         return(list(use_bounded = FALSE, ...
R/linear_models_gam.R#L1384             family_obj = stats::gaussian ...
R/linear_models_gam.R#L1390 .adaptive_spline_knots <- function(entro ...
R/linear_models_gee.R#L3 #' Generalized Estimating Equations (GEE ...
R/linear_models_gee.R#L4 #' in Tsallis entropy data with repeated ...
R/linear_models_gee.R#L13 #' 1. **Input Validation**: Check minimu ...
R/linear_models_gee.R#L14 #' 2. **ARIMA Differencing**: Remove non ...
R/linear_models_gee.R#L15 #' 3. **Weight Preparation**: Apply hete ...
R/linear_models_gee.R#L16 #' 4. **Correlation Structure Selection* ...
R/linear_models_gee.R#L17 #' 5. **Model Fitting**: Fit null (main  ...
R/linear_models_gee.R#L18 #' 6. **Interaction Testing**: Extract p ...
R/linear_models_gee.R#L19 #' 7. **Kauermann-Carroll Correction**:  ...
R/linear_models_gee.R#L24 #' - Kauermann & Carroll (2001): Sandwic ...
R/linear_models_gee.R#L34 #' - **Design Effect**: Multi-q measurem ...
R/linear_models_gee.R#L35 #'   D_eff = (1 + ρ) / (1 - ρ). HC1 corr ...
R/linear_models_gee.R#L40 #' @param df data.frame with columns: en ...
R/linear_models_gee.R#L41 #' @param q_vals numeric vector of q-val ...
R/linear_models_gee.R#L43 #' @param subject character or NULL; vec ...
R/linear_models_gee.R#L45 #' @param min_obs integer >= 2; minimum  ...
R/linear_models_gee.R#L49 #'   - `"exchangeable"`: Equal correlati ...
R/linear_models_gee.R#L51 #' @param bias_correction logical; if TR ...
R/linear_models_gee.R#L52 #'   bias reduction when n_clusters < 30 ...
R/linear_models_gee.R#L53 #' @param weights numeric or NULL; optio ...
R/linear_models_gee.R#L59 #'   - **p_interaction**: p-value for q  ...
R/linear_models_gee.R#L62 #'   - **bias_correction_applied**: logi ...
R/linear_models_gee.R#L63 #'   - **correlation_structure**: select ...
R/linear_models_gee.R#L68 #'   - **slope_diff**: estimated group s ...
R/linear_models_gee.R#L71 #'   - **kc_bias_correction_applied**: l ...
R/linear_models_gee.R#L76 .gee_interaction <- function(df, q_vals, ...
R/linear_models_gee.R#L83     if (corstr != "auto" && !(corstr %in ...
R/linear_models_gee.R#L91         warning(sprintf(".gee_interactio ...
R/linear_models_gee.R#L116         warning(sprintf(".gee_interactio ...
R/linear_models_gee.R#L123         selection_result <- .select_gee_ ...
R/linear_models_gee.R#L124             q + group, formula_alt = ent ...
R/linear_models_gee.R#L131         warning(sprintf(".gee_interactio ...
R/linear_models_gee.R#L138     p_interaction <- .extract_interactio ...
R/linear_models_gee.R#L156                 design_effect_value <- . ...
R/linear_models_gee.R#L164             ia_names <- names(coefs_alt) ...
R/linear_models_gee.R#L175                   kc_result <- .kc_bias_ ...
R/linear_models_gee.R#L176                     vcov_sandwich_raw =  ...
R/linear_models_gee.R#L177                     rho_ar1 = rho_ar1, c ...
R/linear_models_gee.R#L178                     bias_correction_meth ...
R/linear_models_gee.R#L183                   kc_metadata <- list(kc ...
R/linear_models_gee.R#L184                     p_corrected = kc_res ...
R/linear_models_gee.R#L185                     n_effective = kc_res ...
R/linear_models_gee.R#L186                     rho_ar1 = kc_result$ ...
R/linear_models_gee.R#L193         kc_metadata <- list(kc_applied = ...
R/linear_models_gee.R#L198     shapiro_result <- .test_residual_nor ...
R/linear_models_gee.R#L205     gee_result <- data.frame(gene = g, p ...
R/linear_models_gee.R#L206         bias_correction_applied = bias_c ...
R/linear_models_gee.R#L226     gee_result$kc_bias_correction_applie ...
R/linear_models_gee.R#L292                 df_diff_list[[as.charact ...
R/linear_models_gee.R#L293                   q = subj_data$q[-nrow( ...
R/linear_models_gee.R#L301             subject <- rep(names(df_diff ...
R/linear_models_gee.R#L306     list(df = df, subject = subject, use ...
R/linear_models_gee.R#L316     hetero_result <- .detect_heterosceda ...
R/linear_models_gee.R#L321     } else if (!is.na(hetero_result$is_h ...
R/linear_models_gee.R#L322         weights_result <- .estimate_vari ...
R/linear_models_gee.R#L340         fit_null <- try(geepack::geeglm( ...
R/linear_models_gee.R#L341             family = stats::gaussian(),  ...
R/linear_models_gee.R#L344         fit_alt <- try(geepack::geeglm(e ...
R/linear_models_gee.R#L345             family = stats::gaussian(),  ...
R/linear_models_gee.R#L348         fit_null <- try(geepack::geeglm( ...
R/linear_models_gee.R#L349             family = stats::gaussian(),  ...
R/linear_models_gee.R#L352         fit_alt <- try(geepack::geeglm(e ...
R/linear_models_gee.R#L353             family = stats::gaussian(),  ...
R/linear_models_gee.R#L358     if (inherits(fit_null, "try-error")  ...
R/linear_models_gee.R#L371     ia_names <- names(coefs_alt)[grepl(" ...
R/linear_models_gee.R#L393                         p_corrected <- . ...
R/linear_models_gee.R#L395                         return(if (!is.n ...
R/linear_models_gee.R#L406     p_wald <- .compute_wald_pvalue(fit_a ...
R/linear_models_gee.R#L463 .compute_wald_pvalue <- function(fit_alt ...
R/linear_models_gee.R#L492         ia_names <- names(coefs_alt)[gre ...
R/linear_models_gee.R#L524     rho <- stats::cor(residuals[seq_len( ...
R/linear_models_gee.R#L578 .compute_hc_multipliers <- function(resi ...
R/linear_models_gee.R#L591         XtX_inv <- tryCatch(solve(t(X_ma ...
R/linear_models_gee.R#L606     list(hc1_multiplier = hc1_multiplier ...
R/linear_models_gee.R#L625 .adjust_for_design_effect <- function(n_ ...
R/linear_models_gee.R#L639         message(sprintf("Design Effect A ...
R/linear_models_gee.R#L643     list(n_effective = n_effective, mult ...
R/linear_models_gee.R#L670 .kc_bias_correct <- function(p_value = N ...
R/linear_models_gee.R#L671     coef_value = NULL, coef_index = NULL ...
R/linear_models_gee.R#L672     rho_ar1 = NULL, cluster_size = NULL, ...
R/linear_models_gee.R#L673         "hc3", "kc"), use_t_distribution ...
R/linear_models_gee.R#L702                 message(sprintf("AR(1) D ...
R/linear_models_gee.R#L723         return(list(p_value = p_value, p ...
R/linear_models_gee.R#L724             vcov_corrected = vcov_sandwi ...
R/linear_models_gee.R#L725             n_parameters = n_parameters, ...
R/linear_models_gee.R#L726             method_applied = "none", rep ...
R/linear_models_gee.R#L760         z_corrected <- z_statistic  # St ...
R/linear_models_gee.R#L766             p_corrected <- 2 * stats::pt ...
R/linear_models_gee.R#L769             p_corrected <- 2 * stats::pn ...
R/linear_models_gee.R#L777     method_label <- switch(bias_correcti ...
R/linear_models_gee.R#L780     report <- sprintf("K-C Bias Correcti ...
R/linear_models_gee.R#L781         method_label, n_clusters, n_para ...
R/linear_models_gee.R#L783             sprintf(" (df=%d, t-dist)",  ...
R/linear_models_gee.R#L785     list(p_value = p_corrected, p_raw =  ...
R/linear_models_gee.R#L786         multiplier = multiplier, n_clust ...
R/linear_models_gee.R#L787         n_effective = n_effective, desig ...
R/linear_models_gee.R#L788         method_applied = bias_correction ...
R/linear_models_gee.R#L818     message(sprintf("  Degrees of freedo ...
R/linear_models_gee.R#L820     message(sprintf("  P-value: %.6f ->  ...
R/linear_models_gee.R#L848 .select_gee_correlation <- function(df,  ...
R/linear_models_gee.R#L859         return(list(best_corstr = "ar1", ...
R/linear_models_gee.R#L873         fit_try <- try(geepack::geeglm(f ...
R/linear_models_gee.R#L874             family = stats::gaussian(),  ...
R/linear_models_gee.R#L881             results_list[[corstr_candida ...
R/linear_models_gee.R#L898             if (!is.null(fit_try$geese$a ...
R/linear_models_gee.R#L913                 penalty <- switch(corstr ...
R/linear_models_gee.R#L923         results_list[[corstr_candidate]] ...
R/linear_models_gee.R#L924             qic = qic_val, n_obs = nrow( ...
R/linear_models_gee.R#L934         reason <- "All correlation struc ...
R/linear_models_gee.R#L947             reason <- sprintf("AR(1) sel ...
R/linear_models_gee.R#L948                 ar1_qic, exch_qic, indep ...
R/linear_models_gee.R#L950             reason <- sprintf("Exchangea ...
R/linear_models_gee.R#L953             reason <- sprintf("Independe ...
R/linear_models_gee.R#L959     qic_table <- data.frame(correlation_ ...
R/linear_models_gee.R#L960         function(cs) results_list[[cs]]$ ...
R/linear_models_gee.R#L965         }, FUN.VALUE = character(1)), se ...
R/linear_models_gee.R#L969     report_lines <- c(sprintf("GEE Corre ...
R/linear_models_gee.R#L970         sprintf("QIC Comparison (lower = ...
R/linear_models_gee.R#L971             ar1_qic, ifelse(is.na(ar1_co ...
R/linear_models_gee.R#L972             exch_qic), sprintf("  Indepe ...
R/linear_models_gee.R#L975     return(list(best_corstr = best_corst ...
R/linear_models_gee.R#L976         qic_values = qic_values, corr_es ...
R/linear_models_helpers_fit.R#L127 .fit_one_interaction <- function(g, se,  ...
R/linear_models_helpers_fit.R#L128     pvalue, subject_col, paired, min_obs ...
R/linear_models_helpers_fit.R#L129     bias_correction = TRUE, regularizati ...
R/linear_models_helpers_fit.R#L130         "spline"), corstr = c("ar1", "ex ...
R/linear_models_helpers_fit.R#L132     # ══════════════════════════════════ ...
R/linear_models_helpers_fit.R#L134     # ══════════════════════════════════ ...
R/linear_models_helpers_fit.R#L141     # ══════════════════════════════════ ...
R/linear_models_helpers_fit.R#L143     # ══════════════════════════════════ ...
R/linear_models_helpers_fit.R#L146         if (is.null(se) || !(subject_col ...
R/linear_models_helpers_fit.R#L147             stop(sprintf("subject_col '% ...
R/linear_models_helpers_fit.R#L156             has_paired_info <- ("paired_ ...
R/linear_models_helpers_fit.R#L159                 stop("paired = TRUE requ ...
R/linear_models_helpers_fit.R#L177             .lmm_interaction(df, mat, q_ ...
R/linear_models_helpers_fit.R#L178                 paired, min_obs, verbose ...
R/linear_models_helpers_fit.R#L181             subject <- .get_subject_ids( ...
R/linear_models_helpers_fit.R#L184             .gam_interaction(df, q_vals, ...
R/linear_models_helpers_fit.R#L185                 regularization = regular ...
R/linear_models_helpers_fit.R#L188             subject <- .get_subject_ids( ...
R/linear_models_helpers_fit.R#L189             .fpca_interaction(mat, q_val ...
R/linear_models_helpers_fit.R#L190                 subject = subject, regul ...
R/linear_models_helpers_fit.R#L192             subject <- .get_subject_ids( ...
R/linear_models_helpers_fit.R#L195             .gee_interaction(df, q_vals, ...
R/linear_models_helpers_fit.R#L196                 corstr = corstr, bias_co ...
R/linear_models_helpers_fit.R#L207             sprintf("rows=%d, q-levels=% ...
R/linear_models_helpers_fit.R#L208                 length(unique(df_model$q ...
R/linear_models_helpers_fit.R#L211             sprintf("rows=%d, q-levels=% ...
R/linear_models_helpers_fit.R#L217         diag_msg <- sprintf("[.fit_one_i ...
R/linear_models_helpers_fit.R#L225         data.frame(gene = g, p_interacti ...
R/linear_models_helpers_fit.R#L226             fit_method = "ERROR", singul ...
R/linear_models_helpers_fit.R#L227             n_subjects = NA_integer_, sm ...
R/linear_models_helpers_fit.R#L244 .lmm_interaction <- function(df, mat, q_ ...
R/linear_models_helpers_fit.R#L245     paired, min_obs, verbose, suppress_l ...
R/linear_models_helpers_fit.R#L246     # ══════════════════════════════════ ...
R/linear_models_helpers_fit.R#L248     # ══════════════════════════════════ ...
R/linear_models_helpers_fit.R#L286             message("[.lmm_interaction]  ...
R/linear_models_helpers_fit.R#L292             message(sprintf("[.lmm_inter ...
R/linear_models_helpers_fit.R#L293                 arima_result$n_observati ...
R/linear_models_helpers_fit.R#L307         fs_result <- .lmm_regularization ...
R/linear_models_helpers_fit.R#L308             group_vec = df_model$group,  ...
R/linear_models_helpers_fit.R#L311             message("[.lmm_interaction]  ...
R/linear_models_helpers_fit.R#L331         message(sprintf("[.lmm_interacti ...
R/linear_models_helpers_fit.R#L332             g, nrow(df_model), length(un ...
R/linear_models_helpers_fit.R#L338             fit0 <- try(nlme::lme(formul ...
R/linear_models_helpers_fit.R#L340             fit1 <- try(nlme::lme(formul ...
R/linear_models_helpers_fit.R#L343             fit0 <- try(nlme::lme(formul ...
R/linear_models_helpers_fit.R#L345             fit1 <- try(nlme::lme(formul ...
R/linear_models_helpers_fit.R#L350             fit0 <- try(nlme::lme(formul ...
R/linear_models_helpers_fit.R#L352             fit1 <- try(nlme::lme(formul ...
R/linear_models_helpers_fit.R#L355             fit0 <- try(nlme::lme(formul ...
R/linear_models_helpers_fit.R#L357             fit1 <- try(nlme::lme(formul ...
R/linear_models_helpers_fit.R#L364         message(sprintf("[.lmm_interacti ...
R/linear_models_helpers_fit.R#L368         message(sprintf("[.lmm_interacti ...
R/linear_models_helpers_fit.R#L381             message("[.lmm_interaction]  ...
R/linear_models_helpers_fit.R#L396     lrt_result <- list(p_value = NA_real ...
R/linear_models_helpers_fit.R#L400         lrt_result <- .extract_lrt_p(fal ...
R/linear_models_helpers_fit.R#L414             interaction_idx <- grep("q:g ...
R/linear_models_helpers_fit.R#L421             interaction_idx <- grep("q:g ...
R/linear_models_helpers_fit.R#L431     res <- data.frame(gene = g, p_intera ...
R/linear_models_helpers_fit.R#L432         slope_diff = slope_diff, fit_met ...
R/linear_models_helpers_fit.R#L433         arima_transformation = use_arima ...
R/linear_models_helpers_fit.R#L434         small_sample_flag = lrt_result$s ...
R/linear_models_helpers_fit.R#L451 # ══════════════════════════════════════ ...
R/linear_models_helpers_fit.R#L453 # ══════════════════════════════════════ ...
R/linear_models_helpers_fit.R#L460         stop(sprintf("Gene '%s' not foun ...
R/linear_models_helpers_fit.R#L461             g, paste(rownames(mat)[seq_l ...
R/linear_models_helpers_fit.R#L486 # ══════════════════════════════════════ ...
R/linear_models_helpers_fit.R#L488 # ══════════════════════════════════════ ...
R/linear_models_helpers_fit.R#L496             message(sprintf("[.fit_one_i ...
R/linear_models_helpers_fit.R#L497                 g, length(weights), mean ...
R/linear_models_helpers_fit.R#L502             message(sprintf("[.fit_one_i ...
R/linear_models_helpers_fit.R#L509 # ══════════════════════════════════════ ...
R/linear_models_helpers_fit.R#L512 # ══════════════════════════════════════ ...
R/linear_models_helpers_fit.R#L516 .get_subject_ids <- function(se = NULL,  ...
R/linear_models_helpers_fit.R#L522         if (is.null(se) || !(subject_col ...
R/linear_models_helpers_fit.R#L523             stop(sprintf("subject_col '% ...
R/linear_models_helpers_fit.R#L525         subj_full <- as.character(Summar ...
R/linear_models_helpers_fit.R#L557             stop("paired = TRUE requires ...
R/linear_models_helpers_fit.R#L565 # ══════════════════════════════════════ ...
R/linear_models_helpers_fit.R#L567 # ══════════════════════════════════════ ...
R/linear_models_helpers_fit.R#L573         warning(sprintf(".check_lmm_samp ...
R/linear_models_helpers_fit.R#L579         warning(sprintf(".check_lmm_samp ...
R/linear_models_helpers.R#L10         message(sprintf("[calculate_lm_i ...
R/linear_models_helpers.R#L15             tab_str <- paste(sprintf("%s ...
R/linear_models_helpers.R#L16             message(sprintf("[calculate_ ...
R/linear_models_helpers.R#L23                 message(sprintf("[calcul ...
R/linear_models_helpers.R#L32                 message(sprintf("[calcul ...
R/linear_models_helpers.R#L40             message(sprintf("[calculate_ ...
R/linear_models_helpers.R#L152         warning(sprintf("AR(1) autocorre ...
R/linear_models_helpers.R#L226 # ====================================== ...
R/linear_models_helpers.R#L228 # ====================================== ...
R/linear_models_helpers.R#L251         return(list(shapiro_p_value = NA ...
R/linear_models_helpers.R#L252             test_status = "error", repor ...
R/linear_models_helpers.R#L264             family_name <- ifelse(!is.nu ...
R/linear_models_helpers.R#L269                 residuals_vec <- tryCatc ...
R/linear_models_helpers.R#L275                 family_name <- ifelse(!i ...
R/linear_models_helpers.R#L280                   residuals_vec <- tryCa ...
R/linear_models_helpers.R#L284                 family_name <- ifelse(!i ...
R/linear_models_helpers.R#L289                   residuals_vec <- tryCa ...
R/linear_models_helpers.R#L298             residuals_vec <- tryCatch(re ...
R/linear_models_helpers.R#L303             message("[.test_residual_nor ...
R/linear_models_helpers.R#L309         return(list(shapiro_p_value = NA ...
R/linear_models_helpers.R#L310             test_status = "error", repor ...
R/linear_models_helpers.R#L319         return(list(shapiro_p_value = NA ...
R/linear_models_helpers.R#L320             test_status = "error", repor ...
R/linear_models_helpers.R#L332         return(list(shapiro_p_value = NA ...
R/linear_models_helpers.R#L333             test_status = "error", repor ...
R/linear_models_helpers.R#L343         message(sprintf("[.test_residual ...
R/linear_models_helpers.R#L347     return(list(shapiro_p_value = p_valu ...
R/linear_models_helpers.R#L348         test_status = if (is_normal) "pa ...
R/linear_models_helpers.R#L349             p_value, if (is_normal) "res ...
R/linear_models_helpers.R#L362         return(list(is_monotone = NA, n_ ...
R/linear_models_helpers.R#L387     return(list(is_monotone = is_monoton ...
R/linear_models_helpers.R#L388         n_pairs = n_total_pairs, violati ...
R/linear_models_helpers.R#L389             1, report = sprintf(paste("M ...
R/linear_models_helpers.R#L390             "(%.1f%% violations). %s mon ...
R/linear_models_helpers.R#L405         return(list(test_stat = NA_real_ ...
R/linear_models_helpers.R#L406             stationary = NA, conclusion  ...
R/linear_models_helpers.R#L413         return(list(test_stat = NA_real_ ...
R/linear_models_helpers.R#L414             stationary = NA, conclusion  ...
R/linear_models_helpers.R#L440         return(list(test_stat = NA_real_ ...
R/linear_models_helpers.R#L441             stationary = NA, conclusion  ...
R/linear_models_helpers.R#L450         return(list(test_stat = NA_real_ ...
R/linear_models_helpers.R#L451             stationary = NA, conclusion  ...
R/linear_models_helpers.R#L457         return(list(test_stat = NA_real_ ...
R/linear_models_helpers.R#L458             stationary = NA, conclusion  ...
R/linear_models_helpers.R#L466     t_stat <- as.numeric(coef_table[2, 3 ...
R/linear_models_helpers.R#L483     return(list(test_stat = t_stat, p_va ...
R/linear_models_helpers.R#L484         stationary = stationary, conclus ...
R/linear_models_helpers.R#L485         report = sprintf("ADF test (lag= ...
R/linear_models_helpers.R#L486             t_stat, critical_value, if ( ...
R/linear_models_helpers.R#L487                 critical_value) "REJECT  ...
R/linear_models_helpers.R#L498         return(list(test_stat = NA_real_ ...
R/linear_models_helpers.R#L505         return(list(test_stat = NA_real_ ...
R/linear_models_helpers.R#L574     return(list(test_stat = kpss_stat, p ...
R/linear_models_helpers.R#L575         stationary = stationary, conclus ...
R/linear_models_helpers.R#L576         report = sprintf("KPSS test (tre ...
R/linear_models_helpers.R#L577             kpss_stat, crit_5pct, if (re ...
R/linear_models_helpers.R#L583 .validate_stationarity <- function(entro ...
R/linear_models_helpers.R#L609         adf_diff <- list(test_stat = NA, ...
R/linear_models_helpers.R#L610         kpss_diff <- list(test_stat = NA ...
R/linear_models_helpers.R#L618     return(list(gene = gene_name, n_valu ...
R/linear_models_helpers.R#L619         monotonicity = mono_check, raw_d ...
R/linear_models_helpers.R#L620             interpretation = sprintf("Ra ...
R/linear_models_helpers.R#L621                 kpss_raw$conclusion, if  ...
R/linear_models_helpers.R#L622                   FALSE) "CONFIRMED non- ...
R/linear_models_helpers.R#L623         differenced_data_tests = list(ad ...
R/linear_models_helpers.R#L624             adf_diff$conclusion, kpss_di ...
R/linear_models_helpers.R#L625                 isTRUE(kpss_diff$station ...
R/linear_models_helpers.R#L626         arima_justified = arima_justifie ...
R/linear_models_helpers.R#L627         report = sprintf("STATIONARITY V ...
R/linear_models_helpers.R#L628             gene_name, mono_check$report ...
R/linear_models_helpers.R#L629             kpss_diff$report, if (arima_ ...
R/linear_models_helpers.R#L632 .compute_arima_differences <- function(d ...
R/linear_models_helpers.R#L650     df_full <- data.frame(entropy = as.n ...
R/linear_models_helpers.R#L652             factor(subject_vec) else fac ...
R/linear_models_helpers.R#L686         df_diff_list[[subj]] <- data.fra ...
R/linear_models_helpers.R#L687             q = subj_data$q[-1], q_prev  ...
R/linear_models_helpers.R#L715     return(list(df = df_diff, n_observat ...
R/linear_models_helpers.R#L716         n_observations_lost = n_lost, tr ...
R/linear_models_helpers.R#L748     .adaptive_spline_knots_memo <- memoi ...
R/linear_models_helpers.R#L752     .ar1_design_effect_memo <- memoise(. ...
R/linear_models_helpers.R#L791 # ====================================== ...
R/linear_models_helpers.R#L793 # ====================================== ...
R/linear_models_helpers.R#L807         return(list(is_heteroscedastic = ...
R/linear_models_helpers.R#L818         return(list(is_heteroscedastic = ...
R/linear_models_helpers.R#L860         message(sprintf("[Heteroscedasti ...
R/linear_models_helpers.R#L864     return(list(is_heteroscedastic = p_v ...
R/linear_models_helpers.R#L869 .estimate_variance_weights <- function(d ...
R/linear_models_helpers.R#L895         wfit <- try(lm(log(residuals_sq  ...
R/linear_models_helpers.R#L907                   message(sprintf("[Vari ...
R/linear_models_helpers.R#L911                 return(list(weights = we ...
R/linear_models_helpers.R#L985 .validate_lm_interaction_input <- functi ...
R/linear_models_helpers.R#L986     multicorr, pcorr, storey, wy_randomi ...
R/linear_models_helpers.R#L997         warning("wy_randomizations < 100 ...
R/linear_models_helpers.R#L1010                 message("[calculate_lm_i ...
R/linear_models_helpers.R#L1015                 message("[calculate_lm_i ...
R/linear_models_helpers.R#L1019             stop("paired=TRUE requires e ...
R/linear_models_helpers.R#L1020                 paste(cd_colnames, colla ...
R/linear_models_helpers.R#L1025     return(list(method = method, pvalue  ...
R/linear_models_helpers.R#L1054         stop(sprintf("Assay '%s' not fou ...
R/linear_models_helpers.R#L1066         stop("Could not parse q values;  ...
R/linear_models_helpers.R#L1069         stop("Some column names are miss ...
R/linear_models_helpers.R#L1075     condition_in_coldata <- !is.null(con ...
R/linear_models_helpers.R#L1082         stop("No sample grouping found:  ...
R/linear_models_helpers.R#L1087         message("[calculate_lm_interacti ...
R/linear_models_helpers.R#L1091     return(list(sample_q = sample_q, sam ...
R/linear_models_helpers.R#L1121 .fit_all_genes <- function(mat, se, meta ...
R/linear_models_helpers.R#L1122     min_obs, nthreads, verbose, bias_cor ...
R/linear_models_helpers.R#L1136         .fit_one_interaction(g = g, se = ...
R/linear_models_helpers.R#L1137             sample_names = metadata$samp ...
R/linear_models_helpers.R#L1138             pvalue = pvalue, subject_col ...
R/linear_models_helpers.R#L1139             verbose = verbose, suppress_ ...
R/linear_models_helpers.R#L1140             bias_correction = bias_corre ...
R/linear_models_helpers.R#L1164     all_col_names <- unique(c(first_cols ...
R/linear_models_helpers.R#L1187             msg <- sprintf("Column misma ...
R/linear_models_helpers.R#L1189             warning("[calculate_lm_inter ...
R/linear_models_helpers.R#L1190                 "\n[", msg, "]\n[Attempt ...
R/linear_models_helpers.R#L1214         warning("[calculate_lm_interacti ...
R/linear_models_helpers.R#L1215             "\n[Attempting recovery: con ...
R/linear_models_helpers.R#L1226             stop("[calculate_lm_interact ...
R/linear_models_helpers.R#L1227                 "factor conversion. Erro ...
R/linear_models_helpers.R#L1233         stop("[calculate_lm_interaction] ...
R/linear_models_helpers.R#L1239         stop("[calculate_lm_interaction] ...
R/linear_models_helpers.R#L1240             method, " method: ", paste(m ...
R/linear_models_helpers.R#L1261             warning("[calculate_lm_inter ...
R/linear_models_helpers.R#L1303 .adjust_pvalues_multicorr <- function(p_ ...
R/linear_models_helpers.R#L1304     metadata = NULL, mat = NULL, rowname ...
R/linear_models_helpers.R#L1305     method = NULL, pvalue = NULL, subjec ...
R/linear_models_helpers.R#L1306     nthreads = 1, verbose = FALSE, bias_ ...
R/linear_models_helpers.R#L1311             message("[calculate_lm_inter ...
R/linear_models_helpers.R#L1315             message("[calculate_lm_inter ...
R/linear_models_helpers.R#L1323         perm_result <- .westfall_young_p ...
R/linear_models_helpers.R#L1339                     gene_result <- fit_o ...
R/linear_models_helpers.R#L1340                     if (!is.null(gene_re ...
R/linear_models_helpers.R#L1352             pmin(1, (sum(perm_result$per ...
R/linear_models_helpers.R#L1357             message("[calculate_lm_inter ...
R/linear_models_helpers.R#L1362             message("[calculate_lm_inter ...
R/linear_models_helpers.R#L1374                   message("[calculate_lm ...
R/linear_models_helpers.R#L1379                   message("[calculate_lm ...
R/linear_models_helpers.R#L1384             message("[calculate_lm_inter ...
R/linear_models_helpers.R#L1418         message("[calculate_lm_interacti ...
R/linear_models_helpers.R#L1435             rowname_to_id <- setNames(as ...
R/linear_models_helpers.R#L1438             rowname_to_id <- setNames(as ...
R/linear_models_helpers.R#L1441         rowname_to_name <- setNames(as.c ...
R/linear_models_helpers.R#L1457             message("[calculate_lm_inter ...
R/linear_models_helpers.R#L1461         message("[calculate_lm_interacti ...
R/linear_models_helpers.R#L1514 .assemble_model_metadata <- function(se, ...
R/linear_models_helpers.R#L1515     assay_name = "diversity", bias_corre ...
R/linear_models_helpers.R#L1524         per_group_stats[[gr]] <- list(gr ...
R/linear_models_helpers.R#L1525             n_observations = ncol(gr_mat ...
R/linear_models_helpers.R#L1526                 na.rm = TRUE), entropy_s ...
R/linear_models_helpers.R#L1527             entropy_min = min(as.numeric ...
R/linear_models_helpers.R#L1528                 na.rm = TRUE), entropy_m ...
R/linear_models_helpers.R#L1532     model_data <- list(method = method,  ...
R/linear_models_helpers.R#L1533         q_values = sort(unique(metadata$ ...
R/linear_models_helpers.R#L1534         group_levels = levels(factor(met ...
R/linear_models_helpers.R#L1535         test_configuration = list(method ...
R/linear_models_helpers.R#L1536             bias_correction = bias_corre ...
R/linear_models_helpers.R#L1537             adaptive_knots = adaptive_kn ...
R/linear_models_helpers.R#L1538         notes = paste("Use this model_da ...
R/linear_models_helpers.R#L1539             "per_group_statistics for co ...
R/linear_models_lmm.R#L4 .lmm_regularization <- function(q_vals,  ...
R/linear_models_lmm.R#L50     cv_fit <- try(glmnet::cv.glmnet(x =  ...
R/linear_models_lmm.R#L51         alpha = alpha_val, nfolds = min( ...
R/linear_models_lmm.R#L61     selected_features <- which(as.numeri ...
R/linear_models_lmm.R#L64     if (length(selected_features) == 0 | ...
R/linear_models_lmm.R#L70     list(selected_features = selected_fe ...
R/linear_models_lmm.R#L100             fit0_ar1 <- nlme::lme(entrop ...
R/linear_models_lmm.R#L102             fit1_ar1 <- nlme::lme(entrop ...
R/linear_models_lmm.R#L105             fit0_ar1 <- nlme::lme(entrop ...
R/linear_models_lmm.R#L107             fit1_ar1 <- nlme::lme(entrop ...
R/linear_models_lmm.R#L111         if (!inherits(fit0_ar1, "try-err ...
R/linear_models_lmm.R#L113                 message("[.try_lmm_ar1]  ...
R/linear_models_lmm.R#L119             message("[.try_lmm_ar1] AR(1 ...
R/linear_models_lmm.R#L132             message("[.try_lm_fallbacks] ...
R/linear_models_lmm.R#L139             fit0_nlme <- try(nlme::lme(e ...
R/linear_models_lmm.R#L141             fit1_nlme <- try(nlme::lme(e ...
R/linear_models_lmm.R#L144             fit0_nlme <- try(nlme::lme(e ...
R/linear_models_lmm.R#L146             fit1_nlme <- try(nlme::lme(e ...
R/linear_models_lmm.R#L149         if (!inherits(fit0_nlme, "try-er ...
R/linear_models_lmm.R#L151                 message("[.try_lm_fallba ...
R/linear_models_lmm.R#L158         fit0_tmb <- try(glmmTMB::glmmTMB ...
R/linear_models_lmm.R#L160         fit1_tmb <- try(glmmTMB::glmmTMB ...
R/linear_models_lmm.R#L162         if (!inherits(fit0_tmb, "try-err ...
R/linear_models_lmm.R#L175                 return(list(fit0 = fit0_ ...
R/linear_models_lmm.R#L177                 msg <- paste0("glmmTMB m ...
R/linear_models_lmm.R#L181                 return(list(fit0 = NA, f ...
R/linear_models_lmm.R#L189     fit0_lm <- try(stats::lm(entropy ~ q ...
R/linear_models_lmm.R#L191     fit1_lm <- try(stats::lm(entropy ~ q ...
R/linear_models_lmm.R#L195             message("[.try_lm_fallbacks] ...
R/linear_models_lmm.R#L197         return(list(fit0 = fit0_lm, fit1 ...
R/linear_models_lmm.R#L201     fit0_lm2 <- try(stats::lm(entropy ~  ...
R/linear_models_lmm.R#L203     fit1_lm2 <- try(stats::lm(entropy ~  ...
R/linear_models_lmm.R#L207             message("[.try_lm_fallbacks] ...
R/linear_models_lmm.R#L233         return(list(p_value = NA_real_,  ...
R/linear_models_lmm.R#L249         pcol <- grep("Pr\\(>F\\)|Pr\\(>C ...
R/linear_models_lmm.R#L266         return(list(p_value = pval, n_su ...
R/linear_models_lmm.R#L275     return(list(p_value = NA_real_, n_su ...
R/m_estimation.R#L86 .calculate_m_estimator <- function(x, sa ...
R/m_estimation.R#L87     tol = 1e-06, paired = FALSE, pcorr = ...
R/m_estimation.R#L91         return(.handleMEstimateSEInput(x ...
R/m_estimation.R#L92             loss_type, max_iter, tol, pc ...
R/m_estimation.R#L108         results_list[[i]] <- .processMEs ...
R/m_estimation.R#L137         c2 <- sum(weights * pmin((y/k0)^ ...
R/m_estimation.R#L194 #' Single vector robust location estimat ...
R/m_estimation.R#L195 #' Returns a robust estimate of the loca ...
R/m_estimation.R#L196 #' extreme values. Extracted as standalo ...
R/m_estimation.R#L202 #' 1. **Loss Function Selection**: Choos ...
R/m_estimation.R#L219 #' - **`.calculate_m_estimator()`**: Ful ...
R/m_estimation.R#L220 #' - **`.calculate_difference()`**: Effi ...
R/m_estimation.R#L227 #' @param scale numeric or NULL; scale/s ...
R/m_estimation.R#L228 #'   computed automatically using `scale ...
R/m_estimation.R#L230 #' @param scale_method character; method ...
R/m_estimation.R#L240 #'   - If TRUE: Returns list with final  ...
R/m_estimation.R#L243 #'   - **If `return_weights = FALSE`**:  ...
R/m_estimation.R#L250 .mest_irls_location <- function(y, loss_ ...
R/m_estimation.R#L257         return(if (return_weights) list( ...
R/m_estimation.R#L263         return(if (return_weights) list( ...
R/m_estimation.R#L293             location <- sum(weights[vali ...
R/m_estimation.R#L319             if (!is.na(diff_current) &&  ...
R/m_estimation.R#L329         return(list(location_diff = loca ...
R/m_estimation.R#L363     entropy_by_sample <- matrix(0, nrow  ...
R/m_estimation.R#L369             entropy_by_sample[, j] <- ap ...
R/m_estimation.R#L384     list(entropy_by_sample = entropy_by_ ...
R/m_estimation.R#L385         unique_samples = unique_samples, ...
R/m_estimation.R#L392 .mest_influence_loo <- function(entropy_ ...
R/m_estimation.R#L393     m_est_full, loss_type = "huber", sca ...
R/m_estimation.R#L414             gene_level_changes[[unique_s ...
R/m_estimation.R#L420         m_est_subset <- .calculate_m_est ...
R/m_estimation.R#L421             scale = scale, max_iter = ma ...
R/m_estimation.R#L425         dfbeta <- (m_est_full$location_d ...
R/m_estimation.R#L434             full_location_diff = m_est_f ...
R/m_estimation.R#L437         sample_influence[i] <- mean(abs( ...
R/m_estimation.R#L440     list(sample_influence = sample_influ ...
R/m_estimation.R#L446 .mest_compute_distances <- function(entr ...
R/m_estimation.R#L455                 group_centroid <- entrop ...
R/m_estimation.R#L457                 group_centroid <- apply( ...
R/m_estimation.R#L464                   dist <- sqrt(sum((samp ...
R/m_estimation.R#L466                   dist <- sqrt(sum((samp ...
R/m_estimation.R#L479     loss_type, max_iter, tol, pcorr, sca ...
R/m_estimation.R#L492     if (!isTRUE(paired) && length(S4Vect ...
R/m_estimation.R#L501         .calculate_m_estimator(entropy_b ...
R/m_estimation.R#L502             scale = scale, max_iter = ma ...
R/m_estimation.R#L509     loo_result <- .mest_influence_loo(en ...
R/m_estimation.R#L510         unique_samples, m_est_full, loss ...
R/m_estimation.R#L527     centroid_distances <- .mest_compute_ ...
R/m_estimation.R#L534         condition_for_samples[j] <- as.c ...
R/m_estimation.R#L558     high_influence_threshold <- quantile ...
R/m_estimation.R#L561     result_df <- data.frame(Sample = nam ...
R/m_estimation.R#L562         Proportion_Affected = sample_inf ...
R/m_estimation.R#L563             nrow(entropy_by_sample), Rob ...
R/m_estimation.R#L564         Entropy_Mean = apply(entropy_by_ ...
R/m_estimation.R#L565             2, sd, na.rm = TRUE), Distan ...
R/m_estimation.R#L566             high_influence_threshold, "F ...
R/m_estimation.R#L578 .validateMEstimateInputs <- function(x,  ...
R/m_estimation.R#L639 .performIRLSRegression <- function(y, X, ...
R/m_estimation.R#L675             return(list(coef = if (use_i ...
R/m_estimation.R#L683             weights <- ifelse(abs(standa ...
R/m_estimation.R#L686             weights <- ifelse(abs(standa ...
R/m_estimation.R#L694             return(list(coef = if (use_i ...
R/m_estimation.R#L723                 coef_new <- sum(weights[ ...
R/m_estimation.R#L738 .processMEstimateFeature <- function(fea ...
R/m_estimation.R#L772     scale_local <- .determineMEstimateSc ...
R/m_estimation.R#L775         return(data.frame(location_diff  ...
R/m_estimation.R#L776             pvalue = NA_real_, n_down_we ...
R/m_estimation.R#L781     irls_result <- .performIRLSRegressio ...
R/m_estimation.R#L839     data.frame(location_diff = location_ ...
R/m_estimation.R#L840         pvalue = pvalue, n_down_weighted ...
R/orchestration_results.R#L7 #' Provides flexible access to diversity ...
R/orchestration_results.R#L12 #'   'diversity', 'divergence', 'lm', 'j ...
R/orchestration_results.R#L14 #' @param q \code{numeric}. For diversit ...
R/orchestration_results.R#L15 #'   a specific q-value only. When speci ...
R/orchestration_results.R#L16 #'   for that q-value instead of the ful ...
R/orchestration_results.R#L26 #' @param format \code{character}. Outpu ...
R/orchestration_results.R#L28 #' @param display_table \code{logical}.  ...
R/orchestration_results.R#L33 #' @param q_values_table \code{numeric}. ...
R/orchestration_results.R#L35 #' @param top_n \code{integer}. For effe ...
R/orchestration_results.R#L36 #'   When specified, results are sorted  ...
R/orchestration_results.R#L38 #' @param sort_by \code{character}. For  ...
R/orchestration_results.R#L39 #'   Common choices: 'adj_p_interaction' ...
R/orchestration_results.R#L42 #'   - For diversity with q=NULL: A name ...
R/orchestration_results.R#L43 #'   - For diversity with q specified: A ...
R/orchestration_results.R#L44 #'   - For divergence: A SummarizedExper ...
R/orchestration_results.R#L47 #'   - For effect_sizes_divergence: A li ...
R/orchestration_results.R#L49 #'   Returns NULL if requested result ty ...
R/orchestration_results.R#L53 #' filtering, and format conversion. Com ...
R/orchestration_results.R#L91 #' # Get pairwise results (e.g., differe ...
R/orchestration_results.R#L109                        n = NA, filterFDR ...
R/orchestration_results.R#L127         diversity = .process_diversity_r ...
R/orchestration_results.R#L133         rank_test = .process_statistical ...
R/orchestration_results.R#L134         effect_sizes_divergence = .proce ...
R/orchestration_results.R#L149 .validate_results_params <- function(ana ...
R/orchestration_results.R#L156         stop("'rankBy' must be one of: " ...
R/orchestration_results.R#L162         stop("'format' must be one of: " ...
R/orchestration_results.R#L179         candidate_key <- paste0("q_", fo ...
R/orchestration_results.R#L219 .display_diversity_table <- function(ana ...
R/orchestration_results.R#L220     all_div_results <- if (is.null(q)) a ...
R/orchestration_results.R#L230     table_lines <- c(table_lines, "\n[re ...
R/orchestration_results.R#L232     table_lines <- c(table_lines, sprint ...
R/orchestration_results.R#L238         header <- paste0(header, sprintf ...
R/orchestration_results.R#L242     for (gene_idx in seq_len(min(n_genes ...
R/orchestration_results.R#L267         diversity = if (length(analysis@ ...
R/orchestration_results.R#L268         divergence = if (length(analysis ...
R/orchestration_results.R#L277         rank_test = if (!is.null(analysi ...
R/orchestration_results.R#L280         pairwise = if (length(analysis@p ...
R/orchestration_results.R#L281         effect_sizes_divergence = S4Vect ...
R/orchestration_results.R#L284              "diversity, divergence, lm, ...
R/orchestration_results.R#L320     if (length(analysis@lm_results) == 0 ...
R/orchestration_results.R#L366 .process_diversity_results <- function(r ...
R/orchestration_results.R#L383     if (type == "switching_tables" && (! ...
R/orchestration_results.R#L384         warning("rankBy and filterFDR ar ...
R/orchestration_results.R#L385                 "Ignoring these paramete ...
R/orchestration_results.R#L387     } else if (rankBy != "none" && !type ...
R/orchestration_results.R#L388         warning("rankBy='", rankBy, "' i ...
R/orchestration_results.R#L389                 "Ignoring rankBy paramet ...
R/orchestration_results.R#L400             q_char_underscore <- sprintf ...
R/orchestration_results.R#L403             q_char <- if (q_char_undersc ...
R/orchestration_results.R#L411                 } else if (is.list(jk_q_ ...
R/orchestration_results.R#L419                 warning("Jackknife resul ...
R/orchestration_results.R#L420                         paste(grep("^q_" ...
R/orchestration_results.R#L428             } else if (is.list(jk_multi) ...
R/orchestration_results.R#L435         } else if ("summary_table" %in%  ...
R/orchestration_results.R#L451         lm = if ("adj_p_interaction" %in ...
R/orchestration_results.R#L452         rank_test = if ("adj_p_value" %i ...
R/orchestration_results.R#L463     result[!is.na(result[[padj_col]]) &  ...
R/orchestration_results.R#L476             if (rankBy %in% c("pvalue",  ...
R/orchestration_results.R#L478             } else if ("summary_table" % ...
R/orchestration_results.R#L482             if ("summary_table" %in% nam ...
R/orchestration_results.R#L484             } else if ("results" %in% na ...
R/orchestration_results.R#L491         stop("Ranking requires data.fram ...
R/orchestration_results.R#L498         warning("Column for rankBy='", r ...
R/orchestration_results.R#L524             pvalue = if ("p_interaction" ...
R/orchestration_results.R#L525             qvalue = if ("adj_p_interact ...
R/orchestration_results.R#L528                         else if ("effect ...
R/orchestration_results.R#L534             qvalue = if ("adj_p_value" % ...
R/orchestration_results.R#L543             effectSize = if ("delta_infl ...
R/orchestration_results.R#L544                         else if ("max_de ...
R/orchestration_results.R#L555 .process_statistical_results <- function ...
R/orchestration_results.R#L591     if ("summary_table" %in% names(resul ...
R/orchestration_results.R#L595     } else if ("all_transcript_stats" %i ...
R/orchestration_results.R#L625                 result <- result[!is.na( ...
R/orchestration_results.R#L659                        else if ("adj_p_v ...
R/orchestration_results.R#L662                 result <- result[!is.na( ...
R/orchestration_results.R#L678 .process_effect_sizes_divergence_results ...
R/orchestration_results.R#L688         } else if ("interaction_results" ...
R/orchestration_results.R#L702                      "Available columns: ...
R/orchestration_results.R#L706             # Determine sort direction:  ...
R/orchestration_results.R#L707             decreasing <- !grepl("p_valu ...
R/orchestration_results.R#L710             order_idx <- order(results_d ...
R/orchestration_results.R#L735                      "Available columns: ...
R/orchestration_results.R#L740             decreasing <- !grepl("p_valu ...
R/orchestration_results.R#L743             order_idx <- order(result[[s ...
R/orchestration.R#L14 #' @param analysis \code{TSENATAnalysis} ...
R/orchestration.R#L17 #' @param save_output \code{logical}. Wh ...
R/orchestration.R#L19 #' @param output_format \code{character} ...
R/orchestration.R#L20 #'   'csv' (comma-separated), 'txt' (tex ...
R/orchestration.R#L36 #'   \item \code{plot_jis_delta()} - Mul ...
R/orchestration.R#L70 TSENAT <- function(analysis, output_dir  ...
R/orchestration.R#L73         stop("'analysis' must be a TSENA ...
R/orchestration.R#L77         stop("TSENATAnalysis contains an ...
R/orchestration.R#L83         stop("'output_format' must be on ...
R/orchestration.R#L102     # Extract parameters from config (al ...
R/orchestration.R#L110     if (verbose) message("[INFO] Using q ...
R/orchestration.R#L135     }, error = function(e) warning("Filt ...
R/orchestration.R#L139     analysis <- .execute_diversity_s4(an ...
R/orchestration.R#L147     analysis <- .execute_m_estimate_qc(a ...
R/orchestration.R#L151     analysis <- .execute_lm_interaction_ ...
R/orchestration.R#L159     analysis <- .execute_jackknife_isofo ...
R/orchestration.R#L163     # Step 8 removed: Gene switching tab ...
R/orchestration.R#L164     # No need for explicit computation - ...
R/orchestration.R#L174     analysis <- .execute_divergence_s4(a ...
R/orchestration.R#L178     analysis <- .execute_effect_sizes_s4 ...
R/orchestration.R#L195     analysis <- .finalize_tsenat_analysi ...
R/orchestration.R#L262                     stats$n_lm_significa ...
R/orchestration.R#L264                     stats$n_lm_significa ...
R/orchestration.R#L271     if (length(analysis@jackknife_result ...
R/orchestration.R#L273             stats$n_jackknife <- nrow(an ...
R/orchestration.R#L278     if (length(analysis@divergence_resul ...
R/orchestration.R#L320 #' @param q \code{numeric}. Q-value(s) f ...
R/orchestration.R#L322 #'   Usage: \code{calculate_diversity/di ...
R/orchestration.R#L325 #' @param condition_col \code{character} ...
R/orchestration.R#L326 #' @param subject_col \code{character}.  ...
R/orchestration.R#L327 #' @param sample_col \code{character}. C ...
R/orchestration.R#L328 #' @param paired \code{logical}. Whether ...
R/orchestration.R#L329 #' @param control \code{character}. Refe ...
R/orchestration.R#L331 #' @param fdr_threshold \code{numeric}.  ...
R/orchestration.R#L332 #' @param significance_threshold \code{n ...
R/orchestration.R#L335 #' @param bootstrap_method \code{charact ...
R/orchestration.R#L337 #' @param bootstrap_include_diagnostics  ...
R/orchestration.R#L338 #' @param min_valid_frac \code{numeric}. ...
R/orchestration.R#L341 #' @param norm_method \code{character}.  ...
R/orchestration.R#L342 #' @param shrinkage \code{character}. Va ...
R/orchestration.R#L343 #' @param stringency \code{character}. F ...
R/orchestration.R#L344 #' @param lm_method \code{character}. LM ...
R/orchestration.R#L345 #' @param lm_pcorr \code{character}. P-v ...
R/orchestration.R#L346 #' @param jis_use_lm_fdr \code{logical}. ...
R/orchestration.R#L347 #' @param divergence_ci \code{numeric}.  ...
R/orchestration.R#L373 #'   q = seq(0, 2, by = 0.5),          # ...
R/orchestration.R#L381 #'   bootstrap_method = "bca",         # ...
R/orchestration.R#L399 #'   pseudocount = 0,                  # ...
R/orchestration.R#L404 TSENAT_config <- function(q = 1.0, condi ...
R/orchestration.R#L405     sample_col = "sample", paired = FALS ...
R/orchestration.R#L406     significance_threshold = 0.05, boots ...
R/orchestration.R#L408     bootstrap_ci = 0.95, bootstrap_inclu ...
R/orchestration.R#L413         stop("'q' must be specified (q-v ...
R/orchestration.R#L429         stop("'lm_method' must be one of ...
R/orchestration.R#L436         stop("'lm_pcorr' must be one of: ...
R/orchestration.R#L441     if (!is.numeric(divergence_ci) || di ...
R/orchestration.R#L474     # Add any additional parameters (exc ...
R/orchestration.R#L476     # Reject metadata in config to enfor ...
R/orchestration.R#L478         warning("[TSENAT_config] Paramet ...
R/orchestration.R#L479                 "  Pass metadata directl ...
R/orchestration.R#L480                 "  Bioconductor pattern: ...
R/orchestration.R#L500             warning("[TSENAT_config] Pai ...
R/orchestration.R#L501                 "  Missing or incomplete ...
R/orchestration.R#L502                 "  This will cause downs ...
R/orchestration.R#L505                 "      q = 1.0,          ...
R/orchestration.R#L507                 "      subject_col = 'pa ...
R/orchestration.R#L509                 "      control = 'normal ...
R/orchestration.R#L527     checks <- list(se_valid = !is.null(a ...
R/orchestration.R#L532         stop("Analysis validation failed ...
R/orchestration.R#L557         "  Design ............... ", if  ...
R/orchestration.R#L559         "  Normalization ........ ", if  ...
R/orchestration.R#L561         "  Pseudocount .......... ", if  ...
R/orchestration.R#L562         "  Shrinkage ............ ", if  ...
R/orchestration.R#L563         "  Significance ......... p < ", ...
R/orchestration.R#L567         "  Jackknife use_lm_fdr . ", if  ...
R/orchestration.R#L571             "  Divergence CI ........ ", ...
R/orchestration.R#L576             "  Bootstrap ........... ",  ...
R/orchestration.R#L594 #' @param output_format \code{character} ...
R/orchestration.R#L596 #' @return \code{character} Full path to ...
R/orchestration.R#L613 .execute_diversity_s4 <- function(analys ...
R/orchestration.R#L617         output_file <- .build_output_fil ...
R/orchestration.R#L619         # Extract bootstrap parameters f ...
R/orchestration.R#L624         # Only show messages if verbose  ...
R/orchestration.R#L625         should_show_messages <- verbose  ...
R/orchestration.R#L638             message(sprintf("          [ ...
R/orchestration.R#L639     }, error = function(e) warning("Dive ...
R/orchestration.R#L649         output_file <- if (!is.null(outp ...
R/orchestration.R#L652             analysis <- addPlot(analysis ...
R/orchestration.R#L665 .execute_m_estimate_qc <- function(analy ...
R/orchestration.R#L667         message(sprintf("[>] [%2d/14] Ru ...
R/orchestration.R#L669         output_file <- .build_output_fil ...
R/orchestration.R#L670         analysis <- calculate_m_estimato ...
R/orchestration.R#L682 .execute_lm_interaction_s4 <- function(a ...
R/orchestration.R#L684         message(sprintf("[>] [%2d/14] Te ...
R/orchestration.R#L690         output_file <- .build_output_fil ...
R/orchestration.R#L691         analysis <- calculate_lm(analysi ...
R/orchestration.R#L695     }, error = function(e) warning("LM i ...
R/orchestration.R#L705         output_file <- if (!is.null(outp ...
R/orchestration.R#L708             analysis <- addPlot(analysis ...
R/orchestration.R#L721 .execute_jackknife_isoform_switching <-  ...
R/orchestration.R#L724         message(sprintf("[>] [%2d/14] Co ...
R/orchestration.R#L728         output_file <- .build_output_fil ...
R/orchestration.R#L730             use_lm_fdr = jis_use_lm_fdr, ...
R/orchestration.R#L735             warning("Jackknife isoform s ...
R/orchestration.R#L746         output_file <- if (!is.null(outp ...
R/orchestration.R#L749             analysis <- addPlot(analysis ...
R/orchestration.R#L767         output_file <- if (!is.null(outp ...
R/orchestration.R#L770             analysis <- addPlot(analysis ...
R/orchestration.R#L784 .execute_divergence_s4 <- function(analy ...
R/orchestration.R#L790         output_file <- .build_output_fil ...
R/orchestration.R#L791         analysis <- calculate_divergence ...
R/orchestration.R#L804 .execute_effect_sizes_s4 <- function(ana ...
R/orchestration.R#L806         message(sprintf("[>] [%2d/14] Co ...
R/orchestration.R#L808         output_file <- .build_output_fil ...
R/orchestration.R#L809         analysis <- calculate_effect_siz ...
R/orchestration.R#L814             warning("Effect size computa ...
R/orchestration.R#L825         output_file <- if (!is.null(outp ...
R/orchestration.R#L826         p_div_dist <- plot_divergence_di ...
R/orchestration.R#L828             analysis <- addPlot(analysis ...
R/orchestration.R#L835             warning("Divergence distribu ...
R/orchestration.R#L847         output_file <- if (!is.null(outp ...
R/orchestration.R#L848         p_div_spec <- plot_divergence_sp ...
R/orchestration.R#L850             analysis <- addPlot(analysis ...
R/orchestration.R#L853                 message("          [OK]  ...
R/orchestration.R#L857         output_file_multi <- if (!is.nul ...
R/orchestration.R#L858         p_multi <- plot_divergence_spect ...
R/orchestration.R#L861             analysis <- addPlot(analysis ...
R/orchestration.R#L864                 message("          [OK]  ...
R/orchestration.R#L868             warning("Divergence spectrum ...
R/orchestration.R#L877     analysis@metadata$workflow <- list(w ...
R/orchestration.R#L878         completion_time = Sys.time(), ts ...
R/orchestration.R#L879     analysis@metadata$methods_parameters ...
R/orchestration.R#L887 .finalize_tsenat_analysis <- function(an ...
R/orchestration.R#L895             "+========================== ...
R/orchestration.R#L900             output <- paste0(output, spr ...
R/orchestration.R#L903             output <- paste0(output, spr ...
R/orchestration.R#L906             output <- paste0(output, spr ...
R/orchestration.R#L909             output <- paste0(output, spr ...
R/orchestration.R#L915             output <- paste0(output, spr ...
R/orchestration.R#L918                 step_durations <- vapply ...
R/orchestration.R#L919                 slow_steps <- names(sort ...
R/orchestration.R#L924                     pct <- (as.numeric(s ...
R/orchestration.R#L925                     output <- paste0(out ...
R/orchestration.R#L934             output <- paste0(output, spr ...
R/orchestration.R#L935             output <- paste0(output, spr ...
R/orchestration.R#L942             "  results(result)           ...
R/orchestration.R#L943             "  getPlot(result, type)     ...
R/orchestration.R#L944             "  metadata(result)          ...
R/orchestration.R#L945             "  se(result)                ...
R/package.R#L1 #' TSENAT: Tsallis Entropy for Systems E ...
R/package.R#L3 #' TSENAT is a Bioconductor package that ...
R/package.R#L4 #' isoform level using Tsallis entropy,  ...
R/package.R#L5 #' rare-event dynamics and scale-depende ...
R/package.R#L6 #' diversity quantification, statistical ...
R/package.R#L7 #' divergence metrics into a unified ana ...
R/package.R#L10 #' Classical Shannon entropy (a special  ...
R/package.R#L11 #' states equally. Tsallis entropy with  ...
R/package.R#L16 #'   \item \eqn{q = 2}: Simpson entropy  ...
R/package.R#L19 #' This multiscale perspective reveals c ...
R/package.R#L20 #' and detects genes with asymmetric iso ...
R/package.R#L25 #'   \item \strong{Diversity Quantificat ...
R/package.R#L26 #'     q-values (0 to \eqn{\infty}) for  ...
R/package.R#L28 #'   \item \strong{Jackknife Resampling} ...
R/package.R#L29 #'     resampling. Identifies genes with ...
R/package.R#L31 #'   \item \strong{Linear Mixed Models}: ...
R/package.R#L32 #'     diversity landscapes using nlme,  ...
R/package.R#L34 #'   \item \strong{Divergence Analysis}: ...
R/package.R#L35 #'     between condition groups. Detects ...
R/package.R#L37 #'   \item \strong{Visualization}: Gener ...
R/package.R#L43 #'   \item{\code{\link{TSENAT}}}{Main or ...
R/package.R#L45 #'   \item{\code{\link{TSENAT_config}}}{ ...
R/package.R#L47 #'   \item{\code{\link{calculate_diversi ...
R/package.R#L51 #'   \item{\code{\link{calculate_lm}}}{S ...
R/package.R#L53 #'   \item{\code{\link{calculate_diverge ...
R/package.R#L55 #'   \item{\code{\link{filter_analysis}} ...
R/package.R#L62 #'     Tsallis Entropy: \eqn{H_q = \frac ...
R/package.R#L66 #'     Tsallis Divergence: \eqn{D_q(p||r ...
R/package.R#L67 #'     Kullback-Leibler distance (q=1 li ...
R/package.R#L70 #'     Jackknife leave-one-out, block bo ...
R/package.R#L74 #'     LMM: \eqn{H_{g,c} = \beta_0 + \be ...
R/package.R#L82 #'   \item \strong{Multiscale q-paramete ...
R/package.R#L84 #'   \item \strong{Robust resampling}: L ...
R/package.R#L86 #'   \item \strong{Multiple method backe ...
R/package.R#L88 #'   \item \strong{FDR-corrected testing ...
R/package.R#L89 #'   \item \strong{Production-grade visu ...
R/package.R#L91 #'   \item \strong{Reproducibility track ...
R/package.R#L93 #'   \item \strong{S4 object-oriented de ...
R/package.R#L99 #'   \item{\strong{Input}}{SummarizedExp ...
R/package.R#L101 #'   \item{\strong{Output}}{TSENATAnalys ...
R/package.R#L102 #'     q-parameter range, (2) Jackknife  ...
R/package.R#L103 #'     statistics with p-values and effe ...
R/package.R#L104 #'     test results, (5) Cached publicat ...
R/package.R#L109 #'   \item \strong{q-value sweeps reveal ...
R/package.R#L110 #'     peaks at intermediate q-values (0 ...
R/package.R#L112 #'   \item \strong{Interaction q-profile ...
R/package.R#L113 #'     condition-specific isoform switch ...
R/package.R#L114 #'   \item \strong{Divergence as biologi ...
R/package.R#L115 #'     transcript composition distance;  ...
R/package.R#L117 #'   \item \strong{Statistical interpret ...
R/package.R#L118 #'     (valid for skewed distributions)  ...
R/package.R#L124 #'   \item Tsallis, C. (1988). Possible  ...
R/package.R#L126 #'   \item Furuichi, S. (2006). Informat ...
R/package.R#L132 #'   \item Hill, M. O. (1973). Diversity ...
R/package.R#L134 #'   \item Chao, A., Chiu, C. H., & Jost ...
R/package.R#L135 #'     phylogenetic diversity, functiona ...
R/package.R#L136 #'     single framework. \emph{Annual Re ...
R/package.R#L141 #'   \item Vitting-Seerup, K., et al. (2 ...
R/package.R#L142 #'     of isoform switches and novel iso ...
R/package.R#L147 #' \code{\link{TSENATAnalysis-class}} -- ...
R/package.R#L150 #' or accessor methods \code{\link{se}}, ...
R/package.R#L154 #' \code{\link{se}}, \code{\link{metadat ...
R/pairwise_difference_shuffling.R#L99 .label_shuffling <- function(x, samples, ...
R/pairwise_difference_shuffling.R#L100     paired = FALSE, paired_method = c("s ...
R/pairwise_difference_shuffling.R#L112     groups <- sort(unique(samples))  # O ...
R/pairwise_difference_shuffling.R#L116     perm_mat <- .generate_permutation_ma ...
R/pairwise_difference_shuffling.R#L117         paired, paired_method, pairs, ps ...
R/pairwise_difference_shuffling.R#L120     raw_p_values <- .compute_pvalues_fro ...
R/pairwise_difference_shuffling.R#L124     effect_stats <- .compute_all_effect_ ...
R/pairwise_difference_shuffling.R#L127     .format_pvalue_output(raw_p_values,  ...
R/pairwise_difference_shuffling.R#L149         stop(".label_shuffling() require ...
R/pairwise_difference_shuffling.R#L155         stop("Paired permutation require ...
R/pairwise_difference_shuffling.R#L160         stop("paired=TRUE requires `pair ...
R/pairwise_difference_shuffling.R#L183 .generate_permutation_matrix <- function ...
R/pairwise_difference_shuffling.R#L184     paired, paired_method, pairs, pseudo ...
R/pairwise_difference_shuffling.R#L191         perm_mat <- .generate_paired_per ...
R/pairwise_difference_shuffling.R#L192             method, randomizations, pair ...
R/pairwise_difference_shuffling.R#L195         perm_mat <- .generate_unpaired_p ...
R/pairwise_difference_shuffling.R#L196             method, randomizations, pseu ...
R/pairwise_difference_shuffling.R#L205 .generate_paired_permutations <- functio ...
R/pairwise_difference_shuffling.R#L206     randomizations, pairs, paired_method ...
R/pairwise_difference_shuffling.R#L217         swap_matrix <- matrix(sample(c(T ...
R/pairwise_difference_shuffling.R#L221         swap_matrix <- matrix(sample(c(T ...
R/pairwise_difference_shuffling.R#L238         perm_mat[, r] <- .fast_log2fc_pe ...
R/pairwise_difference_shuffling.R#L257 .generate_unpaired_permutations <- funct ...
R/pairwise_difference_shuffling.R#L268         perm_mat[, r] <- .fast_log2fc_pe ...
R/pairwise_difference_shuffling.R#L275 #' Compute p-values from permutation dis ...
R/pairwise_difference_shuffling.R#L299     unlist(.bplapply(seq_len(nrow(perm_m ...
R/pairwise_difference_shuffling.R#L312     list(U = vapply(effect_sizes, "[", i ...
R/pairwise_difference_shuffling.R#L334 .wilcox_effect_sizes_paired <- function( ...
R/pairwise_difference_shuffling.R#L352             diffs_list[[p_idx]] <- x[fea ...
R/pairwise_difference_shuffling.R#L390     wt <- wilcox.test(x[feature_idx, g1_ ...
R/pairwise_difference_shuffling.R#L414 .format_pvalue_output <- function(raw_p_ ...
R/pairwise_difference_shuffling.R#L417     out <- data.frame(pvalue = raw_p_val ...
R/pairwise_difference_shuffling.R#L418         U = effect_stats$U, r = effect_s ...
R/pairwise_difference.R#L87 .calculate_difference <- function(x, con ...
R/pairwise_difference.R#L88     test = "wilcoxon", randomizations =  ...
R/pairwise_difference.R#L89     paired = FALSE, exact = FALSE, pseud ...
R/pairwise_difference.R#L112     part <- .calculate_difference_partit ...
R/pairwise_difference.R#L113         method = method, test = test, pc ...
R/pairwise_difference.R#L121         control, method, test, randomiza ...
R/pairwise_difference.R#L137         stop("Input type unsupported; se ...
R/pairwise_difference.R#L139     if (!(is.data.frame(x) || inherits(x ...
R/pairwise_difference.R#L141         stop("Input data type not suppor ...
R/pairwise_difference.R#L152             stop("When providing a Summa ...
R/pairwise_difference.R#L153                 "or call map_metadata()  ...
R/pairwise_difference.R#L167         stop(sprintf("Column '%s' not fo ...
R/pairwise_difference.R#L176     if (inherits(x, "RangedSummarizedExp ...
R/pairwise_difference.R#L184             pairs_vec <- as.character(Su ...
R/pairwise_difference.R#L188         if (!is.numeric(assayno) || leng ...
R/pairwise_difference.R#L214         stop(".calculate_difference() do ...
R/pairwise_difference.R#L215             "  Input has q values: ", pa ...
R/pairwise_difference.R#L216             "  For proper multi-q analys ...
R/pairwise_difference.R#L217             "    - method='lmm': Linear  ...
R/pairwise_difference.R#L218             "    - method='gam': General ...
R/pairwise_difference.R#L219             "    - method='gee': General ...
R/pairwise_difference.R#L228         stop("paired=TRUE requires `pair ...
R/pairwise_difference.R#L229             "to avoid silent bugs from i ...
R/pairwise_difference.R#L230             "vector with pairing informa ...
R/pairwise_difference.R#L246 .extract_wilcoxon_pvalues <- function(ym ...
R/pairwise_difference.R#L248     wilcoxon_result <- .wilcoxon(ymat, s ...
R/pairwise_difference.R#L259 .extract_shuffling_pvalues <- function(y ...
R/pairwise_difference.R#L262     shuffling_result <- .label_shuffling ...
R/pairwise_difference.R#L263         pcorr = pcorr, paired = paired,  ...
R/pairwise_difference.R#L280         stop("pvalue_table and fc_result ...
R/pairwise_difference.R#L286     data.frame(gene_id = gene_ids, fc_re ...
R/pairwise_difference.R#L299     data.frame(gene_id = gene_ids, fc_re ...
R/pairwise_difference.R#L300         n_genes), r = rep(NA_real_, n_ge ...
R/pairwise_difference.R#L317             stop("tested and small resul ...
R/pairwise_difference.R#L318                 paste(tested_cols, colla ...
R/pairwise_difference.R#L334     if (!("log2_fold_change" %in% colnam ...
R/pairwise_difference.R#L342 .run_statistical_tests_dispatcher <- fun ...
R/pairwise_difference.R#L343     method, test, randomizations, pcorr, ...
R/pairwise_difference.R#L350         message(sprintf("Note: %d genes  ...
R/pairwise_difference.R#L359             ptab <- .extract_wilcoxon_pv ...
R/pairwise_difference.R#L362             ptab <- .extract_shuffling_p ...
R/pairwise_difference.R#L363                 pcorr, paired, nthreads, ...
R/pairwise_difference.R#L369         result_list$tested <- .build_tes ...
R/pairwise_difference.R#L375         fc_results <- .calculate_fc(smal ...
R/pairwise_difference.R#L428         stop("Length of 'samples' must e ...
R/pairwise_difference.R#L441         message("Note: M-estimation is m ...
R/pairwise_difference.R#L446     agg <- .aggregate_fc_values(x = x, s ...
R/pairwise_difference.R#L447         robust_loss_type = robust_loss_t ...
R/pairwise_difference.R#L454     value <- matrix(as.numeric(value), n ...
R/pairwise_difference.R#L468     result <- data.frame(value, differen ...
R/pairwise_difference.R#L470     colnames(result) <- c(paste(sorted[1 ...
R/pairwise_difference.R#L471         1], "_", method, sep = ""), past ...
R/pairwise_difference.R#L508 .wilcoxon <- function(x, samples, pcorr  ...
R/pairwise_difference.R#L520                 stop("`pairs` must have  ...
R/pairwise_difference.R#L525             bad_pairs <- names(pair_grou ...
R/pairwise_difference.R#L528                 stop("Paired Wilcoxon re ...
R/pairwise_difference.R#L529                   "Bad pairs: ", paste(b ...
R/pairwise_difference.R#L536                 stop("Paired Wilcoxon re ...
R/pairwise_difference.R#L558                     all_diffs <- c(all_d ...
R/pairwise_difference.R#L563                 list(p.value = test_resu ...
R/pairwise_difference.R#L567                 test_result <- wilcox.te ...
R/pairwise_difference.R#L569                 n <- ifelse(paired, leng ...
R/pairwise_difference.R#L570                 list(p.value = test_resu ...
R/pairwise_difference.R#L581     test_results <- .bplapply(seq_len(nr ...
R/pairwise_difference.R#L586     u_statistics <- vapply(test_results, ...
R/pairwise_difference.R#L605         r_values[r_values_valid] <- Z[r_ ...
R/pairwise_difference.R#L625     out <- data.frame(pvalue = raw_p_val ...
R/pairwise_difference.R#L636 .calculate_difference_partition <- funct ...
R/pairwise_difference.R#L661     valid_pcorr <- c("holm", "hochberg", ...
R/pairwise_difference.R#L664         stop("Invalid p-value correction ...
R/pairwise_difference.R#L694         keep_mask <- (df$cond_1 >= 3 & d ...
R/pairwise_difference.R#L703     list(df = df, samples = samples, gro ...
R/pairwise_difference.R#L708 .aggregate_fc_values <- function(x, samp ...
R/pairwise_difference.R#L734             group1_medians <- vapply(seq ...
R/pairwise_difference.R#L736             group2_medians <- vapply(seq ...
R/pairwise_difference.R#L743             group1_medians <- vapply(seq ...
R/pairwise_difference.R#L745             group2_medians <- vapply(seq ...
R/pairwise_difference.R#L780             est1 <- .mest_irls_location( ...
R/pairwise_difference.R#L782             est2 <- .mest_irls_location( ...
R/pairwise_difference.R#L796         value <- data.frame(Group.1 = un ...
R/pairwise_difference.R#L834 .fast_log2fc_permutation <- function(x,  ...
R/pairwise_difference.R#L884             .mest_irls_location(row, los ...
R/pairwise_difference.R#L888             .mest_irls_location(row, los ...
R/pairwise_difference.R#L911 .permute_paired <- function(x, samples,  ...
R/pairwise_difference.R#L914         stop("Paired permutation require ...
R/parallelization.R#L16         core_limit <- tryCatch(as.intege ...
R/parallelization.R#L79     return(unname(BiocParallel::bpmapply ...
R/plots_gam.R#L97     n_top = 6, sig_alpha = 0.05, assay_n ...
R/plots_gam.R#L109     .validate_plot_data(se = se, lm_resu ...
R/plots_gam.R#L123         stop(sprintf("Column '%s' not fo ...
R/plots_gam.R#L130     top_genes <- .plot_select_genes(lm_r ...
R/plots_gam.R#L132         warning(sprintf("No genes signif ...
R/plots_gam.R#L142         p <- .plot_gam_make_plot(g, gene ...
R/plots_heatmaps.R#L113     lm_results = NULL, verbose = FALSE,  ...
R/plots_heatmaps.R#L122     top_genes <- .heatmap_select_genes_m ...
R/plots_heatmaps.R#L126         mat <- .heatmap_prepare_multiq_d ...
R/plots_heatmaps.R#L135     layout_result <- .plot_adaptive_layo ...
R/plots_heatmaps.R#L139     dims <- .calculate_heatmap_dimension ...
R/plots_heatmaps.R#L150         available_genes <- unique(unlist ...
R/plots_heatmaps.R#L161             matches <- grep(paste0("^",  ...
R/plots_heatmaps.R#L167         mat <- .heatmap_prepare_multiq_d ...
R/plots_heatmaps.R#L177         gene_name <- if (!is.na(gene_nam ...
R/plots_heatmaps.R#L184         all_gene_info[[gene_idx]] <- lis ...
R/plots_heatmaps.R#L192         available_genes <- unique(unlist ...
R/plots_heatmaps.R#L198         error_msg <- paste0("No valid he ...
R/plots_heatmaps.R#L199             paste(top_genes, collapse =  ...
R/plots_heatmaps.R#L209         stop("pheatmap package required  ...
R/plots_heatmaps.R#L215         if (is.null(all_gene_matrices[[g ...
R/plots_heatmaps.R#L231         heatmap_plots[[gene_idx]] <- .cr ...
R/plots_heatmaps.R#L232             cellw = cells$cellwidth, cel ...
R/plots_heatmaps.R#L239     gene_layout_filtered <- if (!is.null ...
R/plots_heatmaps.R#L246         .plot_grid_setup(n_layout_rows,  ...
R/plots_heatmaps.R#L247             title = "Delta Influence Acr ...
R/plots_heatmaps.R#L249         .render_heatmaps_to_grid(heatmap ...
R/plots_heatmaps.R#L346 .plot_expression <- function(se, gene =  ...
R/plots_heatmaps.R#L347     top_n = 3, output_file = NULL, metri ...
R/plots_heatmaps.R#L348     use_tpm = TRUE, width = NULL, height ...
R/plots_heatmaps.R#L366             if (nrow(tpm_data) == nrow(c ...
R/plots_heatmaps.R#L373     tx2gene <- data.frame(Transcript = r ...
R/plots_heatmaps.R#L393         message("[DEBUG] tx2gene$Gen uni ...
R/plots_heatmaps.R#L402     layout_result <- .plot_adaptive_layo ...
R/plots_heatmaps.R#L407     dims <- list(png_width = if (is.null ...
R/plots_heatmaps.R#L422         mat <- .heatmap_prepare_conditio ...
R/plots_heatmaps.R#L440                 cellw = cells$cellwidth, ...
R/plots_heatmaps.R#L456         .plot_grid_setup(n_layout_rows,  ...
R/plots_heatmaps.R#L457             title = "Isoform Expression  ...
R/plots_heatmaps.R#L505     q_result_keys <- names(switching_res ...
R/plots_heatmaps.R#L518     list(q_result_keys = q_result_keys,  ...
R/plots_heatmaps.R#L564     # Key: tx2gene$Gen is built from rd[ ...
R/plots_heatmaps.R#L594         # If not found, keep original (w ...
R/plots_heatmaps.R#L602 .validate_se_for_heatmaps <- function(se ...
R/plots_heatmaps.R#L616             stop("rowData(se) must conta ...
R/plots_heatmaps.R#L621             stop("gene_col '", gene_col, ...
R/plots_heatmaps.R#L633     list(counts = as.matrix(assay(se)),  ...
R/plots_heatmaps.R#L655 .heatmap_select_genes_multiq <- function ...
R/plots_heatmaps.R#L720 .heatmap_select_genes_results <- functio ...
R/plots_heatmaps.R#L729         tx2gene <- data.frame(Transcript ...
R/plots_heatmaps.R#L747         stop("res must contain 'gene', ' ...
R/plots_heatmaps.R#L805 .plot_adaptive_layout <- function(gene_i ...
R/plots_heatmaps.R#L818             gene_layout[[i]] <- list(row ...
R/plots_heatmaps.R#L838                 gene_layout[[i]] <- list ...
R/plots_heatmaps.R#L843                 gene_layout[[i]] <- list ...
R/plots_heatmaps.R#L844                 gene_layout[[i + 1]] <-  ...
R/plots_heatmaps.R#L849                 gene_layout[[i]] <- list ...
R/plots_heatmaps.R#L856     list(layout = gene_layout, n_layout_ ...
R/plots_heatmaps.R#L879 .calculate_heatmap_dimensions <- functio ...
R/plots_heatmaps.R#L896     list(png_width = png_width, png_heig ...
R/plots_heatmaps.R#L924 .calculate_adaptive_cellsizes <- functio ...
R/plots_heatmaps.R#L956     list(cellwidth = final_cellwidth, ce ...
R/plots_heatmaps.R#L982 .create_pheatmap_grob <- function(matrix ...
R/plots_heatmaps.R#L985         color_palette <- (grDevices::col ...
R/plots_heatmaps.R#L988     pheatmap::pheatmap(matrix_data, main ...
R/plots_heatmaps.R#L989         1), display_numbers = FALSE, na_ ...
R/plots_heatmaps.R#L990         color = color_palette, cellwidth ...
R/plots_heatmaps.R#L991         fontsize_row = fontsize, fontsiz ...
R/plots_heatmaps.R#L1017 .plot_grid_setup <- function(n_layout_ro ...
R/plots_heatmaps.R#L1026         grDevices::png(output_file, widt ...
R/plots_heatmaps.R#L1038     grid::grid.text(title, x = 0.5, y =  ...
R/plots_heatmaps.R#L1043         grid::grid.text(subtitle, x = 0. ...
R/plots_heatmaps.R#L1051     grid::pushViewport(grid::viewport(x  ...
R/plots_heatmaps.R#L1052         layout = grid::grid.layout(n_gri ...
R/plots_heatmaps.R#L1071 .render_heatmaps_to_grid <- function(hea ...
R/plots_heatmaps.R#L1093             grid::pushViewport(grid::vie ...
R/plots_heatmaps.R#L1117             grid::pushViewport(grid::vie ...
R/plots_heatmaps.R#L1172 .heatmap_prepare_multiq_data <- function ...
R/plots_heatmaps.R#L1177         if (is.null(switching_results[[q ...
R/plots_heatmaps.R#L1195             heatmap_data <- data.frame(t ...
R/plots_heatmaps.R#L1202             delta_vals <- c(delta_vals,  ...
R/plots_heatmaps.R#L1230         cap_val <- as.numeric(quantile(a ...
R/plots_heatmaps.R#L1260 .heatmap_prepare_condition_data <- funct ...
R/plots_heatmaps.R#L1268     condition_matrix <- matrix(0, nrow = ...
R/plots_heatmaps.R#L1278             condition_matrix[, cond] <-  ...
R/plots_heatmaps.R#L1280             condition_matrix[, cond] <-  ...
R/plots_heatmaps.R#L1283             condition_matrix[, cond] <-  ...
R/plots_heatmaps.R#L1286             condition_matrix[, cond] <-  ...
R/plots_helpers.R#L39 #' Formats and validates differential an ...
R/plots_helpers.R#L44 #' @param x_col Column name for x-axis ( ...
R/plots_helpers.R#L45 #' @param padj_col Column name for adjus ...
R/plots_helpers.R#L60 .prepare_volcano_df <- function(diff_df, ...
R/plots_helpers.R#L77                 stop("Could not find sui ...
R/plots_helpers.R#L116     list(df = df, x_col = x_col, padj_co ...
R/plots_helpers.R#L123 #' Detects x-axis (log mean) and y-axis  ...
R/plots_helpers.R#L142         xvals <- rowMeans(df[, mean_cols ...
R/plots_helpers.R#L157     padj_candidates <- c("adjusted_p_val ...
R/plots_helpers.R#L172     sig_flag <- ifelse(abs(yvals) > 0 &  ...
R/plots_helpers.R#L174     plot_df <- data.frame(genes = df$gen ...
R/plots_helpers.R#L186 #' Validates and normalizes counts, samp ...
R/plots_helpers.R#L192 #' @param condition_col Column in coldat ...
R/plots_helpers.R#L203 .make_plot_for_geneprepare_inputs <- fun ...
R/plots_helpers.R#L204     coldata = NULL, condition_col = "con ...
R/plots_helpers.R#L205     pseudocount = 0, output_file = NULL, ...
R/plots_helpers.R#L214         samples <- .infer_samples_from_s ...
R/plots_helpers.R#L219                 mapping <- data.frame(Tr ...
R/plots_helpers.R#L227         stop("`counts` must be a matrix  ...
R/plots_helpers.R#L230         stop("`counts` must have rowname ...
R/plots_helpers.R#L238                 cdf <- utils::read.delim ...
R/plots_helpers.R#L242                 stop("`coldata` must be  ...
R/plots_helpers.R#L245             if (!is.null(rownames(cdf))  ...
R/plots_helpers.R#L253                     stop("coldata sample ...
R/plots_helpers.R#L257                   stop("Could not match  ...
R/plots_helpers.R#L261             stop("Either 'samples' or 'c ...
R/plots_helpers.R#L267         stop("`tx2gene` must be provided ...
R/plots_helpers.R#L271         mapping <- utils::read.delim(tx2 ...
R/plots_helpers.R#L275         stop("`tx2gene` must be provided ...
R/plots_helpers.R#L288     agg_fun <- switch(metric_choice, med ...
R/plots_helpers.R#L289         mean = function(x) base::mean(x, ...
R/plots_helpers.R#L298     list(counts = counts, samples = samp ...
R/plots_helpers.R#L299         agg_fun = agg_fun, agg_label_uni ...
R/plots_helpers.R#L321 .make_plot_for_genemake_plot_for_gene <- ...
R/plots_helpers.R#L322     top_n, agg_fun, pseudocount, agg_lab ...
R/plots_helpers.R#L323     built <- .make_plot_for_genebuild_tx ...
R/plots_helpers.R#L325     df_summary <- .make_plot_for_geneagg ...
R/plots_helpers.R#L326     .make_plot_for_genebuild_plot_from_s ...
R/plots_helpers.R#L341 .make_plot_for_genecombine_plots <- func ...
R/plots_helpers.R#L344     if (is.null(agg_label_unique) && !is ...
R/plots_helpers.R#L352         .make_plot_for_genecombine_cowpl ...
R/plots_helpers.R#L354         .make_plot_for_genecombine_grid( ...
R/plots_helpers.R#L390             row_plots[[1]] <- row_plots[ ...
R/plots_helpers.R#L423     combined_plots_section <- Reduce(`/` ...
R/plots_helpers.R#L426     combined <- patchwork::plot_spacer() ...
R/plots_helpers.R#L427         subtitle = paste0("Top genes wit ...
R/plots_helpers.R#L428             size = .font_sizes$title, fa ...
R/plots_helpers.R#L429                 b = 10)), plot.subtitle  ...
R/plots_helpers.R#L430             face = "italic", margin = gg ...
R/plots_helpers.R#L454 .combine_plots_cowplot <- function(plots ...
R/plots_helpers.R#L469     grid <- cowplot::plot_grid(plotlist  ...
R/plots_helpers.R#L473     title_grob <- cowplot::ggdraw() + co ...
R/plots_helpers.R#L476     subtitle_grob <- cowplot::ggdraw() + ...
R/plots_helpers.R#L477         agg_label_unique), fontface = "i ...
R/plots_helpers.R#L483     result_plot <- cowplot::plot_grid(ti ...
R/plots_helpers.R#L484         legend, ncol = 1, rel_heights =  ...
R/plots_helpers.R#L525     legend_idx <- which(vapply(g_full$gr ...
R/plots_helpers.R#L547     all_heights <- c(list(grid::unit(0.5 ...
R/plots_helpers.R#L554         png(filename = output_file, widt ...
R/plots_helpers.R#L555         .draw_transcript_grid(grobs, agg ...
R/plots_helpers.R#L560         .draw_transcript_grid(grobs, agg ...
R/plots_helpers.R#L583 .draw_transcript_grid <- function(grobs, ...
R/plots_helpers.R#L589     vp_top <- grid::viewport(x = 0, y =  ...
R/plots_helpers.R#L593     grid::grid.text("Transcript level ex ...
R/plots_helpers.R#L599     grid::pushViewport(grid::viewport(la ...
R/plots_helpers.R#L604         grid::pushViewport(grid::viewpor ...
R/plots_helpers.R#L630 .create_color_scale <- function(palette  ...
R/plots_helpers.R#L702     theme_result <- .theme_base(base_siz ...
R/plots_helpers.R#L703         size = .font_sizes$title, face = ...
R/plots_helpers.R#L724 .set_plot_title <- function(plot, title  ...
R/plots_helpers.R#L735     plot <- plot + ggplot2::theme(plot.t ...
R/plots_helpers.R#L736         size = title_size, face = "bold" ...
R/plots_helpers.R#L763 .create_tsenat_heatmap <- function(mat,  ...
R/plots_helpers.R#L770     pheatmap::pheatmap(mat, main = title ...
R/plots_helpers.R#L801 .compute_diversity_spectrum <- function( ...
R/plots_helpers.R#L819     long_data <- .prepare_tsallis_long(s ...
R/plots_helpers.R#L822         stop("No valid diversity data fo ...
R/plots_helpers.R#L881 .select_top_genes <- function(results, p ...
R/plots_helpers.R#L890         candidate_cols <- c("adj_p_inter ...
R/plots_helpers.R#L935 .filter_genes_by_pvalue <- function(resu ...
R/plots_helpers.R#L944         candidate_cols <- c("adj_p_inter ...
R/plots_helpers.R#L1005         stop("Required 'diversity' assay ...
R/plots_helpers.R#L1052         stop("No gene identifier column  ...
R/plots_helpers.R#L1188 .prepare_transcript_inputs <- function(c ...
R/plots_helpers.R#L1189     coldata = NULL, condition_col = "con ...
R/plots_helpers.R#L1190     pseudocount = 0, output_file = NULL, ...
R/plots_helpers.R#L1199         samples <- .infer_samples_from_s ...
R/plots_helpers.R#L1204                 mapping <- data.frame(Tr ...
R/plots_helpers.R#L1213         stop("`counts` must be a matrix, ...
R/plots_helpers.R#L1218         stop("`counts` must have rowname ...
R/plots_helpers.R#L1224             samples <- .infer_samples_fr ...
R/plots_helpers.R#L1226             stop("Either 'samples' or 'c ...
R/plots_helpers.R#L1237         stop("Length of `samples` must e ...
R/plots_helpers.R#L1242     agg_fun <- switch(metric_choice, med ...
R/plots_helpers.R#L1243         mean = function(x) base::mean(x, ...
R/plots_helpers.R#L1248     agg_label <- sprintf("Transcript-lev ...
R/plots_helpers.R#L1251     list(counts = counts, samples = samp ...
R/plots_helpers.R#L1252         agg_fun = agg_fun, agg_label_uni ...
R/plots_helpers.R#L1270         stop("`tx2gene` must be provided ...
R/plots_helpers.R#L1277         mapping <- utils::read.delim(tx2 ...
R/plots_helpers.R#L1310         cdf <- utils::read.delim(coldata ...
R/plots_helpers.R#L1329             stop("coldata sample ID colu ...
R/plots_helpers.R#L1335     stop("Could not match coldata to cou ...
R/plots_helpers.R#L1353 .create_aggregation_function <- function ...
R/plots_helpers.R#L1357     agg_fun <- switch(metric_choice, med ...
R/plots_helpers.R#L1358         mean = function(x) base::mean(x, ...
R/plots_helpers.R#L1363     agg_label <- sprintf("Transcript-lev ...
R/plots_helpers.R#L1366     list(metric_choice = metric_choice,  ...
R/plots_helpers.R#L1387 .build_transcript_long <- function(gene_ ...
R/plots_helpers.R#L1404     df_long <- tidyr::pivot_longer(df_al ...
R/plots_helpers.R#L1424     df_summary <- stats::aggregate(expr  ...
R/plots_helpers.R#L1502         combined_assays_dict[[q_name]] < ...
R/plots_helpers.R#L1506         stop("No valid SummarizedExperim ...
R/plots_helpers.R#L1509     list(objects = combined_assays_dict, ...
R/plots_helpers.R#L1528             matrix <- cbind(matrix, matr ...
R/plots_helpers.R#L1545 .extract_bootstrap_ci_matrices <- functi ...
R/plots_helpers.R#L1557     ci_lower <- .normalize_matrix_to_tar ...
R/plots_helpers.R#L1561     ci_upper <- .normalize_matrix_to_tar ...
R/plots_helpers.R#L1603             cd <- as.data.frame(Summariz ...
R/plots_helpers.R#L1626 .create_combined_se_object <- function(c ...
R/plots_helpers.R#L1642         rd_combined <- data.frame(gene_i ...
R/plots_helpers.R#L1651         stop("Column mismatch: assay has ...
R/plots_helpers.R#L1655         stop("Row mismatch: assay has ", ...
R/plots_helpers.R#L1681     combined_se <- SummarizedExperiment: ...
R/plots_helpers.R#L1686         S4Vectors::metadata(combined_se) ...
R/plots_helpers.R#L1687         S4Vectors::metadata(combined_se) ...
R/plots_helpers.R#L1704 .prepare_q_value_for_combining <- functi ...
R/plots_helpers.R#L1715     unique_colnames <- .create_q_suffixe ...
R/plots_helpers.R#L1721         ci_matrices <- .extract_bootstra ...
R/plots_helpers.R#L1732     list(matrix = mat, unique_colnames = ...
R/plots_helpers.R#L1743 #' @return List with: combined_assay, co ...
R/plots_helpers.R#L1746 .fill_combined_assays <- function(combin ...
R/plots_helpers.R#L1765         result <- .prepare_q_value_for_c ...
R/plots_helpers.R#L1770             stop("Dimension mismatch: ", ...
R/plots_helpers.R#L1780             combined_ci_lower[, col_idx: ...
R/plots_helpers.R#L1781             combined_ci_upper[, col_idx: ...
R/plots_helpers.R#L1788         combined_ci_upper = combined_ci_ ...
R/plots_helpers.R#L1809     filled <- .fill_combined_assays(extr ...
R/plots_helpers.R#L1814     combined_coldata_df <- .build_combin ...
R/plots_helpers.R#L1819     if (!is.null(filled$combined_ci_lowe ...
R/plots_helpers.R#L1825     .create_combined_se_object(filled$co ...
R/plots_helpers.R#L1847     dplyr::summarise(dplyr::group_by(lon ...
R/plots_helpers.R#L1912     plot_df <- data.frame(sample = col_s ...
R/plots_helpers.R#L1962             pred_vals <- stats::predict( ...
R/plots_helpers.R#L1964             pred_list[[as.character(gr)] ...
R/plots_helpers.R#L1979     group_levels <- sort(unique(c(as.cha ...
R/plots_helpers.R#L1995 .plot_select_genes <- function(lm_res, g ...
R/plots_helpers.R#L1998             stop("genes must be a charac ...
R/plots_helpers.R#L2009         stop("lm_res must contain 'adj_p ...
R/plots_helpers.R#L2036 .prepare_gene_ci_data <- function(long_d ...
R/plots_helpers.R#L2039     stats_df <- dplyr::summarise(dplyr:: ...
R/plots_helpers.R#L2061             matching_rows <- which(as.ch ...
R/plots_helpers.R#L2066                 samples_for_group <- uni ...
R/plots_helpers.R#L2069                 ci_col_mask <- (ci_sampl ...
R/plots_helpers.R#L2080                     ci_lower_vals <- as. ...
R/plots_helpers.R#L2081                     ci_upper_vals <- as. ...
R/plots_helpers.R#L2137             stop("lm_res is a list but d ...
R/plots_helpers.R#L2143         stop("lm_res must be either:\n   ...
R/plots_helpers.R#L2167         stop("model_data is required. Pr ...
R/plots_helpers.R#L2172         stop("model_data must be a list  ...
R/plots_helpers.R#L2181         stop("model_data must contain 'q ...
R/plots_helpers.R#L2214     available_genes <- gene_names_in_se[ ...
R/plots_helpers.R#L2217         stop(sprintf("No genes from lm_r ...
R/plots_helpers.R#L2218             paste(head(gene_names_in_res ...
R/plots_helpers.R#L2277             p <- p + ggplot2::theme(plot ...
R/plots_helpers.R#L2283     p_for_legend <- .configure_legend(pl ...
R/plots_helpers.R#L2288     combined_plot <- cowplot::plot_grid( ...
R/plots_helpers.R#L2292     title_plot <- .create_title_grob("GA ...
R/plots_helpers.R#L2293         subtitle = "Fitted smooth curves ...
R/plots_helpers.R#L2296     final_plot <- cowplot::plot_grid(tit ...
R/plots_helpers.R#L2304 #' Saves a ggplot object to file with op ...
R/plots_helpers.R#L2318 .plot_gam_save_plot <- function(plot, ou ...
R/plots_helpers.R#L2333         plot_dims <- .calculate_plot_dim ...
R/plots_helpers.R#L2343             plot <- plot + ggplot2::them ...
R/plots_helpers.R#L2344                 font_scale), plot.title  ...
R/plots_helpers.R#L2345                 axis.title = ggplot2::el ...
R/plots_helpers.R#L2346                   font_scale), legend.te ...
R/plots_helpers.R#L2350         ggplot2::ggsave(output_file, plo ...
R/plots_helpers.R#L2371 .plot_gam_make_plot <- function(gene, ge ...
R/plots_helpers.R#L2408     p <- ggplot2::ggplot(plot_df, ggplot ...
R/plots_helpers.R#L2409         ggplot2::geom_point(data = plot_ ...
R/plots_helpers.R#L2410             alpha = 0.5, size = 2) + ggp ...
R/plots_helpers.R#L2411         y = entropy_fit, color = group,  ...
R/plots_helpers.R#L2412         ggplot2::scale_color_manual(valu ...
R/plots_helpers.R#L2413             breaks = group_levels) + ggp ...
R/plots_helpers.R#L2414         name = "") + ggplot2::labs(x = " ...
R/plots_helpers.R#L2441 #' @param base_size Integer: base font s ...
R/plots_helpers.R#L2442 #' @param title_size Integer: title font ...
R/plots_helpers.R#L2443 #' @param subtitle_size Integer: subtitl ...
R/plots_helpers.R#L2448 .apply_publication_theme <- function(plo ...
R/plots_helpers.R#L2449     base_size = 11, title_size = .font_s ...
R/plots_helpers.R#L2460     result <- result + ggplot2::theme(pl ...
R/plots_helpers.R#L2461         size = title_size, face = "bold" ...
R/plots_helpers.R#L2487 #' @param position Character: 'bottom',  ...
R/plots_helpers.R#L2488 #' @param width_cm Numeric: width of leg ...
R/plots_helpers.R#L2490 #' @param text_size Numeric: font size f ...
R/plots_helpers.R#L2492 #' @param justification Character: 'left ...
R/plots_helpers.R#L2493 #' @param background_color Character: fi ...
R/plots_helpers.R#L2502 #' p <- ggplot2::ggplot(mtcars, ggplot2: ...
R/plots_helpers.R#L2507 #' p_leg <- .configure_legend(p, positio ...
R/plots_helpers.R#L2515 .configure_legend <- function(plot, posi ...
R/plots_helpers.R#L2516     text_size = NULL, title_size = NULL, ...
R/plots_helpers.R#L2548         theme_list$legend.title <- ggplo ...
R/plots_helpers.R#L2553         theme_list$legend.background <-  ...
R/plots_helpers.R#L2556         theme_list$legend.background <-  ...
R/plots_helpers.R#L2575 #' @param h_intercept Numeric vector: y- ...
R/plots_helpers.R#L2576 #' @param v_intercept Numeric vector: x- ...
R/plots_helpers.R#L2579 #' @param h_linetype Character: linetype ...
R/plots_helpers.R#L2603 .add_reference_lines <- function(plot, h ...
R/plots_helpers.R#L2604     v_color = "gray50", h_linetype = "da ...
R/plots_helpers.R#L2610             plot <- plot + ggplot2::geom ...
R/plots_helpers.R#L2618             plot <- plot + ggplot2::geom ...
R/plots_helpers.R#L2628 #' Consolidated helper for axis label st ...
R/plots_helpers.R#L2629 #' Replaces repeated 8+ occurrences of a ...
R/plots_helpers.R#L2634 #' @param x_hjust Numeric: horizontal ju ...
R/plots_helpers.R#L2635 #' @param y_hjust Numeric: horizontal ju ...
R/plots_helpers.R#L2636 #' @param x_size Numeric: font size for  ...
R/plots_helpers.R#L2637 #' @param y_size Numeric: font size for  ...
R/plots_helpers.R#L2660 .format_axis_labels <- function(plot, x_ ...
R/plots_helpers.R#L2661     x_size = NULL, y_size = NULL, x_face ...
R/plots_helpers.R#L2667     if (x_angle != 0 || !is.null(x_size) ...
R/plots_helpers.R#L2672         theme_list$axis.text.x <- ggplot ...
R/plots_helpers.R#L2677     if (y_angle != 0 || !is.null(y_size) ...
R/plots_helpers.R#L2680         theme_list$axis.text.y <- ggplot ...
R/plots_helpers.R#L2698 #' Standardized font size calculation fo ...
R/plots_helpers.R#L2699 #' Used when plots need to scale font si ...
R/plots_helpers.R#L2705 #' @return List with named elements: bas ...
R/plots_helpers.R#L2715 #' fonts <- .calculate_scaled_fonts(scal ...
R/plots_helpers.R#L2720 .calculate_scaled_fonts <- function(base ...
R/plots_helpers.R#L2725     result <- list(base = base_size, sca ...
R/plots_helpers.R#L2726         font_multipliers$axis_text), axi ...
R/plots_helpers.R#L2727         title = round(scaling * font_mul ...
R/plots_helpers.R#L2728             font_multipliers$legend), su ...
R/plots_helpers.R#L2737 #' Replaces repeated 21x pattern of pale ...
R/plots_helpers.R#L2753 .apply_group_aesthetics <- function(plot ...
R/plots_helpers.R#L2772     result <- plot + ggplot2::scale_colo ...
R/plots_helpers.R#L2773         ggplot2::scale_fill_manual(value ...
R/plots_helpers.R#L2791 #' @param group_col Character: optional  ...
R/plots_helpers.R#L2802 .create_ci_ribbon_plot <- function(data, ...
R/plots_helpers.R#L2803     ci_lower_col = "ci_lower", ci_upper_ ...
R/plots_helpers.R#L2809         has_valid_ci <- any(!is.na(data[ ...
R/plots_helpers.R#L2819         valid_ci_rows <- which(!is.na(da ...
R/plots_helpers.R#L2827         p <- ggplot2::ggplot(data, ggplo ...
R/plots_helpers.R#L2828             color = .data[[group_col]],  ...
R/plots_helpers.R#L2833         p <- ggplot2::ggplot(data, ggplo ...
R/plots_helpers.R#L2840         has_valid_ci <- any(!is.na(data[ ...
R/plots_helpers.R#L2848             p <- p + ggplot2::geom_ribbo ...
R/plots_helpers.R#L2852             p <- p + ggplot2::geom_ribbo ...
R/plots_helpers.R#L2866         p <- p + ggplot2::geom_line(line ...
R/plots_helpers.R#L2877             p <- p + ggplot2::geom_point ...
R/plots_helpers.R#L2887 #' Replaces repeated 21x pattern of get_ ...
R/plots_helpers.R#L2900 #' @param legend_position Character: pos ...
R/plots_helpers.R#L2902 #' @param extract_legend Logical: whethe ...
R/plots_helpers.R#L2918 .assemble_grid_plot <- function(plots, n ...
R/plots_helpers.R#L2919     legend_position = "bottom", extract_ ...
R/plots_helpers.R#L2933         legend_obj <- cowplot::get_legen ...
R/plots_helpers.R#L2943     grid_plot <- cowplot::plot_grid(plot ...
R/plots_helpers.R#L2952             title_plot <- title_plot + c ...
R/plots_helpers.R#L2959             subtitle_plot <- cowplot::gg ...
R/plots_helpers.R#L2960                 size = .font_sizes$subti ...
R/plots_helpers.R#L2961             title_plot <- cowplot::plot_ ...
R/plots_helpers.R#L2967             return(cowplot::plot_grid(ti ...
R/plots_helpers.R#L2971             return(cowplot::plot_grid(ti ...
R/plots_helpers.R#L2978         return(cowplot::plot_grid(grid_p ...
R/plots_helpers.R#L2997 #' @param subtitle_size Numeric: subtitl ...
R/plots_helpers.R#L3006 .create_title_grob <- function(title, su ...
R/plots_helpers.R#L3007     subtitle_size = .font_sizes$subtitle ...
R/plots_helpers.R#L3011     title_grob <- cowplot::ggdraw() + co ...
R/plots_helpers.R#L3016         subtitle_grob <- cowplot::ggdraw ...
R/plots_helpers.R#L3020         title_grob <- cowplot::plot_grid ...
R/plots_helpers.R#L3029 #' Consolidates facet_wrap() + panel.spa ...
R/plots_helpers.R#L3035 #' @param facet_var Character: variable  ...
R/plots_helpers.R#L3036 #' @param scales Character: 'fixed', 'fr ...
R/plots_helpers.R#L3037 #' @param strip_text_size Numeric: font  ...
R/plots_helpers.R#L3038 #' @param panel_spacing_lines Numeric: s ...
R/plots_helpers.R#L3043 .apply_facet_styling <- function(plot, n ...
R/plots_helpers.R#L3049         plot <- plot + ggplot2::facet_wr ...
R/plots_helpers.R#L3054     plot <- plot + ggplot2::theme(panel. ...
R/plots_helpers.R#L3055         "lines"), strip.text = ggplot2:: ...
R/plots_helpers.R#L3074 .prepare_long_format <- function(se, ass ...
R/plots_helpers.R#L3087     long <- .prepare_tsallis_long(se, as ...
R/plots_helpers.R#L3094             warning("Prepared data missi ...
R/plots_helpers.R#L3115 .create_centered_theme <- function(inclu ...
R/plots_helpers.R#L3116     title_size = .font_sizes$title, subt ...
R/plots_helpers.R#L3121         theme_list$plot.title <- ggplot2 ...
R/plots_helpers.R#L3126         theme_list$plot.subtitle <- ggpl ...
R/plots_helpers.R#L3139 #' Consolidates complex scale detection  ...
R/plots_helpers.R#L3143 #' @param fold_col_candidates Character  ...
R/plots_helpers.R#L3144 #' @param mean_col_pattern Character pat ...
R/plots_helpers.R#L3147 #' @return Data frame with normalized co ...
R/plots_helpers.R#L3150 .normalize_plot_scales <- function(df, f ...
R/plots_helpers.R#L3151     "logFC", "fold"), mean_col_pattern = ...
R/plots_helpers.R#L3156         warning("No fold-change column f ...
R/plots_helpers.R#L3169     df$x_norm <- rowMeans(df[, mean_cols ...
R/plots_helpers.R#L3183 #' @param group_col Character: optional  ...
R/plots_helpers.R#L3188 #' @param line_color Character: fixed li ...
R/plots_helpers.R#L3193 .create_simple_line_plot <- function(dat ...
R/plots_helpers.R#L3198         p <- ggplot2::ggplot(data, ggplo ...
R/plots_helpers.R#L3199             ggplot2::geom_line(linewidth ...
R/plots_helpers.R#L3202             p <- p + ggplot2::geom_point ...
R/plots_helpers.R#L3212     p <- ggplot2::ggplot(data, ggplot2:: ...
R/plots_helpers.R#L3213         color = !!rlang::sym(group_col)) ...
R/plots_helpers.R#L3226 #' Transforms data from wide format with ...
R/plots_helpers.R#L3231 #' @param stat_funcs List of functions:  ...
R/plots_helpers.R#L3232 #'   Named list like list(median = media ...
R/plots_helpers.R#L3238 .prepare_grouped_long_format <- function ...
R/plots_helpers.R#L3239     stat_funcs = list(median = median, i ...
R/plots_helpers.R#L3268                 long_list[[paste0(gene_n ...
R/plots_helpers.R#L3269                   group = grp, value = m ...
R/plots_helpers.R#L3276 }  # =================================== ...
R/plots_helpers.R#L3291 #' @param base_theme Character: theme fu ...
R/plots_helpers.R#L3293 #' @param palette Character: palette nam ...
R/plots_helpers.R#L3301 #' `.apply_group_aesthetics()` for the c ...
R/plots_helpers.R#L3316 .apply_publication_aesthetics <- functio ...
R/plots_helpers.R#L3317     group_col = NULL, palette = "blue_re ...
R/plots_helpers.R#L3320     p <- .apply_publication_theme(plot,  ...
R/plots_helpers.R#L3325         p <- .apply_group_aesthetics(p,  ...
R/plots_helpers.R#L3342 #' @param aspect_type Character: aspect  ...
R/plots_helpers.R#L3353 #' plot_dims <- .calculate_plot_dims(wid ...
R/plots_helpers.R#L3354 #' ggplot2::ggsave(file, plot = p, width ...
R/plots_helpers.R#L3368 .save_plot_standard <- function(plot, fi ...
R/plots_helpers.R#L3372     plot_dims <- .calculate_plot_dims(wi ...
R/plots_helpers.R#L3384     ggplot2::ggsave(filename, plot = plo ...
R/plots_helpers.R#L3398 #' @param group_col Character: column na ...
R/plots_helpers.R#L3399 #' @param value_col Character: column na ...
R/plots_helpers.R#L3435 .compute_distribution_stats <- function( ...
R/plots_helpers.R#L3443         stop("Group column '", group_col ...
R/plots_helpers.R#L3446         stop("Value column '", value_col ...
R/plots_helpers.R#L3467             data.frame(group = grp, valu ...
R/plots_helpers.R#L3468                 0.25, na.rm = TRUE)), up ...
R/plots_helpers.R#L3481             data.frame(group = grp, valu ...
R/plots_helpers.R#L3520 #' has_ci <- all(c(ci_lower_name, ci_upp ...
R/plots_helpers.R#L3540 .extract_bootstrap_ci_assays <- function ...
R/plots_helpers.R#L3544         stop("Assay '", assay_name, "' n ...
R/plots_helpers.R#L3575     return(list(has_ci = has_ci, ci_lowe ...
R/plots_helpers.R#L3578 .infer_samples_from_se <- function(se, s ...
R/plots_helpers.R#L3589     candidates <- c(condition_col, "cond ...
R/plots_helpers.R#L3598     uniq_counts <- vapply(cd, function(c ...
R/plots_helpers.R#L3617             rc_df <- utils::read.delim(r ...
R/plots_helpers.R#L3646     warning("Using first assay from Summ ...
R/plots_helpers.R#L3663         return(list(type = "vector", map ...
R/plots_helpers.R#L3671         if (!is.null(readcounts_mat) &&  ...
R/plots_helpers.R#L3716 .plot_ma_tsallis <- function(x, sig_alph ...
R/plots_helpers.R#L3736 .plot_ma_core <- function(x, fc_df = NUL ...
R/plots_helpers.R#L3762         df <- merge(df, fdf[, c("genes", ...
R/plots_helpers.R#L3765             df$log2_fold_change <- ifels ...
R/plots_helpers.R#L3770     fold_col_candidates <- c("log2_fold_ ...
R/plots_helpers.R#L3778     padj_candidates <- c("padj", "adjust ...
R/plots_helpers.R#L3788     median_cols <- grep("_median$", coln ...
R/plots_helpers.R#L3791         stop("Could not find two mean or ...
R/plots_helpers.R#L3792             "Ensure input contains eithe ...
R/plots_helpers.R#L3796         stop("Could not find two mean or ...
R/plots_helpers.R#L3797             " mean column(s). ", "Ensure ...
R/plots_helpers.R#L3801         stop("Could not find two mean or ...
R/plots_helpers.R#L3802             " median column(s). ", "Ensu ...
R/plots_helpers.R#L3811     prep <- .prepare_ma_plot_df(df, fold ...
R/plots_helpers.R#L3823         y_label_formatted <- sub("\\blog ...
R/plots_helpers.R#L3827     p <- ggplot2::ggplot(plot_df, ggplot ...
R/plots_helpers.R#L3828         ggplot2::geom_point(alpha = 0.75 ...
R/plots_helpers.R#L3829         guide = "none") + ggplot2::labs( ...
R/plots_helpers.R#L3832     p <- .apply_publication_theme(p, tit ...
R/plots_helpers.R#L3833         base_size = 11) + ggplot2::theme ...
R/plots_helpers.R#L3856 .plot_diversity_violin_singleq <- functi ...
R/plots_helpers.R#L3860     if (!is.null(S4Vectors::metadata(se) ...
R/plots_helpers.R#L3884     title_use <- title %||% sprintf("Vio ...
R/plots_helpers.R#L3887     p <- ggplot2::ggplot(long, ggplot2:: ...
R/plots_helpers.R#L3888         ggplot2::geom_violin(alpha = 0.5 ...
R/plots_helpers.R#L3889         ggplot2::geom_boxplot(width = 0. ...
R/plots_helpers.R#L3892     p <- .apply_group_aesthetics(p, pale ...
R/plots_helpers.R#L3895     p <- .apply_publication_theme(p, tit ...
R/plots_helpers.R#L3919 .plot_diversity_density_singleq <- funct ...
R/plots_helpers.R#L3923     if (!is.null(S4Vectors::metadata(se) ...
R/plots_helpers.R#L3947     title_use <- title %||% sprintf("Den ...
R/plots_helpers.R#L3950     p <- ggplot2::ggplot(long, ggplot2:: ...
R/plots_helpers.R#L3953     p <- .apply_group_aesthetics(p, pale ...
R/plots_helpers.R#L3955     p <- .apply_publication_theme(p, tit ...
R/plots_helpers.R#L4007 plot_diversity_violin_density <- functio ...
R/plots_helpers.R#L4015             stop("No diversity results f ...
R/plots_helpers.R#L4023     if (!is.null(S4Vectors::metadata(se) ...
R/plots_helpers.R#L4047     p_violin <- .plot_diversity_violin_s ...
R/plots_helpers.R#L4049     p_density <- .plot_diversity_density ...
R/plots_helpers.R#L4053     grid <- cowplot::plot_grid(p_violin, ...
R/plots_helpers.R#L4057     title_grob <- .create_title_grob("Ts ...
R/plots_helpers.R#L4059     grid_with_title <- cowplot::plot_gri ...
R/plots_helpers.R#L4064         plot_dims <- .calculate_plot_dim ...
R/plots_helpers.R#L4066         ggplot2::ggsave(output_file, plo ...
R/plots_helpers.R#L4095 .plot_volcano <- function(diff_df, x_col ...
R/plots_helpers.R#L4101     prep_volcano <- .prepare_volcano_df( ...
R/plots_helpers.R#L4110     p <- ggplot2::ggplot(df, ggplot2::ae ...
R/plots_helpers.R#L4111         ggplot2::geom_point(alpha = 0.75 ...
R/plots_helpers.R#L4115     p <- .add_reference_lines(p, h_inter ...
R/plots_helpers.R#L4118     p <- .apply_publication_theme(p, tit ...
R/plots_helpers.R#L4161 .plot_diversity_volcano_ma <- function(d ...
R/plots_helpers.R#L4162     sig_alpha = 0.05, top_n = 5, title_v ...
R/plots_helpers.R#L4170     p_volcano <- .plot_volcano(diff_df = ...
R/plots_helpers.R#L4171         label_thresh = label_thresh, sig ...
R/plots_helpers.R#L4174     p_ma <- .plot_ma_tsallis(x = diff_df ...
R/plots_helpers.R#L4200         df_long <- tidyr::pivot_longer(d ...
R/plots_helpers.R#L4202         df_summary <- stats::aggregate(e ...
R/plots_helpers.R#L4240     grid::pushViewport(grid::viewport(la ...
R/plots_helpers.R#L4243     vp_title <- grid::viewport(layout.po ...
R/plots_helpers.R#L4245     grid::grid.text("Transcript level ex ...
R/plots_helpers.R#L4247     grid::grid.text(paste0("Top genes wi ...
R/plots_helpers.R#L4254         vp <- grid::viewport(layout.pos. ...
R/plots_helpers.R#L4261         vp_leg <- grid::viewport(layout. ...
R/plots_helpers.R#L4276 .make_plot_for_genemake_plot_for_gene <- ...
R/plots_helpers.R#L4277     top_n, agg_fun, pseudocount, agg_lab ...
R/plots_helpers.R#L4278     built <- .make_plot_for_genebuild_tx ...
R/plots_helpers.R#L4280     df_summary <- .make_plot_for_geneagg ...
R/plots_helpers.R#L4281     .make_plot_for_genebuild_plot_from_s ...
R/plots_helpers.R#L4286 .make_plot_for_genecombine_plots <- func ...
R/plots_helpers.R#L4289     if (is.null(agg_label_unique) && !is ...
R/plots_helpers.R#L4297         .make_plot_for_genecombine_cowpl ...
R/plots_helpers.R#L4299         .make_plot_for_genecombine_grid( ...
R/plots_helpers.R#L4305 .make_plot_for_geneprepare_inputs <- fun ...
R/plots_helpers.R#L4306     coldata = NULL, condition_col = "con ...
R/plots_helpers.R#L4307     pseudocount = 0, output_file = NULL, ...
R/plots_helpers.R#L4316         samples <- .infer_samples_from_s ...
R/plots_helpers.R#L4321                 mapping <- data.frame(Tr ...
R/plots_helpers.R#L4329         stop("`counts` must be a matrix  ...
R/plots_helpers.R#L4332         stop("`counts` must have rowname ...
R/plots_helpers.R#L4340                 cdf <- utils::read.delim ...
R/plots_helpers.R#L4344                 stop("`coldata` must be  ...
R/plots_helpers.R#L4347             if (!is.null(rownames(cdf))  ...
R/plots_helpers.R#L4355                     stop("coldata sample ...
R/plots_helpers.R#L4359                   stop("Could not match  ...
R/plots_helpers.R#L4363             stop("Either 'samples' or 'c ...
R/plots_helpers.R#L4369         stop("`tx2gene` must be provided ...
R/plots_helpers.R#L4373         mapping <- utils::read.delim(tx2 ...
R/plots_helpers.R#L4377         stop("`tx2gene` must be provided ...
R/plots_helpers.R#L4390     agg_fun <- switch(metric_choice, med ...
R/plots_helpers.R#L4391         mean = function(x) base::mean(x, ...
R/plots_helpers.R#L4400     list(counts = counts, samples = samp ...
R/plots_helpers.R#L4401         agg_fun = agg_fun, agg_label_uni ...
R/plots_helpers.R#L4436 .make_plot_for_geneinfer_samples_from_co ...
R/plots_helpers.R#L4441         cdf <- utils::read.delim(coldata ...
R/plots_helpers.R#L4456                 stop("coldata sample id  ...
R/plots_helpers.R#L4461             stop("Could not match `colda ...
R/plots_helpers.R#L4469         stop("`tx2gene` must be provided ...
R/plots_helpers.R#L4475         mapping <- utils::read.delim(tx2 ...
R/plots_helpers.R#L4479         stop("`tx2gene` must be provided ...
R/plots_helpers.R#L4491     agg_fun <- switch(metric_choice, med ...
R/plots_helpers.R#L4500     agg_label <- sprintf("Transcript-lev ...
R/plots_helpers.R#L4504     list(metric_choice = metric_choice,  ...
R/plots_helpers.R#L4508 .make_plot_for_genebuild_tx_long <- func ...
R/plots_helpers.R#L4521     df_long <- tidyr::pivot_longer(df_al ...
R/plots_helpers.R#L4527 .make_plot_for_geneaggregate_df_long <-  ...
R/plots_helpers.R#L4528     df_summary <- stats::aggregate(expr  ...
R/plots_helpers.R#L4535 .make_plot_for_genebuild_plot_from_summa ...
R/plots_helpers.R#L4548     p <- ggplot2::ggplot(df_summary, ggp ...
R/plots_helpers.R#L4549         ggplot2::geom_tile(color = "blac ...
R/plots_helpers.R#L4550         ggplot2::geom_vline(xintercept = ...
R/plots_helpers.R#L4551         ggplot2::scale_x_discrete(expand ...
R/plots_helpers.R#L4552         0)) + ggplot2::scale_fill_distil ...
R/plots_helpers.R#L4553         limits = fill_limits, name = "lo ...
R/plots_helpers.R#L4554         ggplot2::labs(title = agg_label_ ...
R/plots_helpers.R#L4555         ggplot2::theme(plot.title = ggpl ...
R/plots_helpers.R#L4560     p <- .format_axis_labels(p, x_size = ...
R/plots_helpers.R#L4562     p <- .configure_legend(p, position = ...
R/plots_helpers.R#L4563     p <- p + ggplot2::guides(fill = ggpl ...
R/plots_helpers.R#L4564         barwidth = 10, barheight = 0.5,  ...
R/plots_helpers.R#L4582             row_plots[[1]] <- row_plots[ ...
R/plots_helpers.R#L4589             row_combined <- row_plots[[1 ...
R/plots_helpers.R#L4608             heights_spec <- c(heights_sp ...
R/plots_helpers.R#L4613     combined_plots_section <- Reduce(`/` ...
R/plots_helpers.R#L4620     combined <- title_row/combined_plots ...
R/plots_helpers.R#L4621         subtitle = paste0("Top genes wit ...
R/plots_helpers.R#L4622             size = .font_sizes$title, fa ...
R/plots_helpers.R#L4623                 b = 10)), plot.subtitle  ...
R/plots_helpers.R#L4624             face = "italic", margin = gg ...
R/plots_helpers.R#L4630 .make_plot_for_genecombine_cowplot <- fu ...
R/plots_helpers.R#L4633     plots_nolegend <- lapply(plots, func ...
R/plots_helpers.R#L4639     grid <- cowplot::plot_grid(plotlist  ...
R/plots_helpers.R#L4641     title_grob <- .create_title_grob("Tr ...
R/plots_helpers.R#L4645     result_plot <- cowplot::plot_grid(ti ...
R/plots_helpers.R#L4655 .make_plot_for_genecombine_grid <- funct ...
R/plots_helpers.R#L4656     plots_nolegend <- lapply(plots, func ...
R/plots_helpers.R#L4659     legend_idx <- which(vapply(g_full$gr ...
R/plots_helpers.R#L4681     all_heights <- c(list(grid::unit(0.5 ...
R/plots_helpers.R#L4689         png(filename = output_file, widt ...
R/plots_helpers.R#L4690         .plot_transcript_grid_draw(grobs ...
R/plots_helpers.R#L4705         .plot_transcript_grid_draw(grobs ...
R/plots_helpers.R#L4741         xvals <- rowMeans(df[, mean_cols ...
R/plots_helpers.R#L4756     padj_candidates <- c("adjusted_p_val ...
R/plots_helpers.R#L4771     sig_flag <- ifelse(abs(yvals) > 0 &  ...
R/plots_helpers.R#L4773     plot_df <- data.frame(genes = df$gen ...
R/plots_helpers.R#L4779 .prepare_volcano_df <- function(diff_df, ...
R/plots_helpers.R#L4796                 stop("Could not find sui ...
R/plots_helpers.R#L4835     list(df = df, x_col = x_col, padj_co ...
R/plots_helpers.R#L4889 .plot_divergence_distribution <- functio ...
R/plots_helpers.R#L4893         message("ggplot2 package require ...
R/plots_helpers.R#L4904     effect_cols <- grep("^effect_size_D_ ...
R/plots_helpers.R#L4907         message("Plot not generated: no  ...
R/plots_helpers.R#L4908         message("Expected columns like ' ...
R/plots_helpers.R#L4917     plot_data <- interaction_results[is. ...
R/plots_helpers.R#L4926     p_effect <- ggplot2::ggplot(plot_dat ...
R/plots_helpers.R#L4927         ggplot2::geom_histogram(binwidth ...
R/plots_helpers.R#L4928             color = "black") + ggplot2:: ...
R/plots_helpers.R#L4929         D[q] ~ ") effect sizes across ge ...
R/plots_helpers.R#L4930         x = bquote("Effect size (Tsallis ...
R/plots_helpers.R#L4931             "= meaningful information se ...
R/plots_helpers.R#L4932             threshold, "filtering thresh ...
R/plots_helpers.R#L4933         .theme_base(base_size = 11) + gg ...
R/plots_helpers.R#L4938     p_effect <- .add_reference_lines(p_e ...
R/plots_helpers.R#L4942     p_effect <- p_effect + ggplot2::anno ...
R/plots_helpers.R#L4943         threshold, ")", sep = ""), vjust ...
R/plots_spectrum.R#L84         stop("Cannot extract numeric q-v ...
R/plots_spectrum.R#L97         stop("'divergence_results_se' ha ...
R/plots_spectrum.R#L108         stop("'lm_res' must have a colum ...
R/plots_spectrum.R#L116     valid_cols <- c("adj_p_interaction", ...
R/plots_spectrum.R#L119         stop("'lm_res' must have a p-val ...
R/plots_spectrum.R#L126 .spectrum_validate_inputs <- function(di ...
R/plots_spectrum.R#L129         stop("'divergence_results_se' mu ...
R/plots_spectrum.R#L158         stop("Gene '", gene_name, "' not ...
R/plots_spectrum.R#L162     plot_df <- data.frame(q = q_vals_sor ...
R/plots_spectrum.R#L166     p <- .create_simple_line_plot(plot_d ...
R/plots_spectrum.R#L167         points = TRUE, line_width = 1.2, ...
R/plots_spectrum.R#L169     p <- .apply_publication_theme(p, bas ...
R/plots_spectrum.R#L178 .spectrum_plot_top_genes <- function(lm_ ...
R/plots_spectrum.R#L195         warning("Some genes not found. P ...
R/plots_spectrum.R#L206     if (!is.null(divergence_results_se)  ...
R/plots_spectrum.R#L207         assay_names <- names(SummarizedE ...
R/plots_spectrum.R#L210             ci_lower_mat <- SummarizedEx ...
R/plots_spectrum.R#L212             ci_upper_mat <- SummarizedEx ...
R/plots_spectrum.R#L219         df <- data.frame(q = q_vals_sort ...
R/plots_spectrum.R#L220             ]), gene = gene_names[gene_i ...
R/plots_spectrum.R#L224         if (has_ci_assays && !all(is.na( ...
R/plots_spectrum.R#L239     has_valid_ci <- has_ci_assays && "ci ...
R/plots_spectrum.R#L245         p <- .create_ci_ribbon_plot(mult ...
R/plots_spectrum.R#L246             group_col = NULL, ci_lower_c ...
R/plots_spectrum.R#L250         p <- .create_simple_line_plot(mu ...
R/plots_spectrum.R#L255     p <- .apply_facet_styling(p, ncol =  ...
R/plots_spectrum.R#L256     p <- .apply_publication_theme(p, bas ...
R/plots_spectrum.R#L258             paste0("Ranked by interactio ...
R/plots_spectrum.R#L268 .spectrum_plot_global <- function(div_ma ...
R/plots_spectrum.R#L278     if (!is.null(divergence_results_se)  ...
R/plots_spectrum.R#L279         assay_names <- names(SummarizedE ...
R/plots_spectrum.R#L282             ci_lower_mat <- SummarizedEx ...
R/plots_spectrum.R#L284             ci_upper_mat <- SummarizedEx ...
R/plots_spectrum.R#L293             paste0(metric_label, " with  ...
R/plots_spectrum.R#L295             paste0(metric_label, " +/- " ...
R/plots_spectrum.R#L300     if (has_ci_assays && !all(is.na(ci_l ...
R/plots_spectrum.R#L301         summary_stats <- data.frame(q =  ...
R/plots_spectrum.R#L302             na.rm = TRUE), ci_lower = co ...
R/plots_spectrum.R#L306         p <- .create_ci_ribbon_plot(summ ...
R/plots_spectrum.R#L307             ci_lower_col = "ci_lower", c ...
R/plots_spectrum.R#L309         p <- .apply_publication_theme(p, ...
R/plots_spectrum.R#L310             title = expression(bold("Glo ...
R/plots_spectrum.R#L311             subtitle = construct_subtitl ...
R/plots_spectrum.R#L318         summary_stats <- data.frame(q =  ...
R/plots_spectrum.R#L322             }), spread = apply(div_mat_s ...
R/plots_spectrum.R#L327         summary_stats <- data.frame(q =  ...
R/plots_spectrum.R#L338         stop("Cannot compute statistics. ...
R/plots_spectrum.R#L342     summary_stats$ci_lower <- summary_st ...
R/plots_spectrum.R#L343     summary_stats$ci_upper <- summary_st ...
R/plots_spectrum.R#L346     p <- .create_ci_ribbon_plot(summary_ ...
R/plots_spectrum.R#L347         ci_upper_col = "ci_upper", ribbo ...
R/plots_spectrum.R#L351     p <- .apply_publication_theme(p, bas ...
R/plots_spectrum.R#L352         D[q])), subtitle = construct_sub ...
R/plots_spectrum.R#L360 .plot_divergence_spectrum <- function(di ...
R/plots_spectrum.R#L361     n_genes = 4, ncol = 2, metric = c("m ...
R/plots_spectrum.R#L369     div_mat <- .spectrum_validate_inputs ...
R/plots_spectrum.R#L386         return(.spectrum_plot_single_gen ...
R/plots_spectrum.R#L390         return(.spectrum_plot_top_genes( ...
R/plots_spectrum.R#L396     return(.spectrum_plot_global(div_mat ...
R/plots_tsallis_q.R#L139 plot_diversity_spectrum <- function(se,  ...
R/plots_tsallis_q.R#L140     gene = NULL, lm_res = NULL, n_top =  ...
R/plots_tsallis_q.R#L164                 condition_col <- "condit ...
R/plots_tsallis_q.R#L177         } else if ("sample_type" %in% co ...
R/plots_tsallis_q.R#L178             condition_col <- "sample_typ ...
R/plots_tsallis_q.R#L180             stop("No condition column fo ...
R/plots_tsallis_q.R#L186         stop("plot_tsallis_q_curve requi ...
R/plots_tsallis_q.R#L195         return(.plot_tsallis_gene_specif ...
R/plots_tsallis_q.R#L200     long <- .prepare_tsallis_long(se, as ...
R/plots_tsallis_q.R#L207     if ("ci_lower" %in% SummarizedExperi ...
R/plots_tsallis_q.R#L228 .plot_tsallis_gene_specific <- function( ...
R/plots_tsallis_q.R#L233     long <- .prepare_long_format(se, ass ...
R/plots_tsallis_q.R#L236     has_bootstrap_ci <- "ci_lower" %in%  ...
R/plots_tsallis_q.R#L256             stop("Either 'gene' or 'lm_r ...
R/plots_tsallis_q.R#L268         for (col in c("adj_p_interaction ...
R/plots_tsallis_q.R#L275             stop("'lm_res' must contain  ...
R/plots_tsallis_q.R#L278         genes_ordered <- unique(as.chara ...
R/plots_tsallis_q.R#L313         p <- ggplot2::ggplot() + ggplot2 ...
R/plots_tsallis_q.R#L314             ymin = central - spread, yma ...
R/plots_tsallis_q.R#L315             ggplot2::geom_line(data = st ...
R/plots_tsallis_q.R#L317         p <- .apply_group_aesthetics(p,  ...
R/plots_tsallis_q.R#L318         p <- .apply_publication_theme(p, ...
R/plots_tsallis_q.R#L335     grid_with_legend <- .assemble_grid_p ...
R/plots_tsallis_q.R#L336         subtitle = ci_subtitle, legend_p ...
R/plots_tsallis_q.R#L339         .save_plot_standard(grid_with_le ...
R/plots_tsallis_q.R#L381     p <- .create_ci_ribbon_plot(plot_df, ...
R/plots_tsallis_q.R#L382         ci_lower_col = "ci_lower", ci_up ...
R/plots_tsallis_q.R#L384     p <- .apply_group_aesthetics(p, pale ...
R/plots_tsallis_q.R#L385     p <- .apply_publication_theme(p, bas ...
R/plots_tsallis_q.R#L386         title = "Tsallis Entropy Across  ...
R/plots_tsallis_q.R#L387     p <- p + ggplot2::labs(x = "q value" ...
R/plots_tsallis_q.R#L395         .save_plot_standard(p, output_fi ...
R/plots_tsallis_q.R#L413         stop("Bootstrap CI assays 'ci_lo ...
R/plots_tsallis_q.R#L435         return(.plot_tsallis_basic_gene( ...
R/plots_tsallis_q.R#L447         p <- .create_ci_ribbon_plot(plot ...
R/plots_tsallis_q.R#L448             ci_lower_col = "ci_lower", c ...
R/plots_tsallis_q.R#L450         p <- .apply_group_aesthetics(p,  ...
R/plots_tsallis_q.R#L451         p <- .apply_publication_theme(p, ...
R/plots_tsallis_q.R#L461             p <- p + ggplot2::labs(subti ...
R/plots_tsallis_q.R#L474     grid_with_legend <- .assemble_grid_p ...
R/plots_tsallis_q.R#L475         subtitle = "Median with Bootstra ...
R/plots_tsallis_q.R#L479         .save_plot_standard(grid_with_le ...
R/plots_tsallis_q.R#L506             stats_df <- dplyr::summarise ...
R/plots_tsallis_q.R#L507                 na.rm = TRUE), spread =  ...
R/plots_tsallis_q.R#L509             stats_df <- dplyr::summarise ...
R/plots_tsallis_q.R#L514         p <- ggplot2::ggplot(stats_df, g ...
R/plots_tsallis_q.R#L515             fill = group)) + ggplot2::ge ...
R/plots_tsallis_q.R#L517         p <- .apply_group_aesthetics(p,  ...
R/plots_tsallis_q.R#L518         p <- .apply_publication_theme(p, ...
R/plots_tsallis_q.R#L532     grid_with_legend <- .assemble_grid_p ...
R/plots_tsallis_q.R#L536         .save_plot_standard(grid_with_le ...
R/plots_tsallis_q.R#L554         stats_df <- dplyr::summarise(dpl ...
R/plots_tsallis_q.R#L555             na.rm = TRUE), spread = stat ...
R/plots_tsallis_q.R#L558         stats_df <- dplyr::summarise(dpl ...
R/plots_tsallis_q.R#L559             na.rm = TRUE), spread = sqrt ...
R/plots_tsallis_q.R#L563     p <- ggplot2::ggplot(stats_df, ggplo ...
R/plots_tsallis_q.R#L564         fill = group)) + ggplot2::geom_l ...
R/plots_tsallis_q.R#L566     p <- .apply_group_aesthetics(p, pale ...
R/plots_tsallis_q.R#L567     p <- .apply_publication_theme(p, bas ...
R/plots_tsallis_q.R#L568         title = "Tsallis Entropy Across  ...
R/plots_tsallis_q.R#L569     p <- p + ggplot2::labs(x = "q value" ...
R/plots_tsallis_q.R#L577         .save_plot_standard(p, output_fi ...
R/plots_violin_density.R#L47 plot_diversity_violin_density <- functio ...
R/plots_violin_density.R#L55             stop("No diversity results f ...
R/plots_violin_density.R#L63     if (!is.null(S4Vectors::metadata(se) ...
R/plots_violin_density.R#L87     p_violin <- .plot_diversity_violin_s ...
R/plots_violin_density.R#L89     p_density <- .plot_diversity_density ...
R/plots_violin_density.R#L93     grid <- cowplot::plot_grid(p_violin, ...
R/plots_violin_density.R#L97     title_grob <- .create_title_grob("Ts ...
R/plots_violin_density.R#L99     grid_with_title <- cowplot::plot_gri ...
R/plots_violin_density.R#L104         .save_plot_standard(grid_with_ti ...
R/plots_violin_density.R#L127 .plot_diversity_density_singleq <- funct ...
R/plots_violin_density.R#L133     if (!is.null(S4Vectors::metadata(se) ...
R/plots_violin_density.R#L157     title_use <- title %||% sprintf("Den ...
R/plots_violin_density.R#L160     p <- ggplot2::ggplot(long, ggplot2:: ...
R/plots_violin_density.R#L163     p <- .apply_group_aesthetics(p, pale ...
R/plots_violin_density.R#L165     p <- .apply_publication_theme(p, tit ...
R/plots_violin_density.R#L187 .plot_diversity_violin_singleq <- functi ...
R/plots_violin_density.R#L193     if (!is.null(S4Vectors::metadata(se) ...
R/plots_violin_density.R#L217     title_use <- title %||% sprintf("Vio ...
R/plots_violin_density.R#L220     p <- ggplot2::ggplot(long, ggplot2:: ...
R/plots_violin_density.R#L221         ggplot2::geom_violin(alpha = 0.5 ...
R/plots_violin_density.R#L222         ggplot2::geom_boxplot(width = 0. ...
R/plots_violin_density.R#L225     p <- .apply_group_aesthetics(p, pale ...
R/plots_violin_density.R#L228     p <- .apply_publication_theme(p, tit ...
R/plots_volcano_ma.R#L35 .plot_diversity_volcano_ma <- function(d ...
R/plots_volcano_ma.R#L36     sig_alpha = 0.05, top_n = 5, title_v ...
R/plots_volcano_ma.R#L44     p_volcano <- .plot_volcano(diff_df = ...
R/plots_volcano_ma.R#L45         label_thresh = label_thresh, sig ...
R/plots_volcano_ma.R#L48     p_ma <- .plot_ma_tsallis(x = diff_df ...
R/plots_volcano_ma.R#L67 .plot_ma_core <- function(x, fc_df = NUL ...
R/plots_volcano_ma.R#L92         df <- merge(df, fdf[, c("genes", ...
R/plots_volcano_ma.R#L95             df$log2_fold_change <- ifels ...
R/plots_volcano_ma.R#L100     fold_col_candidates <- c("log2_fold_ ...
R/plots_volcano_ma.R#L108     padj_candidates <- c("padj", "adjust ...
R/plots_volcano_ma.R#L118     median_cols <- grep("_median$", coln ...
R/plots_volcano_ma.R#L121         stop("Could not find two mean or ...
R/plots_volcano_ma.R#L122             "Ensure input contains eithe ...
R/plots_volcano_ma.R#L126         stop("Could not find two mean or ...
R/plots_volcano_ma.R#L127             " mean column(s). ", "Ensure ...
R/plots_volcano_ma.R#L131         stop("Could not find two mean or ...
R/plots_volcano_ma.R#L132             " median column(s). ", "Ensu ...
R/plots_volcano_ma.R#L141     prep <- .prepare_ma_plot_df(df, fold ...
R/plots_volcano_ma.R#L153         y_label_formatted <- sub("\\blog ...
R/plots_volcano_ma.R#L157     p <- ggplot2::ggplot(plot_df, ggplot ...
R/plots_volcano_ma.R#L158         ggplot2::geom_point(alpha = 0.75 ...
R/plots_volcano_ma.R#L159         guide = "none") + ggplot2::labs( ...
R/plots_volcano_ma.R#L162     p <- .apply_publication_theme(p, tit ...
R/plots_volcano_ma.R#L163         base_size = 11) + ggplot2::theme ...
R/plots_volcano_ma.R#L189 .plot_volcano <- function(diff_df, x_col ...
R/plots_volcano_ma.R#L195     prep_volcano <- .prepare_volcano_df( ...
R/plots_volcano_ma.R#L204     p <- ggplot2::ggplot(df, ggplot2::ae ...
R/plots_volcano_ma.R#L205         ggplot2::geom_point(alpha = 0.75 ...
R/plots_volcano_ma.R#L209     p <- .add_reference_lines(p, h_inter ...
R/plots_volcano_ma.R#L212     p <- .apply_publication_theme(p, tit ...
R/plots_volcano_ma.R#L234 .plot_ma_tsallis <- function(x, sig_alph ...
R/rank_methods_core.R#L191 #'   Used in interaction classification: ...
R/rank_methods_core.R#L455     gene_col = "gene", condition_col = N ...
R/rank_methods_core.R#L456     test = c("auto", "kruskal-wallis", " ...
R/rank_methods_core.R#L457         "benjamini-yekutieli", "westfall ...
R/rank_methods_core.R#L458     nperm_mode = "standard", nthreads =  ...
R/rank_methods_core.R#L459     eta2_threshold_strong = 0.1, min_npe ...
R/rank_methods_core.R#L466     params <- .detect_q_validate_params( ...
R/rank_methods_core.R#L472     prep_result <- .detect_q_prepare_dat ...
R/rank_methods_core.R#L479         wy_randomizations <- .estimate_n ...
R/rank_methods_core.R#L492     interaction_results <- data.frame(ge ...
R/rank_methods_core.R#L493         f_statistic = numeric(n_genes),  ...
R/rank_methods_core.R#L494         ss_interaction = numeric(n_genes ...
R/rank_methods_core.R#L495         df_residual = integer(n_genes),  ...
R/rank_methods_core.R#L496         test_method = character(n_genes) ...
R/rank_methods_core.R#L519     analysis_results <- parallel::mclapp ...
R/rank_methods_core.R#L521         return(.detect_q_analyze_gene(ge ...
R/rank_methods_core.R#L530             interaction_results[g_idx, c ...
R/rank_methods_core.R#L533             interaction_results[g_idx, c ...
R/rank_methods_core.R#L534                 "df_interaction", "ss_in ...
R/rank_methods_core.R#L536                 result$df_interaction, r ...
R/rank_methods_core.R#L540                 interaction_results[g_id ...
R/rank_methods_core.R#L541                   "highly_skewed")] <- l ...
R/rank_methods_core.R#L542                   result$characteristics ...
R/rank_methods_core.R#L548             interaction_results$df_resid ...
R/rank_methods_core.R#L553     interaction_results$interaction_clas ...
R/rank_methods_core.R#L557     interaction_results <- .detect_q_app ...
R/rank_methods_core.R#L562     interaction_results <- interaction_r ...
R/rank_methods_core.R#L570 .detect_q_validate_params <- function(pa ...
R/rank_methods_core.R#L573     nperm_mode <- match.arg(nperm_mode,  ...
R/rank_methods_core.R#L575     if (is.character(wy_randomizations)  ...
R/rank_methods_core.R#L584             warning("wy_randomizations < ...
R/rank_methods_core.R#L601 .detect_q_prepare_data <- function(data, ...
R/rank_methods_core.R#L617             stop("colData must contain ' ...
R/rank_methods_core.R#L621         if (is.null(condition_col) || !c ...
R/rank_methods_core.R#L622             stop("condition_col='", cond ...
R/rank_methods_core.R#L625         data <- data.frame(entropy = as. ...
R/rank_methods_core.R#L626             ncol(data)), q = rep(ts_cold ...
R/rank_methods_core.R#L630             data[[subject_col]] <- rep(t ...
R/rank_methods_core.R#L639         condition_col <- "condition"  #  ...
R/rank_methods_core.R#L657             stop("'condition_col' must b ...
R/rank_methods_core.R#L658                 "This function requires  ...
R/rank_methods_core.R#L668         if (rename_map[i] %in% colnames( ...
R/rank_methods_core.R#L694 .detect_q_analyze_gene <- function(gene_ ...
R/rank_methods_core.R#L697         return(list(test_failed = TRUE,  ...
R/rank_methods_core.R#L701     test_result <- tryCatch(.test_q_cond ...
R/rank_methods_core.R#L703             subject_col else NULL, pre_f ...
R/rank_methods_core.R#L706         return(list(test_failed = TRUE,  ...
R/rank_methods_core.R#L713     q_means <- tapply(gene_data$entropy, ...
R/rank_methods_core.R#L715     q_counts <- tapply(gene_data$entropy ...
R/rank_methods_core.R#L720     list(test_failed = FALSE, f_stat = a ...
R/rank_methods_core.R#L721         n_q = length(q_levels), df_inter ...
R/rank_methods_core.R#L722         ss_residual = ss_residual, eta2  ...
R/rank_methods_core.R#L723         test_type = test_result$test_typ ...
R/rank_methods_core.R#L729 .detect_q_apply_multicorr <- function(in ...
R/rank_methods_core.R#L732         permute_fn <- .detect_q_get_perm ...
R/rank_methods_core.R#L733         perm_result <- .westfall_young_p ...
R/rank_methods_core.R#L734             wy_randomizations, permute_f ...
R/rank_methods_core.R#L743         interaction_results$adj_p_value  ...
R/rank_methods_core.R#L746         interaction_results <- interacti ...
R/rank_methods_core.R#L748         interaction_results$adj_p_value  ...
R/rank_methods_core.R#L750         interaction_results$adj_p_value  ...
R/rank_methods_core.R#L752         interaction_results$adj_p_value  ...
R/rank_methods_core.R#L763 .detect_q_get_permute_function <- functi ...
R/rank_methods_core.R#L789 .detect_q_refit_permuted_tests <- functi ...
R/rank_methods_core.R#L811             if (!is.null(gene_data_perm) ...
R/rank_methods_core.R#L816                 test_result <- tryCatch( ...
R/rank_methods_core.R#L818                     subject_col else NUL ...
R/rank_methods_paired.R#L1 # ====================================== ...
R/rank_methods_paired.R#L3 # ====================================== ...
R/rank_methods_paired.R#L10 # ====================================== ...
R/rank_methods_paired.R#L46 .select_rank_test_paired <- function(dat ...
R/rank_methods_paired.R#L61         highly_skewed = FALSE, n_groups  ...
R/rank_methods_paired.R#L66     # ---------------------------------- ...
R/rank_methods_paired.R#L68     # ---------------------------------- ...
R/rank_methods_paired.R#L103                   if (!is.na(bp_pvalue)  ...
R/rank_methods_paired.R#L106                     reasons <- c(reasons ...
R/rank_methods_paired.R#L114     # ---------------------------------- ...
R/rank_methods_paired.R#L116     # ---------------------------------- ...
R/rank_methods_paired.R#L122         reasons <- c(reasons, sprintf("E ...
R/rank_methods_paired.R#L125     # ---------------------------------- ...
R/rank_methods_paired.R#L127     # ---------------------------------- ...
R/rank_methods_paired.R#L135         reasons <- c(reasons, "-> Using  ...
R/rank_methods_paired.R#L138         reasons <- c(reasons, "-> Using  ...
R/rank_methods_paired.R#L146     return(list(test_selected = test_sel ...
R/rank_methods_paired.R#L223     contingency_table <- table(Above = f ...
R/rank_methods_paired.R#L224         1), labels = c("Below", "Above") ...
R/rank_methods_paired.R#L229     chi_test <- tryCatch(chisq.test(cont ...
R/rank_methods_paired.R#L235         Q_stat <- sum((treat_medians - m ...
R/rank_methods_paired.R#L242     list(statistic = as.numeric(Q_stat), ...
R/rank_methods_paired.R#L277 .apply_art_friedman <- function(data, va ...
R/rank_methods_paired.R#L286     subject_medians <- ave(values, subje ...
R/rank_methods_paired.R#L294     rank_data <- data.frame(ranks = rank ...
R/rank_methods_paired.R#L296     anova_mod <- try(aov(ranks ~ subject ...
R/rank_methods_paired.R#L299         return(list(statistic = NA_real_ ...
R/rank_methods_paired.R#L314     list(statistic = as.numeric(F_stat), ...
R/rank_methods.R#L20 .calculate_rank_assumptions <- function( ...
R/rank_methods.R#L29     summary_stats <- list(n_genes = nrow ...
R/rank_methods.R#L30         na.rm = TRUE), entropy_max = max ...
R/rank_methods.R#L31         na.rm = TRUE), entropy_median =  ...
R/rank_methods.R#L43             cor(row_means[-length(row_me ...
R/rank_methods.R#L57                 cor(perm_means[-length(p ...
R/rank_methods.R#L66         results$exchangeability <- list( ...
R/rank_methods.R#L67             method = "Permutation test ( ...
R/rank_methods.R#L68             p_value = p_exchangeability, ...
R/rank_methods.R#L69             details = sprintf("Autocorr= ...
R/rank_methods.R#L80                 spearman_cors[i] <- stat ...
R/rank_methods.R#L99         results$monotonicity <- list(des ...
R/rank_methods.R#L100             method = "Pairwise Spearman  ...
R/rank_methods.R#L102             details = sprintf("Mean r=%. ...
R/rank_methods.R#L117             ranked_data <- apply(data_t, ...
R/rank_methods.R#L127             S <- sum((colSums(ranked_dat ...
R/rank_methods.R#L139             between_col_var <- sum((colM ...
R/rank_methods.R#L152             results$consistency <- list( ...
R/rank_methods.R#L153                 method = "Kendall's W co ...
R/rank_methods.R#L154                 kendall_w = kendall_w, i ...
R/rank_methods.R#L155                 details = sprintf("Kenda ...
R/rank_methods.R#L158             results$consistency <- list( ...
R/rank_methods.R#L159                 method = "Insufficient d ...
R/rank_methods.R#L164     structure(list(overall_summary = pas ...
R/rank_methods.R#L165         "rigorous statistical tests.")), ...
R/rank_methods.R#L207                 message(sprintf("  Mean  ...
R/rank_methods.R#L242     message(paste(capture.output(str(rou ...
R/rank_methods.R#L249     message("- Very stable (r > 0.85): G ...
R/rank_methods.R#L251     message("- Moderate (r > 0.50): Noti ...
R/rank_methods.R#L253     message("- Variable (includes 0): No ...
R/rank_methods.R#L275 #'   \item{Moderately q-dependent}{p < p ...
R/rank_methods.R#L276 #'   \item{Strongly q-dependent}{p < p_t ...
R/rank_methods.R#L302 .classify_q_dependency <- function(inter ...
R/rank_methods.R#L309         interaction_results <- interacti ...
R/rank_methods.R#L318             if (!is.null(saved_interacti ...
R/rank_methods.R#L330             } else if (p_val <= p_thresh ...
R/rank_methods.R#L332             } else if (p_val <= p_thresh ...
R/rank_methods.R#L539 .estimate_nperm <- function(data, entrop ...
R/rank_methods.R#L565             stop("SummarizedExperiment m ...
R/rank_methods.R#L578             data.frame(gene = rep(genes[ ...
R/rank_methods.R#L587             stop("data frame must have c ...
R/rank_methods.R#L634         cv_factor <- ifelse(cv > 0.5, 0. ...
R/rank_methods.R#L644     base_nperm <- 500 + (n_genes - 1) *  ...
R/rank_methods.R#L654     nperm_final <- switch(mode, standard ...
R/rank_methods.R#L664 # ====================================== ...
R/rank_methods.R#L666 # ====================================== ...
R/rank_methods.R#L676 # ====================================== ...
R/rank_methods.R#L698 .select_rank_test <- function(data, valu ...
R/rank_methods.R#L709         highly_skewed = FALSE, n_groups  ...
R/rank_methods.R#L713     # ---------------------------------- ...
R/rank_methods.R#L715     # ---------------------------------- ...
R/rank_methods.R#L741                 pval_vec <- try(as.numer ...
R/rank_methods.R#L753                       var_ratio <- max(f ...
R/rank_methods.R#L756                       var_ratio <- 1  #  ...
R/rank_methods.R#L764                   if (!is.na(bp_pvalue)  ...
R/rank_methods.R#L767                     reasons <- c(reasons ...
R/rank_methods.R#L775     # ---------------------------------- ...
R/rank_methods.R#L777     # ---------------------------------- ...
R/rank_methods.R#L787     is_entropy_like <- tolower(value_col ...
R/rank_methods.R#L800             n_near_bounds <- sum(values  ...
R/rank_methods.R#L805                 reasons <- c(reasons, sp ...
R/rank_methods.R#L813             message("  Note: Boundary cl ...
R/rank_methods.R#L818     # ---------------------------------- ...
R/rank_methods.R#L820     # ---------------------------------- ...
R/rank_methods.R#L829         reasons <- c(reasons, sprintf("E ...
R/rank_methods.R#L832     # ---------------------------------- ...
R/rank_methods.R#L834     # ---------------------------------- ...
R/rank_methods.R#L846         reasons <- c(reasons, "-> Using  ...
R/rank_methods.R#L848         reasons <- c(reasons, "-> Using  ...
R/rank_methods.R#L856     return(list(test_selected = test_sel ...
R/rank_methods.R#L904             list(statistic = as.numeric( ...
R/rank_methods.R#L906         }, error = function(e) list(stat ...
R/rank_methods.R#L916         return(list(statistic = f_stat,  ...
R/rank_methods.R#L918         return(list(statistic = NA_real_ ...
R/rank_methods.R#L945 .apply_quantile_test <- function(data, v ...
R/rank_methods.R#L967         group_quantiles <- tapply(values ...
R/rank_methods.R#L972         quant_data <- data.frame(q_value ...
R/rank_methods.R#L976         q_test <- try(kruskal.test(q_val ...
R/rank_methods.R#L991         return(list(statistic = NA_real_ ...
R/rank_methods.R#L1000     return(list(statistic = max_stat, p_ ...
R/rank_methods.R#L1017 .apply_robust_median_test <- function(da ...
R/rank_methods.R#L1049     chisq_result <- tryCatch(chisq.test( ...
R/rank_methods.R#L1052         return(list(statistic = as.numer ...
R/rank_methods.R#L1055         return(list(statistic = NA_real_ ...
R/rank_methods.R#L1081 .apply_friedman_test <- function(data, v ...
R/rank_methods.R#L1101     if (inherits(friedman_matrix, "try-e ...
R/rank_methods.R#L1103         return(list(statistic = NA_real_ ...
R/rank_methods.R#L1108         warning("Friedman test: matrix h ...
R/rank_methods.R#L1110         return(list(statistic = NA_real_ ...
R/rank_methods.R#L1117         return(list(statistic = as.numer ...
R/rank_methods.R#L1120         return(list(statistic = NA_real_ ...
R/rank_methods.R#L1147 .apply_conditional_rank_test <- function ...
R/rank_methods.R#L1154         selection <- .select_rank_test_p ...
R/rank_methods.R#L1158         test_func <- switch(selection$te ...
R/rank_methods.R#L1159             robust_friedman = .apply_rob ...
R/rank_methods.R#L1167         characteristics_with_pairing <-  ...
R/rank_methods.R#L1168         return(c(test_result, list(test_ ...
R/rank_methods.R#L1173     selection <- .select_rank_test(data, ...
R/rank_methods.R#L1176     test_func <- switch(selection$test_s ...
R/rank_methods.R#L1180                 list(statistic = NA_real ...
R/rank_methods.R#L1182                 list(statistic = as.nume ...
R/rank_methods.R#L1191     return(c(test_result, list(test_type ...
R/rank_methods.R#L1239 .test_q_condition_interaction <- functio ...
R/rank_methods.R#L1240     condition_col = "condition", paired  ...
R/rank_methods.R#L1251         stop("Column '", condition_col,  ...
R/rank_methods.R#L1254         stop("Column '", subject_col, "' ...
R/rank_methods.R#L1270             data$ranks <- ave(data[[valu ...
R/rank_methods.R#L1301             return(list(statistic = NA_r ...
R/rank_methods.R#L1308             "Scheirer-Ray-Hare Test (pai ...
R/rank_methods.R#L1310         return(list(statistic = f_stat,  ...
R/rank_methods.R#L1312         return(list(statistic = NA_real_ ...
R/RcppExports.R#L8 jackknife_resampling_cpp <- function(cou ...
R/RcppExports.R#L9     .Call(`_TSENAT_jackknife_resampling_ ...
R/RcppExports.R#L12 bootstrap_compute_cpp <- function(x, nbo ...
R/RcppExports.R#L13     .Call(`_TSENAT_bootstrap_compute_cpp ...
R/RcppExports.R#L16 block_bootstrap_compute_cpp <- function( ...
R/RcppExports.R#L17     .Call(`_TSENAT_block_bootstrap_compu ...
R/RcppExports.R#L20 jis_tsallis_entropy_cpp <- function(coun ...
R/RcppExports.R#L21     .Call(`_TSENAT_jis_tsallis_entropy_c ...
R/RcppExports.R#L24 jis_jackknife_influences_cpp <- function ...
R/RcppExports.R#L25     .Call(`_TSENAT_jis_jackknife_influen ...
R/RcppExports.R#L28 jis_bootstrap_delta_cpp <- function(coun ...
R/RcppExports.R#L29     .Call(`_TSENAT_jis_bootstrap_delta_c ...
R/RcppExports.R#L36 divergence_bootstrap_compute_cpp <- func ...
R/RcppExports.R#L37     .Call(`_TSENAT_divergence_bootstrap_ ...
R/RcppExports.R#L40 divergence_bootstrap_paired_cpp <- funct ...
R/RcppExports.R#L41     .Call(`_TSENAT_divergence_bootstrap_ ...
R/RcppExports.R#L44 divergence_bootstrap_flexible_cpp <- fun ...
R/RcppExports.R#L45     .Call(`_TSENAT_divergence_bootstrap_ ...
R/s4_class.R#L55                 stop(sprintf("Invalid co ...
R/s4_class.R#L65                   stop(sprintf("Invalid  ...
R/s4_class.R#L66                     col, paste(colnames( ...
R/s4_class.R#L79         config else list(), diversity_re ...
R/s4_class.R#L80         divergence_results = list(), plo ...
R/s4_class.R#L81             package_version = as.charact ...
R/s4_functions_divergence.R#L9 #'   \item Multi-q analysis: Divergence  ...
R/s4_functions_divergence.R#L10 #'   \item Bootstrap confidence interval ...
R/s4_functions_divergence.R#L11 #'   \item Multiple testing correction:  ...
R/s4_functions_divergence.R#L12 #'   \item Paired designs: Supports pair ...
R/s4_functions_divergence.R#L13 #'   \item Effect size reporting: Log-fo ...
R/s4_functions_divergence.R#L57 #' Values near 0: Similar isoform compos ...
R/s4_functions_divergence.R#L81 #' gff3_dataset <- system.file('extdata' ...
R/s4_functions_divergence.R#L107 calculate_divergence <- function(analysi ...
R/s4_functions_divergence.R#L108     output_file = NULL, control_group =  ...
R/s4_functions_divergence.R#L116     output_file <- resolve_slot_param(ou ...
R/s4_functions_divergence.R#L127             message("[calculate_divergen ...
R/s4_functions_divergence.R#L131                     paste(formatC(params ...
R/s4_functions_divergence.R#L150     analysis@metadata$function_calls <-  ...
R/s4_functions_divergence.R#L183         stop("Diversity results required ...
R/s4_functions_divergence.R#L193 .resolve_divergence_parameters <- functi ...
R/s4_functions_divergence.R#L205     control_group <- resolve_slot_param( ...
R/s4_functions_divergence.R#L207     method <- resolve_slot_param(method, ...
R/s4_functions_divergence.R#L242     list(q = q, q_source = q_source, con ...
R/s4_functions_divergence.R#L243         nthreads = nthreads, nboot = nbo ...
R/s4_functions_divergence.R#L251     args <- list(se = analysis@se, q = p ...
R/s4_functions_divergence.R#L286         warning("[calculate_divergence]  ...
R/s4_functions_divergence.R#L296         warning("[calculate_divergence]  ...
R/s4_functions_divergence.R#L314         return(as.data.frame(SummarizedE ...
R/s4_functions_divergence.R#L340             write_data <- .extract_diver ...
R/s4_functions_divergence.R#L344                 write.table(write_data,  ...
R/s4_functions_divergence.R#L351             warning("[calculate_divergen ...
R/s4_functions_divergence.R#L382     cols <- c("gene_name", grep("^estima ...
R/s4_functions_divergence.R#L401     bootstrap_file <- gsub("\\.(tsv|csv| ...
R/s4_functions_divergence.R#L408             message("[calculate_divergen ...
R/s4_functions_divergence.R#L433             write.table(bootstrap_data,  ...
R/s4_functions_diversity.R#L13 #'   \item Multiple normalization method ...
R/s4_functions_diversity.R#L14 #'   \item Spectrum computation: Aggrega ...
R/s4_functions_diversity.R#L18 #' @param q \code{numeric}. Q-value(s) f ...
R/s4_functions_diversity.R#L19 #'   If NULL, reads from \code{analysis@ ...
R/s4_functions_diversity.R#L29 #'     \item \code{'default'} - Simple n ...
R/s4_functions_diversity.R#L31 #'     \item \code{'log_odds_ratio'} - L ...
R/s4_functions_diversity.R#L33 #'     \item \code{'relative_reference'} ...
R/s4_functions_diversity.R#L147 #'   \item{q}{Priority 1 (explicit) > Pr ...
R/s4_functions_diversity.R#L201 calculate_diversity <- function(analysis ...
R/s4_functions_diversity.R#L203     what = NULL, nthreads = NULL, pseudo ...
R/s4_functions_diversity.R#L205     bootstrap_method = NULL, bootstrap_c ...
R/s4_functions_diversity.R#L211     params <- .prepare_diversity_params( ...
R/s4_functions_diversity.R#L223     analysis <- .cache_combined_diversit ...
R/s4_functions_diversity.R#L226     analysis <- .process_all_q_values(an ...
R/s4_functions_diversity.R#L227     analysis <- .update_config_post_dive ...
R/s4_functions_diversity.R#L254         valid_methods <- c("default", "z ...
R/s4_functions_diversity.R#L256             stop("'norm_method' must be  ...
R/s4_functions_diversity.R#L268     if (is.character(params$pseudocount) ...
R/s4_functions_diversity.R#L269         pseudocount_resolved <- .handle_ ...
R/s4_functions_diversity.R#L272             message(sprintf("[calculate_ ...
R/s4_functions_diversity.R#L283 .cache_combined_diversity_result <- func ...
R/s4_functions_diversity.R#L284     analysis@metadata$diversity_combined ...
R/s4_functions_diversity.R#L285         q_values_computed = params$q, co ...
R/s4_functions_diversity.R#L286             verbose = params$verbose, bo ...
R/s4_functions_diversity.R#L287             pseudocount_original = param ...
R/s4_functions_diversity.R#L297 .process_all_q_values <- function(analys ...
R/s4_functions_diversity.R#L304         analysis <- .process_single_q_va ...
R/s4_functions_diversity.R#L319         q_format_cache[[as.character(q_v ...
R/s4_functions_diversity.R#L320             patterns_alt = list(paste0(" ...
R/s4_functions_diversity.R#L321                 format = "f", digits = 3 ...
R/s4_functions_diversity.R#L322                 formatC(q_val, format =  ...
R/s4_functions_diversity.R#L323                 "\\\\.", formatC(q_val,  ...
R/s4_functions_diversity.R#L333 .process_single_q_value <- function(anal ...
R/s4_functions_diversity.R#L337         q_cols <- .extract_q_columns(res ...
R/s4_functions_diversity.R#L341         result_se <- .convert_result_to_ ...
R/s4_functions_diversity.R#L349         result_se <- .apply_diversity_po ...
R/s4_functions_diversity.R#L354         attr(result_se, "computed_with") ...
R/s4_functions_diversity.R#L355             verbose = params$verbose, bo ...
R/s4_functions_diversity.R#L356             pseudocount_original = param ...
R/s4_functions_diversity.R#L359         analysis@metadata$function_calls ...
R/s4_functions_diversity.R#L363         if (params$bootstrap && grepl("b ...
R/s4_functions_diversity.R#L367             stop("[calculate_diversity]  ...
R/s4_functions_diversity.R#L400         stop("[calculate_diversity] No c ...
R/s4_functions_diversity.R#L409 .convert_result_to_se <- function(result ...
R/s4_functions_diversity.R#L428         if ("ci_lower" %in% SummarizedEx ...
R/s4_functions_diversity.R#L429             ci_lower_orig <- SummarizedE ...
R/s4_functions_diversity.R#L434         if ("ci_upper" %in% SummarizedEx ...
R/s4_functions_diversity.R#L435             ci_upper_orig <- SummarizedE ...
R/s4_functions_diversity.R#L465         stop("[calculate_diversity] Conv ...
R/s4_functions_diversity.R#L477         warning("[calculate_diversity] A ...
R/s4_functions_diversity.R#L492     if (!is.null(original_coldata) && nr ...
R/s4_functions_diversity.R#L502 .update_config_post_diversity <- functio ...
R/s4_functions_diversity.R#L503     analysis@config$last_diversity_run < ...
R/s4_functions_diversity.R#L504         num_q_values = length(params$q), ...
R/s4_functions_diversity.R#L505             norm_method = params$norm_me ...
R/s4_functions_diversity.R#L506             pseudocount = pseudocount_re ...
R/s4_functions_diversity.R#L507             nthreads = params$nthreads,  ...
R/s4_functions_diversity.R#L510         analysis@metadata$parallel_proce ...
R/s4_functions_diversity.R#L511             paste0("calculate_diversity: ...
R/s4_functions_diversity.R#L537         spectrum_condition_col <- analys ...
R/s4_functions_diversity.R#L544         diversity_spectrum <- .compute_d ...
R/s4_functions_diversity.R#L560             message("[calculate_diversit ...
R/s4_functions_diversity.R#L586             message("[calculate_diversit ...
R/s4_functions_diversity.R#L589         warning("[calculate_diversity] C ...
R/s4_functions_diversity.R#L636         current_data <- .extract_se_to_d ...
R/s4_functions_diversity.R#L655         tryCatch(as.matrix(SummarizedExp ...
R/s4_functions_diversity.R#L659         tryCatch(as.matrix(SummarizedExp ...
R/s4_functions_diversity.R#L666     current_data <- data.frame(gene = re ...
R/s4_functions_diversity.R#L667         sample = rep(sample_names, each  ...
R/s4_functions_diversity.R#L705 .prepare_diversity_params <- function(an ...
R/s4_functions_diversity.R#L707     nthreads = NULL, pseudocount = NULL, ...
R/s4_functions_diversity.R#L709     bootstrap_method = NULL, bootstrap_c ...
R/s4_functions_diversity.R#L711     # ... captures deprecated parameters ...
R/s4_functions_diversity.R#L731     verbose_resolved <- resolve_slot_par ...
R/s4_functions_diversity.R#L736             message("[calculate_diversit ...
R/s4_functions_diversity.R#L751     nthreads_resolved <- resolve_slot_pa ...
R/s4_functions_diversity.R#L761     list(q = q, nthreads = nthreads_reso ...
R/s4_functions_diversity.R#L762         analysis@config, "bootstrap", FA ...
R/s4_functions_diversity.R#L763         analysis@config, "pseudocount",  ...
R/s4_functions_diversity.R#L764         analysis@config, "min_valid_frac ...
R/s4_functions_diversity.R#L765         analysis@config, "norm", TRUE),  ...
R/s4_functions_diversity.R#L766         "what", "S"), assayno = resolve_ ...
R/s4_functions_diversity.R#L767         1), shrinkage = resolve_slot_par ...
R/s4_functions_diversity.R#L768         "none"), bootstrap_method = reso ...
R/s4_functions_diversity.R#L769         "bootstrap_method", "percentile" ...
R/s4_functions_diversity.R#L770         analysis@config, "bootstrap_ci", ...
R/s4_functions_diversity.R#L772         analysis@config, "nboot", NULL), ...
R/s4_functions_diversity.R#L773         analysis@config, "bootstrap_incl ...
R/s4_functions_diversity.R#L774         analysis@config, "metadata", NUL ...
R/s4_functions_diversity.R#L775         analysis@config, "norm_method",  ...
R/s4_functions_diversity.R#L784     calc_args <- list(x = analysis@se, q ...
R/s4_functions_diversity.R#L785         assayno = params$assayno, verbos ...
R/s4_functions_diversity.R#L786         what = params$what, nthreads = p ...
R/s4_functions_diversity.R#L787         min_valid_frac = params$min_vali ...
R/s4_functions_diversity.R#L788         bootstrap_nboot = params$nboot,  ...
R/s4_functions_diversity.R#L789         bootstrap_ci = params$bootstrap_ ...
R/s4_functions_diversity.R#L799     # Extract and pass column mapping pa ...
R/s4_functions_diversity.R#L837 .apply_diversity_post_hoc_norm <- functi ...
R/s4_functions_diversity.R#L839     if (is.null(norm_method) || norm_met ...
R/s4_functions_diversity.R#L863             message("[calculate_diversit ...
R/s4_functions_diversity.R#L867         diversity_assay <- .normalize_lo ...
R/s4_functions_diversity.R#L870             ci_lower_assay <- .normalize ...
R/s4_functions_diversity.R#L873             ci_upper_assay <- .normalize ...
R/s4_functions_diversity.R#L876             message("[calculate_diversit ...
R/s4_functions_diversity.R#L878     } else if (norm_method == "relative_ ...
R/s4_functions_diversity.R#L882             diversity_assay <- .normaliz ...
R/s4_functions_diversity.R#L885                 ci_lower_assay <- .norma ...
R/s4_functions_diversity.R#L888                 ci_upper_assay <- .norma ...
R/s4_functions_diversity.R#L891                 message("[calculate_dive ...
R/s4_functions_effect_size.R#L38 #'   \item{Enriching}{Divergence SE with ...
R/s4_functions_effect_size.R#L76 #'   q = seq(0, 2, by = 0.5)  # Multiple ...
R/s4_functions_effect_size.R#L104 calculate_effect_sizes <- function(analy ...
R/s4_functions_effect_size.R#L107     verbose <- resolve_slot_param(verbos ...
R/s4_functions_effect_size.R#L110     significance_threshold <- resolve_sl ...
R/s4_functions_effect_size.R#L112     enrich_per_q_pattern <- resolve_slot ...
R/s4_functions_effect_size.R#L114     output_file <- resolve_slot_param(ou ...
R/s4_functions_effect_size.R#L121     divergence_se <- .add_gene_names_to_ ...
R/s4_functions_effect_size.R#L129         .calculate_effect_sizes(lm_res = ...
R/s4_functions_effect_size.R#L130             significance_threshold = sig ...
R/s4_functions_effect_size.R#L136     analysis <- .store_effect_sizes_resu ...
R/s4_functions_effect_size.R#L175     divergence_se <- .extract_object_wit ...
R/s4_functions_effect_size.R#L179         stop("Could not extract divergen ...
R/s4_functions_effect_size.R#L189     lm_res <- .extract_object_with_fallb ...
R/s4_functions_effect_size.R#L193         stop("Could not extract LM resul ...
R/s4_functions_effect_size.R#L197         message("[calculate_effect_sizes ...
R/s4_functions_effect_size.R#L208 .add_gene_names_to_divergence_se <- func ...
R/s4_functions_effect_size.R#L222         gene_names_expanded <- .map_tx_t ...
R/s4_functions_effect_size.R#L228                 message("[calculate_effe ...
R/s4_functions_effect_size.R#L239             message("[calculate_effect_s ...
R/s4_functions_effect_size.R#L245     if (!("gene_name" %in% colnames(rd_f ...
R/s4_functions_effect_size.R#L246         stop("[calculate_effect_sizes] F ...
R/s4_functions_effect_size.R#L279 .store_effect_sizes_results_in_metadata  ...
R/s4_functions_effect_size.R#L281     # Internal function: access object@m ...
R/s4_functions_effect_size.R#L282     # getMeta() will filter these out wh ...
R/s4_functions_effect_size.R#L289     analysis@metadata$function_calls <-  ...
R/s4_functions_effect_size.R#L293         message("[calculate_effect_sizes ...
R/s4_functions_effect_size.R#L309         all_na_cols <- colnames(results_ ...
R/s4_functions_effect_size.R#L314                 message("[calculate_effe ...
R/s4_functions_effect_size.R#L318         write.table(results_df, file = o ...
R/s4_functions_jeo.R#L59 #' effective_length <- matrix(100, nrow  ...
R/s4_functions_jeo.R#L94     top_n = NULL, verbose = NULL, nthrea ...
R/s4_functions_jeo.R#L102         stop("Diversity results required ...
R/s4_functions_jeo.R#L116     verbose_resolved <- resolve_slot_par ...
R/s4_functions_jeo.R#L119             message("[calculate_jeo] Usi ...
R/s4_functions_jeo.R#L129     log_base <- resolve_slot_param(log_b ...
R/s4_functions_jeo.R#L132     pseudocount <- resolve_slot_param(ps ...
R/s4_functions_jeo.R#L135     output_file <- resolve_slot_param(ou ...
R/s4_functions_jeo.R#L148             stop("Diversity not calculat ...
R/s4_functions_jeo.R#L160                 log_base = log_base, top ...
R/s4_functions_jeo.R#L168             analysis@metadata$function_c ...
R/s4_functions_jeo.R#L203                       data.frame(gene =  ...
R/s4_functions_jeo.R#L204                         n_transcripts =  ...
R/s4_functions_jeo.R#L205                         outlier_indices  ...
R/s4_functions_jeo.R#L206                         outlier_threshol ...
R/s4_functions_jeo.R#L207                         q_value = res$q, ...
R/s4_functions_jeo.R#L226                   write.table(output_df, ...
R/s4_functions_jeo.R#L235                 warning("[calculate_jeo] ...
R/s4_functions_jis.R#L10 #'   \item Delta-influence metric: Measu ...
R/s4_functions_jis.R#L13 #'   \item LM filtering: Optional restri ...
R/s4_functions_jis.R#L102 #'   \item \code{q}: Multi-q vector c(0, ...
R/s4_functions_jis.R#L103 #'   \item \code{n_bootstrap}: Uses \cod ...
R/s4_functions_jis.R#L105 #'   \item \code{lm_p_threshold}: Uses \ ...
R/s4_functions_jis.R#L108 #' This allows setting defaults once in  ...
R/s4_functions_jis.R#L128 #' High |Delta| for specific isoforms in ...
R/s4_functions_jis.R#L132 #' Sample shows high Delta for isoform X ...
R/s4_functions_jis.R#L133 #' Classifying transcripts as 'switching ...
R/s4_functions_jis.R#L174     gene_col = NULL, isoform_col = NULL, ...
R/s4_functions_jis.R#L175     n_bootstrap = 1000, pseudocount = NU ...
R/s4_functions_jis.R#L181     col_info <- .detect_jis_columns(anal ...
R/s4_functions_jis.R#L191     # Resolve and validate all parameter ...
R/s4_functions_jis.R#L192     params <- .resolve_and_validate_jis_ ...
R/s4_functions_jis.R#L197         .calculate_jis(se = se, conditio ...
R/s4_functions_jis.R#L198             gene_col = gene_col, isoform ...
R/s4_functions_jis.R#L199             log_base = params$log_base,  ...
R/s4_functions_jis.R#L200             pseudocount = params$pseudoc ...
R/s4_functions_jis.R#L203         stop("[calculate_jis] Jackknife  ...
R/s4_functions_jis.R#L208     analysis <- .store_jis_results(analy ...
R/s4_functions_jis.R#L258 .detect_jis_columns <- function(analysis ...
R/s4_functions_jis.R#L266         condition_col <- auto_detect_col ...
R/s4_functions_jis.R#L268                 "condition", "group", "s ...
R/s4_functions_jis.R#L270                 cd_cols[1] else NULL, ve ...
R/s4_functions_jis.R#L275                 "' not found in colData. ...
R/s4_functions_jis.R#L282             "  Available colData columns ...
R/s4_functions_jis.R#L283             "SOLUTION: Set @config$condi ...
R/s4_functions_jis.R#L294         gene_col <- auto_detect_column(r ...
R/s4_functions_jis.R#L295             priority_candidates = c("gen ...
R/s4_functions_jis.R#L300             stop("[calculate_jis] gene_c ...
R/s4_functions_jis.R#L301                 "  Available columns: ", ...
R/s4_functions_jis.R#L307         isoform_col <- auto_detect_colum ...
R/s4_functions_jis.R#L309                 "transcript", "isoform", ...
R/s4_functions_jis.R#L314             stop("[calculate_jis] isofor ...
R/s4_functions_jis.R#L315                 "  Available columns: ", ...
R/s4_functions_jis.R#L319     list(condition_col = condition_col,  ...
R/s4_functions_jis.R#L351     if (is.null(analysis@diversity_resul ...
R/s4_functions_jis.R#L371                 "  Available: ", paste(a ...
R/s4_functions_jis.R#L373         message("[calculate_jis] Using q ...
R/s4_functions_jis.R#L392 .resolve_and_validate_jis_params <- func ...
R/s4_functions_jis.R#L394     # Resolve q: use config if available ...
R/s4_functions_jis.R#L406     log_base <- resolve_slot_param(log_b ...
R/s4_functions_jis.R#L407     pseudocount <- resolve_slot_param(ps ...
R/s4_functions_jis.R#L408     n_bootstrap <- resolve_slot_param(n_ ...
R/s4_functions_jis.R#L410     lm_p_threshold <- resolve_slot_param ...
R/s4_functions_jis.R#L413     if (!is.numeric(n_bootstrap) || leng ...
R/s4_functions_jis.R#L418         warning("n_bootstrap = ", n_boot ...
R/s4_functions_jis.R#L432     list(q = q, q_vals = q_vals, norm =  ...
R/s4_functions_jis.R#L433         n_bootstrap = n_bootstrap, thres ...
R/s4_functions_jis.R#L447 .store_jis_results <- function(analysis, ...
R/s4_functions_jis.R#L482         analysis@metadata$function_calls ...
R/s4_functions_jis.R#L483         analysis@metadata$function_times ...
R/s4_functions_jis.R#L533         gene_data <- extract_multiq_tabl ...
R/s4_functions_jis.R#L540         transcript_data <- extract_multi ...
R/s4_functions_jis.R#L541             "tsenat_isoform_switching_mu ...
R/s4_functions_jis.R#L548             write.table(gene_data, file  ...
R/s4_functions_jis.R#L554             write.table(transcript_data, ...
R/s4_functions_jis.R#L558         warning("[calculate_jis] Could n ...
R/s4_functions_lm.R#L143     condition_col = NULL, method = "gam" ...
R/s4_functions_lm.R#L144     multicorr = NULL, corstr = NULL, pco ...
R/s4_functions_lm.R#L156         stop("Diversity results required ...
R/s4_functions_lm.R#L163     fdr_threshold <- resolve_slot_param( ...
R/s4_functions_lm.R#L166     output_file <- resolve_slot_param(ou ...
R/s4_functions_lm.R#L170     return_model_data <- resolve_slot_pa ...
R/s4_functions_lm.R#L175     params <- .extract_lm_params(analysi ...
R/s4_functions_lm.R#L176         subject_col = subject_col, nthre ...
R/s4_functions_lm.R#L180     diversity_combined <- .combine_diver ...
R/s4_functions_lm.R#L183     # ARIMA(1,1,0) differencing removes  ...
R/s4_functions_lm.R#L185     # This provides sufficient degrees o ...
R/s4_functions_lm.R#L186     q_values <- sort(as.numeric(unique(s ...
R/s4_functions_lm.R#L188         stop(sprintf("[calculate_lm] At  ...
R/s4_functions_lm.R#L193     args <- .build_lm_args(diversity_com ...
R/s4_functions_lm.R#L202         warning("lm_interaction calculat ...
R/s4_functions_lm.R#L215     analysis <- .store_lm_results_in_ana ...
R/s4_functions_lm.R#L219         save_analysis_output(extracted$r ...
R/s4_functions_lm.R#L235     if (!is(first_diversity_se, "Summari ...
R/s4_functions_lm.R#L241     if (is.null(diversity_coldata) || nr ...
R/s4_functions_lm.R#L255 .extract_lm_params <- function(analysis, ...
R/s4_functions_lm.R#L256     nthreads = NULL, multicorr = NULL, c ...
R/s4_functions_lm.R#L262         condition_col <- auto_detect_col ...
R/s4_functions_lm.R#L263             config_key = "condition_col" ...
R/s4_functions_lm.R#L270     subject_col <- resolve_slot_param(su ...
R/s4_functions_lm.R#L272     multicorr <- resolve_slot_param(mult ...
R/s4_functions_lm.R#L284             message("condition_col not s ...
R/s4_functions_lm.R#L287             message("condition_col not s ...
R/s4_functions_lm.R#L291     list(condition_col = condition_col,  ...
R/s4_functions_lm.R#L292         nthreads = nthreads, multicorr = ...
R/s4_functions_lm.R#L308                 stop("[combine_diversity ...
R/s4_functions_lm.R#L317                 stop("[combine_diversity ...
R/s4_functions_lm.R#L323             assay_colnames_with_q <- pas ...
R/s4_functions_lm.R#L344         SummarizedExperiment::Summarized ...
R/s4_functions_lm.R#L354 .build_lm_args <- function(diversity_se, ...
R/s4_functions_lm.R#L407         stop("[validate_and_extract_lm_r ...
R/s4_functions_lm.R#L413         warning("[validate_and_extract_l ...
R/s4_functions_lm.R#L414             " rows, ", ncol(lm_results_d ...
R/s4_functions_lm.R#L423         stop("[validate_and_extract_lm_r ...
R/s4_functions_lm.R#L424             collapse = ", "), ". Availab ...
R/s4_functions_lm.R#L433 .store_lm_results_in_analysis <- functio ...
R/s4_functions_lm.R#L434     if (is.list(analysis@lm_results) &&  ...
R/s4_functions_lm.R#L447     analysis@metadata$function_calls <-  ...
R/s4_functions_rank_test.R#L5 #' testing whether the effect of q-value ...
R/s4_functions_rank_test.R#L6 #' This detects disease-relevant or cond ...
R/s4_functions_rank_test.R#L10 #' - **Q×Condition Interaction**: Tests  ...
R/s4_functions_rank_test.R#L16 #' - **Multiple Testing Correction**: Ho ...
R/s4_functions_rank_test.R#L25 #' - \strong{H\emph{0}} = Gene entropy q ...
R/s4_functions_rank_test.R#L26 #' - \strong{H\emph{1}} = Gene entropy q ...
R/s4_functions_rank_test.R#L28 #' A significant interaction indicates c ...
R/s4_functions_rank_test.R#L29 #' varies across the q-value spectrum, r ...
R/s4_functions_rank_test.R#L38 #' - **Condition A**: Strong entropy var ...
R/s4_functions_rank_test.R#L40 #' - **Interaction**: Condition-specific ...
R/s4_functions_rank_test.R#L83 #' @param alpha \code{numeric}. Signific ...
R/s4_functions_rank_test.R#L87 #' @param eta2_threshold_moderate \code{ ...
R/s4_functions_rank_test.R#L89 #' @param eta2_threshold_strong \code{nu ...
R/s4_functions_rank_test.R#L91 #' @param min_nperm \code{integer}. Mini ...
R/s4_functions_rank_test.R#L93 #' @param max_nperm \code{integer}. Maxi ...
R/s4_functions_rank_test.R#L95 #' @param ... Additional arguments passe ...
R/s4_functions_rank_test.R#L107 #'   \item \code{q}: ALWAYS auto-detecte ...
R/s4_functions_rank_test.R#L155     paired = NULL, subject_col = NULL, t ...
R/s4_functions_rank_test.R#L156         "art"), multicorr = c("hochberg" ...
R/s4_functions_rank_test.R#L157         "none"), entropy_col = "diversit ...
R/s4_functions_rank_test.R#L158     nperm_mode = c("standard", "conserva ...
R/s4_functions_rank_test.R#L159     p_threshold = 0.05, eta2_threshold_m ...
R/s4_functions_rank_test.R#L167     param_result <- .resolve_rank_test_p ...
R/s4_functions_rank_test.R#L207         if (!is.null(analysis@config) && ...
R/s4_functions_rank_test.R#L215         stop("Diversity results required ...
R/s4_functions_rank_test.R#L224 .resolve_rank_test_params <- function(an ...
R/s4_functions_rank_test.R#L237         multicorr <- match.arg(multicorr ...
R/s4_functions_rank_test.R#L245         nperm_mode <- match.arg(nperm_mo ...
R/s4_functions_rank_test.R#L257     # Note: q is NOT resolved here - alw ...
R/s4_functions_rank_test.R#L259     subject_col <- resolve_slot_param(su ...
R/s4_functions_rank_test.R#L278     if (!is.null(analysis@metadata$diver ...
R/s4_functions_rank_test.R#L300                 se <- SummarizedExperime ...
R/s4_functions_rank_test.R#L302                 stop("Diversity result f ...
R/s4_functions_rank_test.R#L319                 stop("Diversity result f ...
R/s4_functions_rank_test.R#L353         first_se <- SummarizedExperiment ...
R/s4_functions_rank_test.R#L355     rd <- tryCatch(SummarizedExperiment: ...
R/s4_functions_rank_test.R#L357     se_multi_q <- SummarizedExperiment(a ...
R/s4_functions_rank_test.R#L379         save_analysis_output(result_df,  ...
R/s4_functions_utils.R#L42 resolve_slot_param <- function(user_valu ...
R/s4_functions_utils.R#L51     if (!is.null(config_list) && is.list ...
R/s4_functions_utils.R#L67         stop("Could not resolve paramete ...
R/s4_functions_utils.R#L121 auto_detect_column <- function(available ...
R/s4_functions_utils.R#L122     priority_candidates = character(0),  ...
R/s4_functions_utils.R#L126     if (!is.null(config_list) && !is.nul ...
R/s4_functions_utils.R#L138         if (!is.na(first_match_idx) && f ...
R/s4_functions_utils.R#L142                 message(sprintf("[auto_d ...
R/s4_functions_utils.R#L153             message(sprintf("[auto_detec ...
R/s4_functions_utils.R#L219 save_analysis_output <- function(data, o ...
R/s4_functions_utils.R#L220     create_dir = TRUE, func_name = "wrap ...
R/s4_functions_utils.R#L259             write.table(write_data, file ...
R/s4_functions_utils.R#L269                 warning("[", func_name,  ...
R/s4_functions_utils.R#L274                 warning("[", func_name,  ...
R/s4_functions_utils.R#L307             warning("[", func_name, "] U ...
R/s4_functions_utils.R#L315         warning("[", func_name, "] Could ...
R/s4_functions_utils.R#L358 extract_multiq_table <- function(result, ...
R/s4_functions_utils.R#L362         is_multiq <- inherits(result, "t ...
R/s4_functions.R#L30 #'   NOTE: q is NOT read from config - o ...
R/s4_functions.R#L85 #' ** Requires diversity results to exis ...
R/s4_functions.R#L86 #' This wrapper extracts the diversity S ...
R/s4_functions.R#L182 calculate_difference <- function(analysi ...
R/s4_functions.R#L183     method = NULL, test = NULL, randomiz ...
R/s4_functions.R#L184     verbose = NULL, paired = FALSE, exac ...
R/s4_functions.R#L185     robust_loss_type = NULL, robust_scal ...
R/s4_functions.R#L193         stop("Diversity results required ...
R/s4_functions.R#L201             stop("'control' must be spec ...
R/s4_functions.R#L207     # Does NOT read from config - only e ...
R/s4_functions.R#L220             stop("'q' must be explicitly ...
R/s4_functions.R#L221                 paste(gsub("q_", "", ava ...
R/s4_functions.R#L224             stop("No diversity results f ...
R/s4_functions.R#L231         message("[calculate_difference]  ...
R/s4_functions.R#L238         stop("Diversity not calculated f ...
R/s4_functions.R#L245     condition_col <- resolve_slot_param( ...
R/s4_functions.R#L251     randomizations <- resolve_slot_param ...
R/s4_functions.R#L256     pseudocount <- resolve_slot_param(ps ...
R/s4_functions.R#L259     robust_loss_type <- resolve_slot_par ...
R/s4_functions.R#L261     robust_scale_method <- resolve_slot_ ...
R/s4_functions.R#L278         .calculate_difference(x = divers ...
R/s4_functions.R#L279             method = method, test = test ...
R/s4_functions.R#L280             assayno = assayno, verbose = ...
R/s4_functions.R#L281             pseudocount = pseudocount, n ...
R/s4_functions.R#L295     analysis@metadata$function_calls <-  ...
R/s4_functions.R#L300         diff_data <- if (!is.null(analys ...
R/s4_functions.R#L305         save_analysis_output(diff_data,  ...
R/s4_functions.R#L382 setGeneric("calculate_rank_assumptions", ...
R/s4_functions.R#L389     function(analysis, q = NULL, checks  ...
R/s4_functions.R#L417         if (is.null(diversity_data) && i ...
R/s4_functions.R#L447         if (is.null(diversity_data) && i ...
R/s4_functions.R#L459                 q_used <- .extract_q_fro ...
R/s4_functions.R#L465             stop("No diversity results f ...
R/s4_functions.R#L476             .calculate_rank_assumptions( ...
R/s4_functions.R#L478             stop("Rankbased assumptions  ...
R/s4_functions.R#L482         analysis@metadata$rankbased_assu ...
R/s4_functions.R#L483             checks_performed = checks, a ...
R/s4_functions.R#L486         analysis@metadata$function_calls ...
R/s4_functions.R#L547 #'   \item Differential analysis must be ...
R/s4_functions.R#L620 plot_diversity_volcano_ma <- function(an ...
R/s4_functions.R#L621     sig_alpha = 0.05, top_n = 5, title_v ...
R/s4_functions.R#L636     if (is.null(analysis@pairwise_result ...
R/s4_functions.R#L637         stop("No pairwise results found  ...
R/s4_functions.R#L642         stop("Difference results not fou ...
R/s4_functions.R#L653     actual_padj_col <- auto_detect_colum ...
R/s4_functions.R#L654         c("padj", "adjusted_p_values", " ...
R/s4_functions.R#L658             c("mean_difference", "log2_f ...
R/s4_functions.R#L663         .plot_diversity_volcano_ma(diff_ ...
R/s4_functions.R#L664             label_thresh = label_thresh, ...
R/s4_functions.R#L676         save_analysis_output(plot_obj, o ...
R/s4_functions.R#L677             func_name = "plot_diversity_ ...
R/s4_functions.R#L690 #' @param analysis_rank \code{TSENATAnal ...
R/s4_functions.R#L692 #'   compares LM results from analysis_l ...
R/s4_functions.R#L698 #' @param output_file \code{character} o ...
R/s4_functions.R#L708 #'     \item{agreement_table}{Contingenc ...
R/s4_functions.R#L716 #' for continuous and Friedman/Kruskal-W ...
R/s4_functions.R#L719 #' - Genes detected by one method only ( ...
R/s4_functions.R#L744 #' # Build analysis with configured para ...
R/s4_functions.R#L763 setGeneric("calculate_concordance", func ...
R/s4_functions.R#L768 setMethod("calculate_concordance", "TSEN ...
R/s4_functions.R#L769     lm_method = NULL, rank_method = "ran ...
R/s4_functions.R#L786             stop("'analysis_rank' must b ...
R/s4_functions.R#L798             .calculate_concordance(analy ...
R/s4_functions.R#L819         analysis_lm@metadata$function_ca ...
R/s4_functions.R#L820             paste0("calculate_concordanc ...
R/s4_functions.R#L833                 message("[calculate_conc ...
R/s4_functions.R#L849     if (is.null(analysis_lm@lm_results)  ...
R/s4_functions.R#L850         stop("No LM results found in ana ...
R/s4_functions.R#L862         available_methods <- paste(names ...
R/s4_functions.R#L863         stop("LM method '", default_lm_m ...
R/s4_functions.R#L868     if (is.null(analysis_lm@rank_test_re ...
R/s4_functions.R#L869         stop("Rank test method '", rank_ ...
R/s4_functions.R#L879         stop("LM results ('", default_lm ...
R/s4_functions.R#L883         stop("Rank test results ('", ran ...
R/s4_functions.R#L923     analysis_lm@metadata$function_calls  ...
R/s4_functions.R#L924         paste0("calculate_concordance[", ...
R/s4_functions.R#L1034 plot_divergence_spectrum <- function(ana ...
R/s4_functions.R#L1035     metric = c("median", "mean"), variab ...
R/s4_functions.R#L1055         stop("Divergence results not fou ...
R/s4_functions.R#L1060     divergence_results_se <- if (is.list ...
R/s4_functions.R#L1066         stop("Invalid divergence_results ...
R/s4_functions.R#L1077     if (use_pvalue_ranking && !is.null(a ...
R/s4_functions.R#L1089                 message("Note: Invalid L ...
R/s4_functions.R#L1104             gene = gene, lm_res = lm_res ...
R/s4_functions.R#L1120         save_analysis_output(p, output_f ...
R/s4_functions.R#L1121             func_name = "plot_divergence ...
R/s4_functions.R#L1184 setMethod("plot_concordance", "TSENATAna ...
R/s4_functions.R#L1201         stop("[plot_concordance] Concord ...
R/s4_functions.R#L1205         message("[plot_concordance] Plot ...
R/s4_functions.R#L1207         message("[plot_concordance] Meth ...
R/s4_functions.R#L1234             message("[extract_object] Fo ...
R/s4_functions.R#L1258         message("[extract_object] Could  ...
R/s4_functions.R#L1345 #'   \item{SummarizedExperiment}{From \c ...
R/s4_functions.R#L1386 #' analysis <- calculate_diversity(analy ...
R/s4_functions.R#L1398     top_n = 4, output_file = NULL, metri ...
R/s4_functions.R#L1399     use_tpm = TRUE, width = NULL, height ...
R/s4_functions.R#L1427         condition_col <- auto_detect_col ...
R/s4_functions.R#L1428             c("condition", "sample_type" ...
R/s4_functions.R#L1441             } else if (is.list(analysis@ ...
R/s4_functions.R#L1449                 p_col <- auto_detect_col ...
R/s4_functions.R#L1450                   "p_col", c("p_interact ...
R/s4_functions.R#L1453                 gene_col <- auto_detect_ ...
R/s4_functions.R#L1454                   "gene_col", c("gene",  ...
R/s4_functions.R#L1457                 if (!is.null(p_col) && ! ...
R/s4_functions.R#L1460                   top_indices <- order(l ...
R/s4_functions.R#L1465                     message("[plot_expre ...
R/s4_functions.R#L1475         stop("[plot_expression] No gene  ...
R/s4_functions.R#L1494             res = lm_results_df, top_n = ...
R/s4_functions.R#L1495             use_tpm = use_tpm, width = w ...
R/s4_functions.R#L1496             cellwidth = cellwidth, cellh ...
R/s4_functions.R#L1581 #' analysis <- calculate_diversity(analy ...
R/s4_functions.R#L1583 #' analysis <- calculate_divergence(anal ...
R/s4_functions.R#L1594 plot_divergence_distribution <- function ...
R/s4_functions.R#L1610         stop("Effect sizes not found in  ...
R/s4_functions.R#L1618         stop("Invalid effect size struct ...
R/s4_functions.R#L1625         stop("interaction_results must b ...
R/s4_functions.R#L1646         save_analysis_output(p, output_f ...
R/s4_functions.R#L1647             func_name = "plot_divergence ...
R/s4_functions.R#L1733 #' analysis <- calculate_diversity(analy ...
R/s4_functions.R#L1762         message("Extracting jackknife sw ...
R/s4_functions.R#L1766     if (is.null(jackknife_results_list)  ...
R/s4_functions.R#L1767         stop("No jackknife results found ...
R/s4_functions.R#L1776             message("  [OK] Found multi- ...
R/s4_functions.R#L1782             message("  [OK] Using indivi ...
R/s4_functions.R#L1788         message("  Q-values: ", paste(na ...
R/s4_functions.R#L1811                 message("  LM results no ...
R/s4_functions.R#L1822         n_genes = n_genes, lm_results =  ...
R/s4_functions.R#L1870 #' @param verbose \code{logical}. If TRU ...
R/s4_functions.R#L1938     sig_alpha = 0.05, assay_name = "dive ...
R/s4_functions.R#L1951     if (is.null(analysis@lm_results) ||  ...
R/s4_functions.R#L1952         stop("[plot_lm_gam] No LM intera ...
R/s4_functions.R#L1974         condition_col <- auto_detect_col ...
R/s4_functions.R#L1975             c("condition", "sample_type" ...
R/s4_functions.R#L1982             "' not found in colData. Ava ...
R/s4_functions.R#L2038         .plot_lm_gam(se = diversity_comb ...
R/s4_functions.R#L2039             n_top = n_top, genes = genes ...
R/s4_functions.R#L2040             model_data = model_data, out ...
R/s4_functions.R#L2051         analysis@metadata$function_calls ...
R/s4_functions.R#L2057         save_analysis_output(result, out ...
R/s4_functions.R#L2112 #' This wrapper extracts diversity resul ...
R/s4_functions.R#L2143 #'   \item Sample grouping column requir ...
R/s4_functions.R#L2189 calculate_m_estimator <- function(analys ...
R/s4_functions.R#L2190     max_iter = 50, tol = 1e-06, paired = ...
R/s4_functions.R#L2191     influence_threshold = 0.75, scale_me ...
R/s4_functions.R#L2199     if (is.null(analysis@diversity_resul ...
R/s4_functions.R#L2206     if (!is.list(analysis@diversity_resu ...
R/s4_functions.R#L2207         stop("Diversity results must be  ...
R/s4_functions.R#L2215             if (is.null(condition_col) | ...
R/s4_functions.R#L2217                 stop("@config$condition_ ...
R/s4_functions.R#L2225             cd_cols <- colnames(Summariz ...
R/s4_functions.R#L2226             stop("Sample grouping column ...
R/s4_functions.R#L2227                 paste(cd_cols, collapse  ...
R/s4_functions.R#L2228                 "  Example: analysis@con ...
R/s4_functions.R#L2239         stop("'paired' must be a single  ...
R/s4_functions.R#L2252         stop("Column '", condition_col,  ...
R/s4_functions.R#L2253             paste(colnames(sample_info), ...
R/s4_functions.R#L2254             "  Example: calculate_m_esti ...
R/s4_functions.R#L2261         message(sprintf("Combining %d q- ...
R/s4_functions.R#L2271         combined_assay <- cbind(combined ...
R/s4_functions.R#L2281     combined_colData <- do.call(rbind, r ...
R/s4_functions.R#L2285     combined_se <- SummarizedExperiment: ...
R/s4_functions.R#L2294         result <- .calculate_m_estimator ...
R/s4_functions.R#L2295             scale = scale, max_iter = ma ...
R/s4_functions.R#L2296             q_combine_method = q_combine ...
R/s4_functions.R#L2309             stop("'output_file' must be  ...
R/s4_functions.R#L2313         save_analysis_output(m_est_resul ...
R/s4_functions.R#L2318     analysis@metadata$function_calls <-  ...
R/s4_functions.R#L2322         message("M-estimation complete.  ...
R/s4_functions.R#L2431 #' 2. Filters using \code{.filter_se()}  ...
R/s4_functions.R#L2489 filter_analysis <- function(analysis, mi ...
R/s4_functions.R#L2490     stringency = "medium", pair_col = NU ...
R/s4_functions.R#L2491     assay_name = "counts", subset_n_gene ...
R/s4_functions.R#L2492     subset_samples = NULL, subset_select ...
R/s4_functions.R#L2503     se_filtered <- .filter_se(se = se, m ...
R/s4_functions.R#L2505         min_tx_per_gene = min_tx_per_gen ...
R/s4_functions.R#L2512     has_subset_params <- !is.null(subset ...
R/s4_functions.R#L2524         analysis <- .subset_analysis(ana ...
R/s4_functions.R#L2525             n_samples = subset_n_samples ...
R/s4_functions.R#L2526             select_by = subset_select_by ...
R/s4_functions.R#L2570 #' @param tpm REQUIRED matrix of transcr ...
R/s4_functions.R#L2571 #' Must be provided and will be stored i ...
R/s4_functions.R#L2572 #'   diverse filtering. Same dimensions  ...
R/s4_functions.R#L2577 #' @param effective_length REQUIRED nume ...
R/s4_functions.R#L2578 #'   (e.g., from SALMON EffectiveLength  ...
R/s4_functions.R#L2580 #'   If not provided to build_analysis() ...
R/s4_functions.R#L2584 #'   TSENATAnalysis object. Can also con ...
R/s4_functions.R#L2585 #'   used if the \code{metadata} argumen ...
R/s4_functions.R#L2586 #'   (fail-fast principle), create confi ...
R/s4_functions.R#L2587 #'   then pass to \code{build_analysis() ...
R/s4_functions.R#L2620 #'   \item{@divergence_results}{Empty li ...
R/s4_functions.R#L2629 #' Both \code{tpm} and \code{effective_l ...
R/s4_functions.R#L2639 #' Following Bioconductor best practices ...
R/s4_functions.R#L2654 #'   \item Call \code{.build_se()} to cr ...
R/s4_functions.R#L2655 #'   \item Wrap the result in \code{TSEN ...
R/s4_functions.R#L2658 #' The returned object is ready for dive ...
R/s4_functions.R#L2661 #' TSENATAnalysis object, call \code{.bu ...
R/s4_functions.R#L2758 build_analysis <- function(readcounts =  ...
R/s4_functions.R#L2759     metadata = NULL, tpm = NULL, effecti ...
R/s4_functions.R#L2774             message("[build_analysis] Fo ...
R/s4_functions.R#L2785             if (length(missing_in_metada ...
R/s4_functions.R#L2786                 error_msg <- "[build_ana ...
R/s4_functions.R#L2789                   error_msg <- paste0(er ...
R/s4_functions.R#L2790                     length(missing_in_me ...
R/s4_functions.R#L2795                   error_msg <- paste0(er ...
R/s4_functions.R#L2796                     length(missing_in_sa ...
R/s4_functions.R#L2800                 error_msg <- paste0(erro ...
R/s4_functions.R#L2801                   "\n  the row names of  ...
R/s4_functions.R#L2825         stop("[build_analysis] Either 'r ...
R/s4_functions.R#L2826             "  readcounts: matrix/data.f ...
R/s4_functions.R#L2841             stop("[build_analysis] Metad ...
R/s4_functions.R#L2845                 "      sample_col = 'sam ...
R/s4_functions.R#L2846                 "      condition_col = ' ...
R/s4_functions.R#L2849                 "    analysis <- build_a ...
R/s4_functions.R#L2856     sample_col_value <- if (!is.null(con ...
R/s4_functions.R#L2857     condition_col_value <- config$condit ...
R/s4_functions.R#L2860     se <- .build_se(readcounts = readcou ...
R/s4_functions.R#L2861         metadata = metadata, sample_col  ...
R/s4_functions.R#L2862         subject_col = subject_col_value, ...
R/se_manipulation_build.R#L156 .build_se <- function(readcounts, tx2gen ...
R/se_manipulation_build.R#L157     effective_length = NULL, metadata =  ...
R/se_manipulation_build.R#L170     mapping <- .map_transcripts_to_genes ...
R/se_manipulation_build.R#L195         se <- .map_metadata_se(se, metad ...
R/se_manipulation_build.R#L289             message(sprintf("[.extract_g ...
R/se_manipulation_build.R#L320             has_both <- grepl("ID=", tx_ ...
R/se_manipulation_build.R#L336                   tx_list[[length(tx_lis ...
R/se_manipulation_build.R#L337                     "", tx_ids[valid_tx] ...
R/se_manipulation_build.R#L355                 gene_ids_gene <- trimws( ...
R/se_manipulation_build.R#L363                   gene_list[[length(gene ...
R/se_manipulation_build.R#L364                     "", gene_ids_gene[va ...
R/se_manipulation_build.R#L365                     gene_attrs[valid_gen ...
R/se_manipulation_build.R#L392         message(sprintf("[.extract_gff3_ ...
R/se_manipulation_build.R#L418     end_pos <- gregexpr(";", substr(attr ...
R/se_manipulation_build.R#L446                 message("Detected GFF3 f ...
R/se_manipulation_build.R#L450             tx2gene_df <- utils::read.ta ...
R/se_manipulation_build.R#L455         stop("'tx2gene' must be a path ( ...
R/se_manipulation_build.R#L468         stop("'readcounts' must be a num ...
R/se_manipulation_build.R#L473         stop("'readcounts' must have tra ...
R/se_manipulation_build.R#L481 .map_transcripts_to_genes <- function(tx ...
R/se_manipulation_build.R#L490         message(length(unmapped_txs), "  ...
R/se_manipulation_build.R#L491         message("Unmapped transcripts: " ...
R/se_manipulation_build.R#L496             stop("Unmapped transcripts d ...
R/se_manipulation_build.R#L500                 message("Note: >90% of t ...
R/se_manipulation_build.R#L503                 message("Removing unmapp ...
R/se_manipulation_build.R#L510                     effective_length <-  ...
R/se_manipulation_build.R#L521     list(tx_ids = tx_ids, genes = genes, ...
R/se_manipulation_build.R#L534             stop(sprintf("'tpm' dimensio ...
R/se_manipulation_build.R#L535                 nrow(tpm), ncol(tpm), nr ...
R/se_manipulation_build.R#L549             stop(sprintf("'effective_len ...
R/se_manipulation_build.R#L558                 warning("Names in 'effec ...
R/se_manipulation_build.R#L577         SummarizedExperiment::rowData(se ...
R/se_manipulation_build.R#L580         SummarizedExperiment::rowData(se ...
R/se_manipulation_filter.R#L91     min_tpm = 1, tpm_assay_name = NULL,  ...
R/se_manipulation_filter.R#L98     params <- .resolve_filter_parameters ...
R/se_manipulation_filter.R#L99         tpm_assay_name, assay_name, min_ ...
R/se_manipulation_filter.R#L113         list(min_tpm = params$min_tpm, m ...
R/se_manipulation_filter.R#L114             min_isoform_abundance = para ...
R/se_manipulation_filter.R#L120         message(sprintf("Transcripts: be ...
R/se_manipulation_filter.R#L126         warning("Filtering removed all t ...
R/se_manipulation_filter.R#L131     new_se <- .finalize_filtered_se(se,  ...
R/se_manipulation_filter.R#L132         params$genes_vec, params$min_sam ...
R/se_manipulation_filter.R#L161         return(list(mat = as.matrix(assa ...
R/se_manipulation_filter.R#L168         return(list(mat = as.matrix(md$t ...
R/se_manipulation_filter.R#L176         return(list(mat = as.matrix(assa ...
R/se_manipulation_filter.R#L179         return(list(mat = as.matrix(assa ...
R/se_manipulation_filter.R#L198     if (!is.null(md$tx2gene) && is.data. ...
R/se_manipulation_filter.R#L225         if (!is.numeric(min_isoform_abun ...
R/se_manipulation_filter.R#L227             stop(".filter_se: 'min_isofo ...
R/se_manipulation_filter.R#L231             stop(".filter_se: 'min_isofo ...
R/se_manipulation_filter.R#L247         warning("No non-zero values in a ...
R/se_manipulation_filter.R#L265     min_tpm_estimated <- as.numeric(quan ...
R/se_manipulation_filter.R#L271         message(sprintf("Auto-estimated  ...
R/se_manipulation_filter.R#L280 .calculate_stringency_thresholds <- func ...
R/se_manipulation_filter.R#L300     list(min_samples = min_samples, min_ ...
R/se_manipulation_filter.R#L308     candidates <- c("pair", "pair_id", " ...
R/se_manipulation_filter.R#L319     stop("Could not auto-detect pair col ...
R/se_manipulation_filter.R#L326 .calc_stringency_params <- function(se,  ...
R/se_manipulation_filter.R#L348         message("[calc_stringency_params ...
R/se_manipulation_filter.R#L349             n_samples, pairs_str, " -> m ...
R/se_manipulation_filter.R#L356 .apply_tpm_filter <- function(assay_mat, ...
R/se_manipulation_filter.R#L359         warning(sprintf("min_samples (%d ...
R/se_manipulation_filter.R#L361         eff_min_samples <- as.integer(mi ...
R/se_manipulation_filter.R#L370         message(sprintf("TPM-based filte ...
R/se_manipulation_filter.R#L380 .filter_by_tx_per_gene <- function(tokee ...
R/se_manipulation_filter.R#L393         message(sprintf("Filtered by min ...
R/se_manipulation_filter.R#L403 .filter_by_isoform_abundance <- function ...
R/se_manipulation_filter.R#L405     if (is.null(min_isoform_abundance) | ...
R/se_manipulation_filter.R#L427             isoform_totals <- rowSums(as ...
R/se_manipulation_filter.R#L444         message(sprintf("Isoform-level f ...
R/se_manipulation_filter.R#L469         } else if (!is.null(md$effective ...
R/se_manipulation_filter.R#L484     if (!is.null(md$tx2gene) && is.data. ...
R/se_manipulation_filter.R#L500             } else if (is.numeric(md$eff ...
R/se_manipulation_filter.R#L515 .construct_filtered_se <- function(se, t ...
R/se_manipulation_filter.R#L523     new_se <- SummarizedExperiment::Summ ...
R/se_manipulation_filter.R#L524         rd else S4Vectors::DataFrame(),  ...
R/se_manipulation_filter.R#L534 .resolve_filter_parameters <- function(s ...
R/se_manipulation_filter.R#L535     tpm_assay_name, assay_name, min_tx_p ...
R/se_manipulation_filter.R#L538         if (!is.numeric(min_isoform_abun ...
R/se_manipulation_filter.R#L540             stop(".filter_se: 'min_isofo ...
R/se_manipulation_filter.R#L547     tpm_result <- .get_assay_filtering(s ...
R/se_manipulation_filter.R#L551         stop("TPM data is required for d ...
R/se_manipulation_filter.R#L552              "To resolve this, ensure TP ...
R/se_manipulation_filter.R#L557              "    tpm = tpm,             ...
R/se_manipulation_filter.R#L575             stop("'stringency' must be o ...
R/se_manipulation_filter.R#L584             pair_col <- pair_candidates[ ...
R/se_manipulation_filter.R#L589                   pair_col <- pair_candi ...
R/se_manipulation_filter.R#L600                     message("No pair col ...
R/se_manipulation_filter.R#L613             stop(sprintf("Pair column '% ...
R/se_manipulation_filter.R#L620         n_pairs <- if (!is.null(pair_col ...
R/se_manipulation_filter.R#L621         stringency_result <- .calculate_ ...
R/se_manipulation_filter.R#L636             message(sprintf("[resolve_fi ...
R/se_manipulation_filter.R#L641     list(min_samples = min_samples, min_ ...
R/se_manipulation_filter.R#L642         min_isoform_abundance = min_isof ...
R/se_manipulation_filter.R#L650 .apply_combined_filters <- function(assa ...
R/se_manipulation_filter.R#L660     tokeep <- .apply_tpm_filter(assay_ma ...
R/se_manipulation_filter.R#L665         tokeep <- .filter_by_tx_per_gene ...
R/se_manipulation_filter.R#L668         tokeep <- .filter_by_isoform_abu ...
R/se_manipulation_filter.R#L680         message(sprintf("TPM-based filte ...
R/se_manipulation_filter.R#L682         if (!is.null(genes_vec) && lengt ...
R/se_manipulation_filter.R#L685                 message(sprintf("Filtere ...
R/se_manipulation_filter.R#L689         if (!is.null(genes_vec) && lengt ...
R/se_manipulation_filter.R#L693                 message(sprintf("Isoform ...
R/se_manipulation_filter.R#L706 .finalize_filtered_se <- function(se, to ...
R/se_manipulation_filter.R#L724     md$filtered <- list(min_samples = mi ...
R/se_manipulation_filter.R#L851 .select_genes_from_analysis <- function( ...
R/se_manipulation_filter.R#L858             message("[subset_analysis] U ...
R/se_manipulation_filter.R#L875             warning("n_genes (", n_genes ...
R/se_manipulation_filter.R#L887                 message("[subset_analysi ...
R/se_manipulation_filter.R#L894                 message("[subset_analysi ...
R/se_manipulation_filter.R#L901                 message("[subset_analysi ...
R/se_manipulation_filter.R#L933                 complete_pairs <- rownam ...
R/se_manipulation_filter.R#L937                   return(list(is_paired  ...
R/se_manipulation_filter.R#L948 .select_pairs_balanced <- function(colda ...
R/se_manipulation_filter.R#L954     complete_pairs <- rownames(pair_cond ...
R/se_manipulation_filter.R#L959             message("[subset_analysis] N ...
R/se_manipulation_filter.R#L968             message("[subset_analysis] R ...
R/se_manipulation_filter.R#L977             message("[subset_analysis] N ...
R/se_manipulation_filter.R#L978                 ") for requested samples ...
R/se_manipulation_filter.R#L992         message("[subset_analysis] Selec ...
R/se_manipulation_filter.R#L1002 .balance_sample_selection <- function(co ...
R/se_manipulation_filter.R#L1006         warning("n_samples (", n_samples ...
R/se_manipulation_filter.R#L1016             message("[subset_analysis] D ...
R/se_manipulation_filter.R#L1017                 " complete pairs in '",  ...
R/se_manipulation_filter.R#L1020         pair_samples <- .select_pairs_ba ...
R/se_manipulation_filter.R#L1029             message("[subset_analysis] P ...
R/se_manipulation_filter.R#L1042             selected <- sample(cond_idx, ...
R/se_manipulation_filter.R#L1055             selected <- sample(type_idx, ...
R/se_manipulation_filter.R#L1069 .select_samples_from_analysis <- functio ...
R/se_manipulation_filter.R#L1076             message("[subset_analysis] U ...
R/se_manipulation_filter.R#L1094         sample_idx <- .balance_sample_se ...
R/se_manipulation_filter.R#L1098                 length(unique(coldata$co ...
R/se_manipulation_filter.R#L1102                 message("[subset_analysi ...
R/se_manipulation_filter.R#L1105                 message("[subset_analysi ...
R/se_manipulation_filter.R#L1113             message("[subset_analysis] K ...
R/se_manipulation_filter.R#L1130         tx2gene_subset <- tx2gene_full[t ...
R/se_manipulation_filter.R#L1135             message("[subset_analysis] F ...
R/se_manipulation_filter.R#L1147             message("[subset_analysis] F ...
R/se_manipulation_filter.R#L1159             message("[subset_analysis] F ...
R/se_manipulation_filter.R#L1172             eff_len_subset <- eff_len_fu ...
R/se_manipulation_filter.R#L1174                 S4Vectors::metadata(anal ...
R/se_manipulation_filter.R#L1186 .subset_analysis <- function(analysis, n ...
R/se_manipulation_filter.R#L1187     samples = NULL, select_by = c("varia ...
R/se_manipulation_filter.R#L1201     gene_idx <- .select_genes_from_analy ...
R/se_manipulation_filter.R#L1204     sample_idx <- .select_samples_from_a ...
R/se_manipulation_filter.R#L1207     # ================================== ...
R/se_manipulation_filter.R#L1209     # ================================== ...
R/se_manipulation_filter.R#L1227             warning("Filtered out ", n_r ...
R/se_manipulation_filter.R#L1230                 message("[subset_analysi ...
R/se_manipulation_filter.R#L1231                   format(min(total_count ...
R/se_manipulation_filter.R#L1233                 message("[subset_analysi ...
R/se_manipulation_filter.R#L1237             message("[subset_analysis] A ...
R/se_manipulation_filter.R#L1244             stop("No genes meet the mini ...
R/se_manipulation_filter.R#L1245                 "). Consider lowering mi ...
R/se_manipulation_filter.R#L1250     # ================================== ...
R/se_manipulation_filter.R#L1252     # ================================== ...
R/se_manipulation_filter.R#L1257     analysis_subset <- .sync_subset_meta ...
R/se_manipulation_map.R#L14 .create_sample_type_map <- function(cold ...
R/se_manipulation_map.R#L15     setNames(as.character(coldata[[condi ...
R/se_manipulation_map.R#L20     setNames(as.character(coldata[[col_i ...
R/se_manipulation_map.R#L61 .map_metadata_se <- function(ts_se, cold ...
R/se_manipulation_map.R#L69         stop("[.map_metadata_se] metadat ...
R/se_manipulation_map.R#L75         stop("[.map_metadata_se] conditi ...
R/se_manipulation_map.R#L77             "  Available columns: ", pas ...
R/se_manipulation_map.R#L81     col_indices <- .map_metadata_detect_ ...
R/se_manipulation_map.R#L90     cond_info <- .map_metadata_detect_co ...
R/se_manipulation_map.R#L106     st_map <- .create_sample_type_map(co ...
R/se_manipulation_map.R#L109     sample_base_names <- .strip_q_suffix ...
R/se_manipulation_map.R#L114         msg <- paste0("map_metadata: unm ...
R/se_manipulation_map.R#L115             collapse = ", "), ". Provide ...
R/se_manipulation_map.R#L124     ts_se <- .map_metadata_set_coldata_f ...
R/se_manipulation_map.R#L160     if (!is.null(se) && !is.null(conditi ...
R/se_manipulation_map.R#L161         st_vec <- as.character(Summarize ...
R/se_manipulation_map.R#L172         stop(sprintf("Missing sample_typ ...
R/se_manipulation_map.R#L180 .get_assay_long <- function(se, assay_na ...
R/se_manipulation_map.R#L192     df <- data.frame(Gene = genes_col, d ...
R/se_manipulation_map.R#L194     long <- tidyr::pivot_longer(df, -Gen ...
R/se_manipulation_map.R#L199     if (!is.null(condition_col) && (cond ...
R/se_manipulation_map.R#L208             stop(sprintf("Missing sample ...
R/se_manipulation_map.R#L230 .prepare_tsallis_long <- function(se, as ...
R/se_manipulation_map.R#L249     long <- tidyr::pivot_longer(df, cols ...
R/se_manipulation_map.R#L260     parsed <- regmatches(sample_q_col, r ...
R/se_manipulation_map.R#L283     if (!is.null(condition_col) && lengt ...
R/se_manipulation_map.R#L293         st_map <- setNames(rep(NA_charac ...
R/se_manipulation_map.R#L296         if (!is.null(col_rownames) && le ...
R/se_manipulation_map.R#L306             first_occurrences <- match(c ...
R/se_manipulation_map.R#L308             st_map <- setNames(col_st[fi ...
R/se_manipulation_map.R#L312             st_map <- setNames(col_st[se ...
R/se_manipulation_map.R#L320             valid_matches_mat <- !is.na( ...
R/se_manipulation_map.R#L330             stop(sprintf("Missing sample ...
R/se_manipulation_map.R#L341         stop(sprintf("No tsallis values  ...
R/se_manipulation_map.R#L367 .map_tx_to_readcounts <- function(readco ...
R/se_manipulation_map.R#L372         txmap <- utils::read.delim(tx2ge ...
R/se_manipulation_map.R#L380         stop(sprintf("tx2gene mapping mu ...
R/se_manipulation_map.R#L397             message(sprintf("Assigned %d ...
R/se_manipulation_map.R#L404     if (!is.null(rownames(readcounts)) & ...
R/se_manipulation_map.R#L409             message("Matched and assigne ...
R/se_manipulation_map.R#L414     stop(sprintf("Number of transcripts  ...
R/se_manipulation_map.R#L436     # Both sample_col and condition_col  ...
R/se_manipulation_map.R#L440         stop("[.map_metadata_detect_colu ...
R/se_manipulation_map.R#L442              "\n  Ensure sample_col para ...
R/se_manipulation_map.R#L449         stop("[.map_metadata_detect_colu ...
R/se_manipulation_map.R#L451              "\n  Ensure condition_col p ...
R/se_manipulation_map.R#L471 .map_metadata_detect_conditions <- funct ...
R/se_manipulation_map.R#L481         warning("[.map_metadata_detect_c ...
R/se_manipulation_map.R#L482             "  Consider using multiple c ...
R/se_manipulation_map.R#L490             stop("[.map_metadata_detect_ ...
R/se_manipulation_map.R#L492                 "  Available columns: ", ...
R/se_manipulation_map.R#L493                 "\n  Ensure subject_col  ...
R/se_manipulation_map.R#L510                 msg <- paste0("[.map_met ...
R/se_manipulation_map.R#L538     sample_base_names <- .strip_q_suffix ...
R/se_manipulation_map.R#L631         col_data_final[[paired_col_name] ...
R/se_manipulation_map.R#L637         batch_map <- setNames(as.charact ...
R/se_manipulation_map.R#L663             samples_vec <- as.character( ...
R/TSENATAnalysis_methods.R#L7     # Large result tables, sample stats, ...
R/TSENATAnalysis_methods.R#L61 setMethod("addPlot", "TSENATAnalysis", f ...
R/TSENATAnalysis_methods.R#L63         warning("Plot type '", type, "'  ...
R/TSENATAnalysis_methods.R#L106     assay_names <- paste(SummarizedExper ...
R/TSENATAnalysis_methods.R#L141         stop("Configuration must be a li ...
R/TSENATAnalysis_methods.R#L181 #' @description Access or set the metada ...
R/TSENATAnalysis_methods.R#L191 #'   \item{\code{metadata}}{Returns the  ...
R/TSENATAnalysis_methods.R#L232 #' @param i Gene indices (numeric, logic ...
R/TSENATAnalysis_methods.R#L233 #' @param j Sample indices (numeric, log ...
R/TSENATAnalysis_methods.R#L234 #' @param drop Ignored for TSENATAnalysi ...
R/TSENATAnalysis_methods.R#L237 #' @return A new \code{\linkS4class{TSEN ...
R/TSENATAnalysis_methods.R#L287     new_obj <- new("TSENATAnalysis", se  ...
R/TSENATAnalysis_methods.R#L288         lm_results = list(), jackknife_r ...
R/TSENATAnalysis_methods.R#L293         new_obj@diversity_results <- lap ...
R/TSENATAnalysis_methods.R#L318         new_obj@jackknife_results <- lap ...
R/TSENATAnalysis_methods.R#L324                 if (!is.null(jk_res$infl ...
R/TSENATAnalysis_methods.R#L325                   jk_res$influence_score ...
R/TSENATAnalysis_methods.R#L341         new_obj@divergence_results <- la ...
R/validate_data_compatibility.R#L77         return(list(is_aligned = FALSE,  ...
R/validate_data_compatibility.R#L81         return(list(is_aligned = FALSE,  ...
R/validate_data_compatibility.R#L98         mismatch_details <- c(paste0("Ge ...
R/validate_data_compatibility.R#L99             results_name), paste0("  ",  ...
R/validate_data_compatibility.R#L100             results_name, ": ", n_result ...
R/validate_data_compatibility.R#L101             " genes"), paste0("  Only in ...
R/validate_data_compatibility.R#L102             paste0("  Only in ", results ...
R/validate_data_compatibility.R#L105             mismatch_details <- c(mismat ...
R/validate_data_compatibility.R#L110             mismatch_details <- c(mismat ...
R/validate_data_compatibility.R#L118             message("  ", n_se, " genes  ...
R/validate_data_compatibility.R#L122             message("\nSOLUTION: Ensure  ...
R/validate_data_compatibility.R#L126     return(list(is_aligned = is_aligned, ...
R/validate_data_compatibility.R#L127         n_matched = n_matched, n_se_only ...
R/validate_data_compatibility.R#L157 .validate_se_dimensions <- function(se,  ...
R/validate_data_compatibility.R#L172             issues <- c(issues, paste0(" ...
R/validate_data_compatibility.R#L182                 collapse = ", "), ". Ava ...
R/validate_data_compatibility.R#L189         issues <- c(issues, paste0("colD ...
R/validate_data_compatibility.R#L196         issues <- c(issues, paste0("rowD ...
R/validate_data_compatibility.R#L215     return(list(is_valid = is_valid, n_s ...
R/validate_data_compatibility.R#L247 .validate_lm_results <- function(lm_resu ...
R/validate_data_compatibility.R#L259                 issues <- c(issues, "LM  ...
R/validate_data_compatibility.R#L260                 return(list(is_valid = F ...
R/validate_data_compatibility.R#L265             return(list(is_valid = FALSE ...
R/validate_data_compatibility.R#L280                 issues <- c(issues, past ...
R/validate_data_compatibility.R#L287     pval_columns <- c("p_value", "p_inte ...
R/validate_data_compatibility.R#L292         issues <- c(issues, paste0("Miss ...
R/validate_data_compatibility.R#L293             paste(pval_columns, collapse ...
R/validate_data_compatibility.R#L306         if ("gene" %in% cols_present ||  ...
R/validate_data_compatibility.R#L308             gene_col <- intersect(c("gen ...
R/validate_data_compatibility.R#L332         invalid_pvals <- sum(lm_results[ ...
R/validate_data_compatibility.R#L357     return(list(is_valid = is_valid, n_r ...
R/validate_data_compatibility.R#L388 .validate_plot_data <- function(se, lm_r ...
R/validate_data_compatibility.R#L407             gene_check <- .validate_gene ...
R/westfall_young_permutation.R#L3 #' Implements adaptive false discovery r ...
R/westfall_young_permutation.R#L6 #' when a substantial proportion of null ...
R/westfall_young_permutation.R#L40 #' The proportion of true null hypothese ...
R/westfall_young_permutation.R#L47 #' This is more adaptive than assuming \ ...
R/westfall_young_permutation.R#L100 .estimate_storey_pi0 <- function(pvalues ...
R/westfall_young_permutation.R#L125         return(list(pi0 = pi0, lambda =  ...
R/westfall_young_permutation.R#L161         return(list(pi0 = pi0, lambda =  ...
R/westfall_young_permutation.R#L191         return(list(pi0 = pi0, lambda =  ...
R/westfall_young_permutation.R#L268 .compute_storey_qvalues <- function(pval ...
R/westfall_young_permutation.R#L332 # ══════════════════════════════════════ ...
R/westfall_young_permutation.R#L334 # ══════════════════════════════════════ ...
R/westfall_young_permutation.R#L354 .westfall_young_permutation <- function( ...
R/westfall_young_permutation.R#L381             message(sprintf("[WY Permuta ...
R/westfall_young_permutation.R#L392             if (verbose && perm_idx%%max ...
R/westfall_young_permutation.R#L393                 message(sprintf("[WY Per ...
R/westfall_young_permutation.R#L403             FUN = compute_permutation, m ...
R/westfall_young_permutation.R#L414             message("[WY Permutation] nt ...
R/westfall_young_permutation.R#L442                 message(sprintf("[WY Per ...
R/westfall_young_permutation.R#L455     result <- list(perm_minima = perm_mi ...
R/westfall_young_permutation.R#L456         message = if (verbose) sprintf(" ...
R/westfall_young_permutation.R#L462 # ══════════════════════════════════════ ...
R/westfall_young_permutation.R#L464 # ══════════════════════════════════════ ...
R/westfall_young_permutation.R#L469 .westfall_young_permutation_rank <- func ...
R/westfall_young_permutation.R#L497             message(sprintf("[WY Permuta ...
R/westfall_young_permutation.R#L512                 perm_stats <- -log(perm_ ...
R/westfall_young_permutation.R#L514                 stop("refit_fn must retu ...
R/westfall_young_permutation.R#L518             if (verbose && perm_idx%%max ...
R/westfall_young_permutation.R#L519                 message(sprintf("[WY Per ...
R/westfall_young_permutation.R#L528         perm_stats_list <- parallel::mcl ...
R/westfall_young_permutation.R#L529             mc.cores = min(nthreads, par ...
R/westfall_young_permutation.R#L538             message("[WY Permutation (Ra ...
R/westfall_young_permutation.R#L554                 stop("refit_fn must retu ...
R/westfall_young_permutation.R#L559             if (verbose && perm_idx%%max ...
R/westfall_young_permutation.R#L560                 message(sprintf("[WY Per ...
R/westfall_young_permutation.R#L574     result <- list(perm_stats_matrix = p ...
R/westfall_young_permutation.R#L576             sprintf(paste("Westfall-Youn ...
R/zzz.R#L15     registerS3method("print", "tsenat_bo ...
R/zzz.R#L16     registerS3method("print", "tsenat_di ...
R/zzz.R#L18     registerS3method("print", "tsenat_ja ...
R/zzz.R#L22     registerS3method("summary", "tsenat_ ...
R/zzz.R#L23     registerS3method("summary", "tsenat_ ...
R/zzz.R#L35                   withCallingHandlers(.g ...
vignettes/TSENAT_appendix_A.Rmd#L37 This appendix validates that **TSENAT's  ...
vignettes/TSENAT_appendix_A.Rmd#L43 **Who needs this appendix?** Anyone eval ...
vignettes/TSENAT_appendix_A.Rmd#L49 - Background: Conceptual overview of tra ...
vignettes/TSENAT_appendix_A.Rmd#L52 - Analysis: Technical explanation of equ ...
vignettes/TSENAT_appendix_A.Rmd#L60 **Transcript diversity** measures how va ...
vignettes/TSENAT_appendix_A.Rmd#L65 TSENAT's approach: Generalized Tsallis e ...
vignettes/TSENAT_appendix_A.Rmd#L67 **Key question**: Does TSENAT's mathemat ...
vignettes/TSENAT_appendix_A.Rmd#L134 To calculate transcript diversity measur ...
vignettes/TSENAT_appendix_A.Rmd#L144 # SplicingFactory: Calculate diversity f ...
vignettes/TSENAT_appendix_A.Rmd#L156   # (sample_type matches SplicingFactory ...
vignettes/TSENAT_appendix_A.Rmd#L167 tsenat_results <- setNames(vector("list" ...
vignettes/TSENAT_appendix_A.Rmd#L170   # Create analysis object (following Bi ...
vignettes/TSENAT_appendix_A.Rmd#L183 # Extract for downstream use (aliases ma ...
vignettes/TSENAT_appendix_A.Rmd#L190 Both packages return a `SummarizedExperi ...
vignettes/TSENAT_appendix_A.Rmd#L229 tsenat_q1_diversity <- TSENAT::results(t ...
vignettes/TSENAT_appendix_A.Rmd#L245 tsenat_q2_diversity <- TSENAT::results(t ...
vignettes/TSENAT_appendix_A.Rmd#L255 Compare diversity analysis results betwe ...
vignettes/TSENAT_appendix_A.Rmd#L256 tests. We examine Shannon entropy (Splic ...
vignettes/TSENAT_appendix_A.Rmd#L257 and Simpson index (SplicingFactory) vers ...
vignettes/TSENAT_appendix_A.Rmd#L278 knitr::kable(shannon_summary, caption =  ...
vignettes/TSENAT_appendix_A.Rmd#L279 kableExtra::kable_styling(bootstrap_opti ...
vignettes/TSENAT_appendix_A.Rmd#L282 **Interpretation**: Both methods similar ...
vignettes/TSENAT_appendix_A.Rmd#L287   entropy_significance %>% select(genes, ...
vignettes/TSENAT_appendix_A.Rmd#L288                                   log2_f ...
vignettes/TSENAT_appendix_A.Rmd#L292   select_cols = c("genes", "Normal_mean" ...
vignettes/TSENAT_appendix_A.Rmd#L293   col_names = c("Gene", "Normal Mean", " ...
vignettes/TSENAT_appendix_A.Rmd#L295 knitr::kable(shannon_sf_top, row.names = ...
vignettes/TSENAT_appendix_A.Rmd#L296 kableExtra::kable_styling(bootstrap_opti ...
vignettes/TSENAT_appendix_A.Rmd#L302   tsenat_shannon_diff %>% select(gene_id ...
vignettes/TSENAT_appendix_A.Rmd#L307   select_cols = c("gene_id", "Normal_mea ...
vignettes/TSENAT_appendix_A.Rmd#L308   col_names = c("Gene", "Normal Mean", " ...
vignettes/TSENAT_appendix_A.Rmd#L310 knitr::kable(shannon_tsenat_top, row.nam ...
vignettes/TSENAT_appendix_A.Rmd#L311 kableExtra::kable_styling(bootstrap_opti ...
vignettes/TSENAT_appendix_A.Rmd#L314 ```{r extended-fig-2-shannon-validation, ...
vignettes/TSENAT_appendix_A.Rmd#L354     cowplot::draw_label("Volcano and MA  ...
vignettes/TSENAT_appendix_A.Rmd#L357     cowplot::plot_grid(shannon_sf_title, ...
vignettes/TSENAT_appendix_A.Rmd#L358     cowplot::plot_grid(shannon_tsenat_ti ...
vignettes/TSENAT_appendix_A.Rmd#L380 knitr::kable(simpson_summary, caption =  ...
vignettes/TSENAT_appendix_A.Rmd#L387 **Interpretation**: Simpson index result ...
vignettes/TSENAT_appendix_A.Rmd#L392   simpson_significance %>% select(genes, ...
vignettes/TSENAT_appendix_A.Rmd#L393                                   log2_f ...
vignettes/TSENAT_appendix_A.Rmd#L397   select_cols = c("genes", "Normal_mean" ...
vignettes/TSENAT_appendix_A.Rmd#L398   col_names = c("Gene", "Normal Mean", " ...
vignettes/TSENAT_appendix_A.Rmd#L400 knitr::kable(simpson_sf_top, row.names = ...
vignettes/TSENAT_appendix_A.Rmd#L410   tsenat_simpson_diff %>% select(gene_id ...
vignettes/TSENAT_appendix_A.Rmd#L415   select_cols = c("gene_id", "Normal_mea ...
vignettes/TSENAT_appendix_A.Rmd#L416   col_names = c("Gene", "Normal Mean", " ...
vignettes/TSENAT_appendix_A.Rmd#L418 knitr::kable(simpson_tsenat_top, row.nam ...
vignettes/TSENAT_appendix_A.Rmd#L426 ```{r extended-fig-3-simpson-validation, ...
vignettes/TSENAT_appendix_A.Rmd#L464     cowplot::draw_label("Volcano and MA  ...
vignettes/TSENAT_appendix_A.Rmd#L467     cowplot::plot_grid(simpson_sf_title, ...
vignettes/TSENAT_appendix_A.Rmd#L468     cowplot::plot_grid(simpson_tsenat_ti ...
vignettes/TSENAT_appendix_A.Rmd#L488 Howerver, SplicingFactory returns raw va ...
vignettes/TSENAT_appendix_A.Rmd#L496 This explains observed differences like  ...
vignettes/TSENAT_appendix_A.Rmd#L498 1. log2 fold changes: Normalization fact ...
vignettes/TSENAT_appendix_A.Rmd#L500 2. P-values and rankings: Wilcoxon rank- ...
vignettes/TSENAT_appendix_A.Rmd#L502 3. Statistical validity: Both approaches ...
vignettes/TSENAT_appendix_A.Rmd#L508 The 1-gene difference between SplicingFa ...
vignettes/TSENAT_appendix_A.Rmd#L527 The problematic line uses `sum(x$cond_1, ...
vignettes/TSENAT_appendix_A.Rmd#L536     keep_mask <- (df$cond_1 >= 3 & df$co ...
vignettes/TSENAT_appendix_A.Rmd#L538     #                                    ...
vignettes/TSENAT_appendix_A.Rmd#L542 TSENAT uses `(df$cond_1 + df$cond_2)`, w ...
vignettes/TSENAT_appendix_A.Rmd#L544 The consequence is that TSENAT's filter  ...
vignettes/TSENAT_appendix_A.Rmd#L550 This appendix has demonstrated that TSEN ...
vignettes/TSENAT_appendix_B.Rmd#L2 title: "Appendix B: Non-Parametric Valid ...
vignettes/TSENAT_appendix_B.Rmd#L39 # Overview: Non-Parametric Validation of ...
vignettes/TSENAT_appendix_B.Rmd#L43 Primary Goal: Validate that discoveries  ...
vignettes/TSENAT_appendix_B.Rmd#L45 TSENAT's default approach employs **line ...
vignettes/TSENAT_appendix_B.Rmd#L47 - Homogeneous variance across entropic i ...
vignettes/TSENAT_appendix_B.Rmd#L48 - Additive effects of group and entropic ...
vignettes/TSENAT_appendix_B.Rmd#L52 1. Make minimal distributional assumptio ...
vignettes/TSENAT_appendix_B.Rmd#L53 2. Explicitly handle the ordered structu ...
vignettes/TSENAT_appendix_B.Rmd#L54 3. Adapt to real-world heteroscedasticit ...
vignettes/TSENAT_appendix_B.Rmd#L55 4. Provide independent validation, allow ...
vignettes/TSENAT_appendix_B.Rmd#L59 **Method 1**: Generalized Additive Model ...
vignettes/TSENAT_appendix_B.Rmd#L61 - Distributional assumption: None requir ...
vignettes/TSENAT_appendix_B.Rmd#L62 - Treatment of entropic structure: Treat ...
vignettes/TSENAT_appendix_B.Rmd#L63 - Heteroscedasticity handling: Automatic ...
vignettes/TSENAT_appendix_B.Rmd#L64 - Key advantage: Captures smooth nonline ...
vignettes/TSENAT_appendix_B.Rmd#L66 **Method 2**: Rank-Based Tests (Scheirer ...
vignettes/TSENAT_appendix_B.Rmd#L68 - Distributional assumption: None; opera ...
vignettes/TSENAT_appendix_B.Rmd#L69 - Treatment of q-ordering: Scheirer-Ray- ...
vignettes/TSENAT_appendix_B.Rmd#L70 - Heteroscedasticity handling: Rank tran ...
vignettes/TSENAT_appendix_B.Rmd#L71 - Key advantage: Maximally robust to out ...
vignettes/TSENAT_appendix_B.Rmd#L76 Statistical testing in transcriptomics f ...
vignettes/TSENAT_appendix_B.Rmd#L82 | Robustness | Moderate; sensitive to ou ...
vignettes/TSENAT_appendix_B.Rmd#L83 | Interpretation | Parametric effect siz ...
vignettes/TSENAT_appendix_B.Rmd#L84 | Outlier influence | High potential for ...
vignettes/TSENAT_appendix_B.Rmd#L86 Validation strategy: High concordance be ...
vignettes/TSENAT_appendix_B.Rmd#L92 This section initializes the analysis en ...
vignettes/TSENAT_appendix_B.Rmd#L129 # Build analysis object: creates Summari ...
vignettes/TSENAT_appendix_B.Rmd#L149 Pseudocounts are critical for statistica ...
vignettes/TSENAT_appendix_B.Rmd#L151 1. **Ties in rankings:** Sparse counts p ...
vignettes/TSENAT_appendix_B.Rmd#L153 2. **Library size artifacts:** Small cou ...
vignettes/TSENAT_appendix_B.Rmd#L155 By adding small pseudocounts proportiona ...
vignettes/TSENAT_appendix_B.Rmd#L157 - **Regularization** breaks ties and pre ...
vignettes/TSENAT_appendix_B.Rmd#L158 - **Normalization** makes entropy estima ...
vignettes/TSENAT_appendix_B.Rmd#L160 The `calculate_diversity()` function imp ...
vignettes/TSENAT_appendix_B.Rmd#L173 The Scheirer-Ray-Hare test provides a no ...
vignettes/TSENAT_appendix_B.Rmd#L177 Before applying rank-based methods, we v ...
vignettes/TSENAT_appendix_B.Rmd#L207     sprintf("%.4f to %.4f", summary_stat ...
vignettes/TSENAT_appendix_B.Rmd#L215              caption = "Supplementary Ta ...
vignettes/TSENAT_appendix_B.Rmd#L225   kableExtra::footnote(general = "Data f ...
vignettes/TSENAT_appendix_B.Rmd#L235   Characteristic = c("Paired Structure", ...
vignettes/TSENAT_appendix_B.Rmd#L245              caption = "Supplementary Ta ...
vignettes/TSENAT_appendix_B.Rmd#L254   kableExtra::footnote(general = "All me ...
vignettes/TSENAT_appendix_B.Rmd#L259 Now we will use the Scheirer-Ray-Hare te ...
vignettes/TSENAT_appendix_B.Rmd#L272 srh_results <- results(analysis, type =  ...
vignettes/TSENAT_appendix_B.Rmd#L297     if (is.na(mean_effect) || !is.finite ...
vignettes/TSENAT_appendix_B.Rmd#L298     if (is.na(median_effect) || !is.fini ...
vignettes/TSENAT_appendix_B.Rmd#L299     sum(srh_results_all$p_value < 0.05 & ...
vignettes/TSENAT_appendix_B.Rmd#L303 knitr::kable(rank_summary_stats, caption ...
vignettes/TSENAT_appendix_B.Rmd#L308   kableExtra::footnote(general = "Scheir ...
vignettes/TSENAT_appendix_B.Rmd#L316   # Select columns: gene, p-values, f-st ...
vignettes/TSENAT_appendix_B.Rmd#L317   cols_to_show <- intersect(c("gene", "p ...
vignettes/TSENAT_appendix_B.Rmd#L326         if (is.na(x)) "NA" else if (x <  ...
vignettes/TSENAT_appendix_B.Rmd#L332         if (is.na(x)) "NA" else if (x <  ...
vignettes/TSENAT_appendix_B.Rmd#L339         if (is.na(x)) "NA" else if (x == ...
vignettes/TSENAT_appendix_B.Rmd#L351       rank_display$effect_size_eta2 <- s ...
vignettes/TSENAT_appendix_B.Rmd#L357                  caption = "Supplementar ...
vignettes/TSENAT_appendix_B.Rmd#L358                  col.names = c("Gene", " ...
vignettes/TSENAT_appendix_B.Rmd#L359                                "Effect S ...
vignettes/TSENAT_appendix_B.Rmd#L367     kableExtra::footnote(general = "Effe ...
vignettes/TSENAT_appendix_B.Rmd#L374 ```{r extended-fig-1-srh-q-curves, fig.w ...
vignettes/TSENAT_appendix_B.Rmd#L376 top_genes_plot <- plot_diversity_spectru ...
vignettes/TSENAT_appendix_B.Rmd#L384 This section loads precomputed GAM resul ...
vignettes/TSENAT_appendix_B.Rmd#L417     sum(gam_results$p_interaction < 0.05 ...
vignettes/TSENAT_appendix_B.Rmd#L419     if (is.na(mean_effect) || !is.finite ...
vignettes/TSENAT_appendix_B.Rmd#L420     if (is.na(median_effect) || !is.fini ...
vignettes/TSENAT_appendix_B.Rmd#L421     sum(gam_results$p_interaction < 0.05 ...
vignettes/TSENAT_appendix_B.Rmd#L426 knitr::kable(summary_stats, caption = "G ...
vignettes/TSENAT_appendix_B.Rmd#L431   kableExtra::footnote(general = "Aggreg ...
vignettes/TSENAT_appendix_B.Rmd#L441     # Select columns for display: gene,  ...
vignettes/TSENAT_appendix_B.Rmd#L442     cols_to_show <- intersect(c("gene",  ...
vignettes/TSENAT_appendix_B.Rmd#L454         gam_display$p_interaction <- sap ...
vignettes/TSENAT_appendix_B.Rmd#L455           if (is.na(x)) "NA" else if (x  ...
vignettes/TSENAT_appendix_B.Rmd#L460         gam_display$adj_p_interaction <- ...
vignettes/TSENAT_appendix_B.Rmd#L461           if (is.na(x)) "NA" else if (x  ...
vignettes/TSENAT_appendix_B.Rmd#L474         gam_display$test_statistic <- sa ...
vignettes/TSENAT_appendix_B.Rmd#L487       colnames(gam_display) <- c("Gene", ...
vignettes/TSENAT_appendix_B.Rmd#L490                    caption = "Top 10 Gen ...
vignettes/TSENAT_appendix_B.Rmd#L499       kableExtra::footnote(general = "To ...
vignettes/TSENAT_appendix_B.Rmd#L512 A critical validation step is to compare ...
vignettes/TSENAT_appendix_B.Rmd#L565              caption = "Global Concordan ...
vignettes/TSENAT_appendix_B.Rmd#L574   kableExtra::footnote(general = "Compar ...
vignettes/TSENAT_appendix_B.Rmd#L583     Percentage = sprintf("%.1f%%", 100 * ...
vignettes/TSENAT_appendix_B.Rmd#L587   colnames(agreement_breakdown) <- c("Ag ...
vignettes/TSENAT_appendix_B.Rmd#L599   kableExtra::footnote(general = "Catego ...
vignettes/TSENAT_appendix_B.Rmd#L611   hc_display <- high_conf_sorted[1:min(1 ...
vignettes/TSENAT_appendix_B.Rmd#L618   colnames(hc_display) <- c("Gene", "LM  ...
vignettes/TSENAT_appendix_B.Rmd#L625                caption = sprintf("Robust ...
vignettes/TSENAT_appendix_B.Rmd#L631   kableExtra::footnote(general = "High-c ...
vignettes/TSENAT_appendix_B.Rmd#L633   cat("No high-confidence genes detected ...
vignettes/TSENAT_appendix_B.Rmd#L639 The striking discordance between GAM and ...
vignettes/TSENAT_appendix_B.Rmd#L643 1. Distributional assumptions: GAM assum ...
vignettes/TSENAT_appendix_B.Rmd#L645 2. Model flexibility with penalty: GAM u ...
vignettes/TSENAT_appendix_B.Rmd#L647 This complementary approach—combining hi ...
vignettes/TSENAT_appendix_B.Rmd#L651 Visual comparison of concordance pattern ...
vignettes/TSENAT_appendix_B.Rmd#L653 ```{r visualize-method-concordance, fig. ...
vignettes/TSENAT.Rmd#L44 TSENAT (Tsallis Entropy Analysis Toolbox ...
vignettes/TSENAT.Rmd#L48 Common RNA-seq tools focus on either tot ...
vignettes/TSENAT.Rmd#L50 In this guide, we demonstrate the comple ...
vignettes/TSENAT.Rmd#L55 1. **Load and preprocess** transcript co ...
vignettes/TSENAT.Rmd#L56 2. **Compute diversity** (Tsallis entrop ...
vignettes/TSENAT.Rmd#L57 3. **Test for differences** in entropy p ...
vignettes/TSENAT.Rmd#L60 Design assumptions: This guide assumes p ...
vignettes/TSENAT.Rmd#L120 # Compute Tsallis entropy using S4 wrapp ...
vignettes/TSENAT.Rmd#L133 TSENAT organizes results around **multip ...
vignettes/TSENAT.Rmd#L135 - `@se`: SummarizedExperiment with trans ...
vignettes/TSENAT.Rmd#L136 - `@config`: Configuration parameters (s ...
vignettes/TSENAT.Rmd#L137 - `@diversity_results`: Median entropy ± ...
vignettes/TSENAT.Rmd#L138 - `@lm_results`: Linear/GAM/GEE interact ...
vignettes/TSENAT.Rmd#L139 - `@rank_test_results`: Non-parametric r ...
vignettes/TSENAT.Rmd#L140 - `@pairwise_results`: Pairwise comparis ...
vignettes/TSENAT.Rmd#L141 - `@jackknife_results`: Jackknife confid ...
vignettes/TSENAT.Rmd#L142 - `@divergence_results`: Pairwise group  ...
vignettes/TSENAT.Rmd#L143 - `@plots`: Pre-generated visualizations ...
vignettes/TSENAT.Rmd#L144 - `@metadata`: Processing metadata inclu ...
vignettes/TSENAT.Rmd#L146 This scale-dependent structure is TSENAT ...
vignettes/TSENAT.Rmd#L150 The concept of **entropy** originated in ...
vignettes/TSENAT.Rmd#L152 However, Shannon entropy treats all elem ...
vignettes/TSENAT.Rmd#L154 The key insight is that Tsallis and Rény ...
vignettes/TSENAT.Rmd#L156 More recently, **Hill numbers** [@I021]  ...
vignettes/TSENAT.Rmd#L158 TSENAT applies this intellectual progres ...
vignettes/TSENAT.Rmd#L162 Standard RNA-seq analysis measures *whet ...
vignettes/TSENAT.Rmd#L164 **Entropy** quantifies precisely this: t ...
vignettes/TSENAT.Rmd#L170 For a discrete probability vector $p = ( ...
vignettes/TSENAT.Rmd#L178 - **Generalization**: Extends beyond Sha ...
vignettes/TSENAT.Rmd#L179 - **Mathematical elegance**: Reduces to  ...
vignettes/TSENAT.Rmd#L180 - **Practical flexibility**: Enables dat ...
vignettes/TSENAT.Rmd#L184 From an information theory perspective [ ...
vignettes/TSENAT.Rmd#L186 The **q parameter acts as a sensitivity  ...
vignettes/TSENAT.Rmd#L188 - **q < 1** (e.g., 0.5): Emphasizes rare ...
vignettes/TSENAT.Rmd#L189 - **q = 1**: Recovers Shannon entropy; p ...
vignettes/TSENAT.Rmd#L190 - **q = 2** (and beyond): Emphasizes dom ...
vignettes/TSENAT.Rmd#L194 - A gene where 1 isoform dominates shows ...
vignettes/TSENAT.Rmd#L196 This scale-dependent nature reveals biol ...
vignettes/TSENAT.Rmd#L200 Tsallis entropy exhibits important speci ...
vignettes/TSENAT.Rmd#L202 - **q = 0 (Richness)**: $S_0 = m - 1$ (n ...
vignettes/TSENAT.Rmd#L203 - **q = 1 (Shannon)**: $S_1(p) = -\sum_i ...
vignettes/TSENAT.Rmd#L204 - **q = 2 (Gini-Simpson)**: $S_2 = 1 - \ ...
vignettes/TSENAT.Rmd#L206 **Normalized entropy**: For genes with d ...
vignettes/TSENAT.Rmd#L210 Tsallis entropy is grounded in Shannon's ...
vignettes/TSENAT.Rmd#L212 As stated explicitly in the mathematical ...
vignettes/TSENAT.Rmd#L214 The flexibility is crucial for isoform a ...
vignettes/TSENAT.Rmd#L218 The multi-scale nature of Tsallis entrop ...
vignettes/TSENAT.Rmd#L222 **Isoform complexity as a biological sig ...
vignettes/TSENAT.Rmd#L224 - Changes in rare isoform usage (reveale ...
vignettes/TSENAT.Rmd#L225 - Shifts in dominant isoform selection ( ...
vignettes/TSENAT.Rmd#L226 - The full q-curve reveals whether cellu ...
vignettes/TSENAT.Rmd#L228 TSENAT enables detection of these change ...
vignettes/TSENAT.Rmd#L230 **Beyond classical abundance measures**: ...
vignettes/TSENAT.Rmd#L234 Peer-reviewed literature provides strong ...
vignettes/TSENAT.Rmd#L236 **Entropy and cancer heterogeneity**: Ca ...
vignettes/TSENAT.Rmd#L238 **Single-cell validation of systematic i ...
vignettes/TSENAT.Rmd#L242 These perspectives—entropy as driver of  ...
vignettes/TSENAT.Rmd#L247 We now demonstrate a complete workflow f ...
vignettes/TSENAT.Rmd#L252 2. Identify genes with significant scale ...
vignettes/TSENAT.Rmd#L253 3. Assess which individual transcripts d ...
vignettes/TSENAT.Rmd#L256 We'll work with a paired experimental de ...
vignettes/TSENAT.Rmd#L297 Next, we will create a `TSENATAnalysis`  ...
vignettes/TSENAT.Rmd#L298 data container (a standard Bioconductor  ...
vignettes/TSENAT.Rmd#L299 along with associated metadata). You can ...
vignettes/TSENAT.Rmd#L302 mapping and building the analysis object ...
vignettes/TSENAT.Rmd#L303 improved analysis. Following Bioconducto ...
vignettes/TSENAT.Rmd#L331 The `TSENATAnalysis` object contains a ` ...
vignettes/TSENAT.Rmd#L334 To reduce noise and improve statistical  ...
vignettes/TSENAT.Rmd#L335 Expression estimates of transcript isofo ...
vignettes/TSENAT.Rmd#L336 variable [@S202; @S203]. For more detail ...
vignettes/TSENAT.Rmd#L337 on differential transcript usage, see [t ...
vignettes/TSENAT.Rmd#L344 The `stringency = "medium"` parameter ke ...
vignettes/TSENAT.Rmd#L345 with TPM values above the median of mean ...
vignettes/TSENAT.Rmd#L350 We now compute Tsallis entropy across yo ...
vignettes/TSENAT.Rmd#L351 provide a comprehensive framework for as ...
vignettes/TSENAT.Rmd#L352 We normalize entropy to [0,1] range (`no ...
vignettes/TSENAT.Rmd#L358 # Compute diversity using S4 wrapper wit ...
vignettes/TSENAT.Rmd#L370 # Extract diversity results for three sp ...
vignettes/TSENAT.Rmd#L372 # Note: q=0 (richness) is computed deter ...
vignettes/TSENAT.Rmd#L414         caption = paste0("**Table 1:** T ...
vignettes/TSENAT.Rmd#L428       "Ensure calculate_diversity() was  ...
vignettes/TSENAT.Rmd#L440 ```{r fig-1-isoform-diversity-profiles,  ...
vignettes/TSENAT.Rmd#L448 Before proceeding with group-level compa ...
vignettes/TSENAT.Rmd#L450 Samples with high influence scores exert ...
vignettes/TSENAT.Rmd#L452 We configure three key parameters: `loss ...
vignettes/TSENAT.Rmd#L476   cols_to_show <- c("Sample", "Condition ...
vignettes/TSENAT.Rmd#L477                     "Entropy_Mean", "Ent ...
vignettes/TSENAT.Rmd#L482       caption = "**Table 2 | Sample Infl ...
vignettes/TSENAT.Rmd#L496 **Interpretation:** Samples with distanc ...
vignettes/TSENAT.Rmd#L500 Each gene produces a **q-curve**: a traj ...
vignettes/TSENAT.Rmd#L502 We can test for these interactions using ...
vignettes/TSENAT.Rmd#L504 - GAM (generalized additive model): flex ...
vignettes/TSENAT.Rmd#L505 - LMM (linear mixed models): models subj ...
vignettes/TSENAT.Rmd#L506 - GEE (generalized estimating equations) ...
vignettes/TSENAT.Rmd#L507 - FPCA (functional principal component a ...
vignettes/TSENAT.Rmd#L509 All methods automatically account for th ...
vignettes/TSENAT.Rmd#L532                   "effect_size", "test_s ...
vignettes/TSENAT.Rmd#L539     display[, numeric_cols & !pval_cols] ...
vignettes/TSENAT.Rmd#L541     # Format p-values to show more preci ...
vignettes/TSENAT.Rmd#L544             display[[col]] <- format(dis ...
vignettes/TSENAT.Rmd#L549                 caption = "**Table 3 | L ...
vignettes/TSENAT.Rmd#L550                 col.names = c("Gene", "G ...
vignettes/TSENAT.Rmd#L556 **Interpretation:** TRUE in the Heterosc ...
vignettes/TSENAT.Rmd#L561 ```{r fig-2-scale-dependent-genes, fig.w ...
vignettes/TSENAT.Rmd#L572 The LM interaction test (from `calculate ...
vignettes/TSENAT.Rmd#L578 1. **Multi-*q* LM interaction test**: Te ...
vignettes/TSENAT.Rmd#L579 2. **Single-*q* jackknife resampling**:  ...
vignettes/TSENAT.Rmd#L581 **Delta influence** (from jackknife resa ...
vignettes/TSENAT.Rmd#L585 - **Consistent switching**: Do the same  ...
vignettes/TSENAT.Rmd#L586 - **Mixed/scale-dependent switching**: D ...
vignettes/TSENAT.Rmd#L587 - **Classification**: Does isoform reorg ...
vignettes/TSENAT.Rmd#L600 We configure three key parameters for th ...
vignettes/TSENAT.Rmd#L602 The tables below show the transcript swi ...
vignettes/TSENAT.Rmd#L612     !is.null(tables_result$gene_headers) ...
vignettes/TSENAT.Rmd#L636                          format = if (kn ...
vignettes/TSENAT.Rmd#L654 Visualize switching patterns for the top ...
vignettes/TSENAT.Rmd#L656 ```{r fig-3-transcript-jackknife-influen ...
vignettes/TSENAT.Rmd#L661 **Interpretation:** Rows represent q-val ...
vignettes/TSENAT.Rmd#L663 - **Red cells** indicate transcripts wit ...
vignettes/TSENAT.Rmd#L664 - **Blue cells** indicate negative delta ...
vignettes/TSENAT.Rmd#L665 - **Color intensity** reflects robustnes ...
vignettes/TSENAT.Rmd#L667 This robustness-weighted visualization r ...
vignettes/TSENAT.Rmd#L669 ```{r fig-4-transcript-abundance-heatmap ...
vignettes/TSENAT.Rmd#L674 **Interpretation:** Transcripts (rows) a ...
vignettes/TSENAT.Rmd#L678 To understand which diversity scales sho ...
vignettes/TSENAT.Rmd#L679 between groups, we compute effect size m ...
vignettes/TSENAT.Rmd#L682 The approach uses linear mixed-effects r ...
vignettes/TSENAT.Rmd#L684 The mean divergence across q values serv ...
vignettes/TSENAT.Rmd#L701     # Extract divergence data - format d ...
vignettes/TSENAT.Rmd#L703         div_table <- div_results[1:min(4 ...
vignettes/TSENAT.Rmd#L707             caption = "**Table 3 | Pairw ...
vignettes/TSENAT.Rmd#L722             div_table <- first_q_result[ ...
vignettes/TSENAT.Rmd#L726                 caption = "**Table 4 | P ...
vignettes/TSENAT.Rmd#L785             ("adj_p_interaction" %in% co ...
vignettes/TSENAT.Rmd#L797                 # Find effect size colum ...
vignettes/TSENAT.Rmd#L798                 effect_cols <- grep("^ef ...
vignettes/TSENAT.Rmd#L810                         # Calculate mean ...
vignettes/TSENAT.Rmd#L812                             lm_res_resul ...
vignettes/TSENAT.Rmd#L819                         # If Q_Pattern c ...
vignettes/TSENAT.Rmd#L820                         # If numeric fal ...
vignettes/TSENAT.Rmd#L823                     # Add pattern metric ...
vignettes/TSENAT.Rmd#L828                         div_df$div_abund ...
vignettes/TSENAT.Rmd#L843                         div_df$p_adj <-  ...
vignettes/TSENAT.Rmd#L847                             div_df$Mean_ ...
vignettes/TSENAT.Rmd#L852                             div_df$div_r ...
vignettes/TSENAT.Rmd#L855                             div_df$div_a ...
vignettes/TSENAT.Rmd#L858                             div_df$q_rat ...
vignettes/TSENAT.Rmd#L862                         names(div_df)[na ...
vignettes/TSENAT.Rmd#L863                         names(div_df)[na ...
vignettes/TSENAT.Rmd#L864                         names(div_df)[na ...
vignettes/TSENAT.Rmd#L865                         names(div_df)[na ...
vignettes/TSENAT.Rmd#L866                         names(div_df)[na ...
vignettes/TSENAT.Rmd#L869                         # Reorder column ...
vignettes/TSENAT.Rmd#L870                         col_order <- c(" ...
vignettes/TSENAT.Rmd#L875                             caption = "* ...
vignettes/TSENAT.Rmd#L877                             format = if  ...
vignettes/TSENAT.Rmd#L881                           bootstrap_opti ...
vignettes/TSENAT.Rmd#L894             cat("Note: Required 'gene' a ...
vignettes/TSENAT.Rmd#L909 | Rare driven | D(q=0.5) >> D(q=2.0) | L ...
vignettes/TSENAT.Rmd#L910 | Abundant driver | D(q=0.5) << D(q=2.0) ...
vignettes/TSENAT.Rmd#L911 | Balanced | D(q=0.5) ~= D(q=2.0) | All  ...
vignettes/TSENAT.Rmd#L913 The effect sizes reveal which genes show ...
vignettes/TSENAT.Rmd#L914 across the q-spectrum **between paired t ...
vignettes/TSENAT.Rmd#L915 substantial divergence, indicating that  ...
vignettes/TSENAT.Rmd#L918 **Biological Interpretation:** Following ...
vignettes/TSENAT.Rmd#L920 genes with large D values are those wher ...
vignettes/TSENAT.Rmd#L921 when examined at all sensitivity scales  ...
vignettes/TSENAT.Rmd#L922 high entropy at low q (emphasizing rare  ...
vignettes/TSENAT.Rmd#L923 abundant isoforms) in another, revealing ...
vignettes/TSENAT.Rmd#L924 for investigation of condition-specific  ...
vignettes/TSENAT.Rmd#L927 ```{r effect-size-plot-multiq, fig.width ...
vignettes/TSENAT.Rmd#L937 ```{r compare-q-spectra-plot, fig.width= ...
vignettes/TSENAT.Rmd#L951 - Shape matters more than single value:  ...
vignettes/TSENAT.Rmd#L952   A flat curve (balanced) vs. declining  ...
vignettes/TSENAT.Rmd#L955 - q=1 (KL divergence): The middle point  ...
vignettes/TSENAT.Rmd#L956   where in the limit q->1 the Tsallis di ...
vignettes/TSENAT.Rmd#L958 - q < 1 (rare isoforms): Emphasizes how  ...
vignettes/TSENAT.Rmd#L959   groups [@I007; @I008; @I010]. If D(q=0 ...
vignettes/TSENAT.Rmd#L960 - q > 1 (abundant isoforms): Emphasizes  ...
vignettes/TSENAT.Rmd#L967 This curve is the full biological signat ...
vignettes/TSENAT.Rmd#L970 ```{r visualize-q-spectrum, fig.width=10 ...
vignettes/TSENAT.Rmd#L980 1. Bootstrap CI validity: Per-q CIs shou ...
vignettes/TSENAT.Rmd#L983 2. Monotonicity check: By Tsallis entrop ...
vignettes/TSENAT.Rmd#L984    should NOT show erratic increases wit ...
vignettes/TSENAT.Rmd#L987 3. Comparison with genome-wide patterns: ...
vignettes/TSENAT.Rmd#L988    ACTB, etc.) [@S023]. These should sho ...
vignettes/TSENAT.Rmd#L998 Objetive: Validates that TSENAT's Shanno ...
vignettes/TSENAT.Rmd#L1002 **Appendix B: Non-Parametric Validation  ...
vignettes/TSENAT.Rmd#L1004 Objective: Validate q-value * group inte ...
vignettes/TSENAT.Rmd#L1010 1. Adami, C. (2004). "Information theory ...
vignettes/TSENAT.Rmd#L1012 2. Bajic, D. (2024). "Information Theory ...
vignettes/TSENAT.Rmd#L1014 3. Bartal, A., & Jagodnik, K. M. (2022). ...
vignettes/TSENAT.Rmd#L1016 4. Chanda, P., Costa, E., Hu, J., Sukuma ...
vignettes/TSENAT.Rmd#L1018 5. Cover, T. M., & Thomas, J. A. (2006). ...
vignettes/TSENAT.Rmd#L1020 6. Derian, N., Pham, H.-P., Nehar-Belaid ...
vignettes/TSENAT.Rmd#L1022 7. Furuichi, S. (2006). "Information The ...
vignettes/TSENAT.Rmd#L1024 8. Gandrillon, O., Gaillard, M., Espinas ...
vignettes/TSENAT.Rmd#L1026 9. Golomb, R., Yoles, M., Fishilevich, S ...
vignettes/TSENAT.Rmd#L1029 10. Hinostroza Fuentes, V. G., Toledo Ta ...
vignettes/TSENAT.Rmd#L1032 11. Jost, L. (2006). "Entropy and Divers ...
vignettes/TSENAT.Rmd#L1034 12. Renyi, A. (1961). "On Measures of En ...
vignettes/TSENAT.Rmd#L1036 13. Seweryn, M. T., Pietrzak, M., & Ma,  ...
vignettes/TSENAT.Rmd#L1038 14. Shannon, C. E. (1948). "A Mathematic ...
vignettes/TSENAT.Rmd#L1040 15. Simpson, E. H. (1949). "Measurement  ...
vignettes/TSENAT.Rmd#L1042 16. Tsallis, C. (1988). "Possible Genera ...
Consider multiples of 4 spaces for line indents; 863 lines (2%) are not.
First few lines:
R/AllClasses.R#L157                   col, paste(colnames(cd ...
R/AllClasses.R#L166                   return(sprintf("@confi ...
R/analysis.R#L330                   "Rank test only", "Nei ...
R/analysis.R#L361                              select_cols ...
R/analysis.R#L374                          ~ format(., sci ...
R/analysis.R#L388                                  method1 ...
R/analysis.R#L389                                  padj_co ...
R/analysis.R#L390                                  padj_co ...
R/bootstrap.R#L738                   regenerated_total, att ...
R/bootstrap.R#L1174                   res$upper_ci), "]") ...
R/bootstrap.R#L1474                   ci_lower = NA_real_, c ...
R/bootstrap.R#L1888                   matching_q_val) ...
R/bootstrap.R#L1894                   genes_in_group <- uniq ...
R/bootstrap.R#L1896                   all_gene_medians <- c( ...
R/bootstrap.R#L1897                   all_gene_ci_lower <- c ...
R/bootstrap.R#L1898                   all_gene_ci_upper <- c ...
R/bootstrap.R#L1900                   # Process each gene se ...
R/bootstrap.R#L1901                   for (gene_val in genes ...
R/bootstrap.R#L1903                       gene_val, ] ...
R/bootstrap.R#L1915                       # Construct the ex ...
R/bootstrap.R#L1916                       # 3 decimal places ...
R/bootstrap.R#L1917                       q_formatted <- for ...
R/bootstrap.R#L1918                       expected_col_name  ...
R/bootstrap.R#L1920                       samp_idx <- which( ...
R/bootstrap.R#L1922                       if (length(samp_id ...
R/bootstrap.R#L1926                           gene_ci_lower  ...
R/bootstrap.R#L1928                           gene_ci_upper  ...
R/bootstrap.R#L1931                       } ...
R/bootstrap.R#L1936                       all_gene_ci_lower  ...
R/bootstrap.R#L1938                       all_gene_ci_upper  ...
R/bootstrap.R#L1941                   } ...
R/bootstrap.R#L1943                   # Final aggregation: m ...
R/bootstrap.R#L1944                   # ensures alignment: e ...
R/bootstrap.R#L1945                   # the same gene ...
R/bootstrap.R#L1946                   if (length(all_gene_me ...
R/bootstrap.R#L1950                   } else { ...
R/bootstrap.R#L1954                   } ...
R/bootstrap.R#L1956                   # Fallback for data wi ...
R/bootstrap.R#L1957                   median_val <- median(g ...
R/bootstrap.R#L1959                   group_samples <- uniqu ...
R/bootstrap.R#L1960                   all_ci_lower <- c() ...
R/bootstrap.R#L1961                   all_ci_upper <- c() ...
R/bootstrap.R#L1963                   for (samp in group_sam ...
R/bootstrap.R#L1969                       all_ci_lower <- c( ...
R/bootstrap.R#L1970                       all_ci_upper <- c( ...
R/bootstrap.R#L1972                   } ...
R/bootstrap.R#L1974                   if (length(all_ci_lowe ...
R/bootstrap.R#L1977                   } else { ...
R/bootstrap.R#L1980                   } ...
R/bootstrap.R#L1984                   plot_df <- rbind(plot_ ...
R/bootstrap.R#L2076                   q = q, norm = TRUE, nb ...
R/bootstrap.R#L2077                   method = bootstrap_met ...
R/bootstrap.R#L2078                   verbose = FALSE, inclu ...
R/bootstrap.R#L2079                   effective_length = el_ ...
R/bootstrap.R#L2080                   min_valid_frac = min_v ...
R/bootstrap.R#L2086                   warning("Bootstrap fai ...
R/divergence_core.R#L254                   paste(colnames(Summari ...
R/divergence_core.R#L255                   ". Please specify 'gro ...
R/divergence_core.R#L260                   "'") ...
R/divergence_core.R#L266                   collapse = ", "), ". P ...
R/divergence_core.R#L267                   call. = FALSE) ...
R/divergence_core.R#L272                   "'") ...
R/divergence_core.R#L322                   "' column.\n", "       ...
R/divergence_core.R#L328                   " Using independent bo ...
R/divergence_core.R#L438                   "UNCLASSIFIED" else pa ...
R/divergence_core.R#L840                   NA_character_ ...
R/divergence_core.R#L842                   0) ...
R/divergence_core.R#L846                   row_data_df[[paste0("c ...
R/divergence_core.R#L880                   row_data_df[[estimate_ ...
R/divergence_core.R#L881                   row_data_df[[lower_col ...
R/divergence_core.R#L882                   row_data_df[[upper_col ...
R/divergence_core.R#L911                   row_data_df[[estimate_ ...
R/divergence_core.R#L912                   row_data_df[[lower_col ...
R/divergence_core.R#L913                   row_data_df[[upper_col ...
R/divergence_core.R#L945                   1e-10)/d_max) ...
R/divergence_core.R#L975                   row_data_df[[estimate_ ...
R/divergence_core.R#L976                   row_data_df[[lower_col ...
R/divergence_core.R#L977                   row_data_df[[upper_col ...
R/divergence_effect_sizes.R#L272                   1 ...
R/divergence_effect_sizes.R#L274                   debug_messages <- c(de ...
R/divergence_effect_sizes.R#L287                   p_interaction = lmm_da ...
R/divergence_effect_sizes.R#L288                   div_data = div_data, q ...
R/divergence_effect_sizes.R#L289                   q_strs = q_strs_precom ...
R/divergence_effect_sizes.R#L290                   lower_cols = lower_col ...
R/divergence_effect_sizes.R#L293                   p_interaction = lmm_da ...
R/divergence_effect_sizes.R#L294                   div_data = div_data) ...
R/divergence_effect_sizes.R#L299                   1 ...
R/divergence_effect_sizes.R#L301                   debug_messages <- c(de ...
R/divergence_effect_sizes.R#L655                   valid_vals <- interact ...
R/divergence_effect_sizes.R#L656                   if (length(valid_vals) ...
R/divergence_effect_sizes.R#L658                       na.rm = TRUE), 4), ...
R/divergence_effect_sizes.R#L659                       4)) ...
R/divergence_effect_sizes.R#L660                   } ...
R/divergence_effect_sizes.R#L711                   per_q_patterns[i] <- " ...
R/divergence_effect_sizes.R#L800                   "Rare driven" ...
R/divergence_effect_sizes.R#L802                   "Abundant driven" ...
R/divergence_effect_sizes.R#L804                   "Balanced" ...
R/divergence_effect_sizes.R#L807                   ratio = ratio)) ...
R/divergence_helpers.R#L368                   length(complete_pair_i ...
R/divergence_helpers.R#L369                   domain = NA) ...
R/divergence_helpers.R#L412                   divergence_bootstrap_f ...
R/divergence_helpers.R#L417                   stop("C++ flexible pai ...
R/diversity_core.R#L576                   target_col_indices <-  ...
R/diversity_core.R#L577                   ci_lower[gene_row_idx, ...
R/diversity_core.R#L578                   ci_upper[gene_row_idx, ...
R/diversity_core.R#L771                   "") { ...
R/diversity_core.R#L772                   sample_indices <- matc ...
R/diversity_core.R#L774                   sample_indices <- matc ...
R/diversity_core.R#L778                   for (col in colnames(o ...
R/diversity_core.R#L780                   } ...
R/diversity_core.R#L801                   result_colData[[col]]  ...
R/diversity_helpers.R#L27                   (col_data[valid_idx] - ...
R/diversity_helpers.R#L29                   0 ...
R/diversity_helpers.R#L197                   # Single isoform: norm ...
R/diversity_helpers.R#L198                   richness <- NaN ...
R/diversity_helpers.R#L200                   # Normalize by max pos ...
R/diversity_helpers.R#L201                   richness <- richness/( ...
R/diversity_helpers.R#L209                   # Single isoform: norm ...
R/diversity_helpers.R#L210                   # Return NaN to indica ...
R/diversity_helpers.R#L211                   sh <- NaN ...
R/diversity_helpers.R#L213                   sh <- sh/log(n, base = ...
R/diversity_helpers.R#L222                   # Single isoform: norm ...
R/diversity_helpers.R#L223                   # Return NaN to indica ...
R/diversity_helpers.R#L224                   ts <- NaN ...
R/diversity_helpers.R#L226                   ts <- NaN ...
R/diversity_helpers.R#L228                   ts <- ts/max_ts ...
R/diversity_helpers.R#L303                   " if your DGEList cont ...
R/diversity_helpers.R#L341                   message("Using TPM ass ...
R/diversity_helpers.R#L347                   stop("Please provide a ...
R/diversity_helpers.R#L352                   message("Note: tpm=TRU ...
R/diversity_helpers.R#L362                   "Transcript" ...
R/diversity_helpers.R#L364                   colnames(txmap)[1] ...
R/diversity_helpers.R#L367                   "Gen" ...
R/diversity_helpers.R#L369                   colnames(txmap)[2] ...
R/diversity_helpers.R#L372                   txmap[[tx_col]])]) ...
R/diversity_helpers.R#L383                   call. = FALSE) ...
R/diversity_helpers.R#L811                   na.rm = TRUE) ...
R/diversity_helpers.R#L838                   span = span_adaptive,  ...
R/diversity_helpers.R#L859                   q_val), call. = FALSE) ...
R/diversity_helpers.R#L971                   col_outliers <- charac ...
R/diversity_helpers.R#L976                   0) { ...
R/diversity_helpers.R#L977                   n_iso_vec <- gene_isof ...
R/diversity_helpers.R#L979                   n_iso_vec <- gene_isof ...
R/diversity_helpers.R#L996                   lambda <- df_prior_adj ...
R/diversity_helpers.R#L997                   w_vec[valid_non_outlie ...
R/io_salmon.R#L160                   Length = readr::col_in ...
R/io_salmon.R#L161                   TPM = readr::col_doubl ...
R/io_salmon.R#L167                   warnings_msg <- "" ...
R/io_salmon.R#L169                   # Check for missing tr ...
R/io_salmon.R#L170                   missing_in_curr <- set ...
R/io_salmon.R#L171                   extra_in_curr <- setdi ...
R/io_salmon.R#L173                   if (length(missing_in_ ...
R/io_salmon.R#L175                       ": ", length(missi ...
R/io_salmon.R#L176                   } ...
R/io_salmon.R#L177                   if (length(extra_in_cu ...
R/io_salmon.R#L179                       length(extra_in_cu ...
R/io_salmon.R#L180                   } ...
R/io_salmon.R#L182                   warning("[.validate_sa ...
R/io_salmon.R#L187                   stop("[.validate_salmo ...
R/io_salmon.R#L192                   "\n", "  Details: ", c ...
R/io_salmon.R#L335                   "...") ...
R/jackknife_diagnostics.R#L395                   res$estimate), sprintf ...
R/jackknife_diagnostics.R#L396                   sprintf("  Max influen ...
R/jackknife_diagnostics.R#L581                   -sum(p_nonzero * log(p ...
R/jackknife_diagnostics.R#L843                   gene_name = gene_name) ...
R/jackknife_diagnostics.R#L881                   q_values_available <-  ...
R/jackknife_diagnostics.R#L882                   gene_data_by_q[[q_key] ...
R/jackknife_diagnostics.R#L883                   q_key_to_value[[q_key] ...
R/jackknife_isoform_switching.R#L427                   lm_row$p_interaction[1 ...
R/jackknife_isoform_switching.R#L429                   colnames(lm_row)) ...
R/jackknife_isoform_switching.R#L430                   lm_row$adj_p_interacti ...
R/jackknife_isoform_switching.R#L529                   results_per_gene[[gene ...
R/jackknife_isoform_switching.R#L565                   "All zero" ...
R/jackknife_isoform_switching.R#L567                   pos_count <- sum(x_non ...
R/jackknife_isoform_switching.R#L568                   neg_count <- sum(x_non ...
R/jackknife_isoform_switching.R#L569                   # Check if ALL non-zer ...
R/jackknife_isoform_switching.R#L570                   if (pos_count == lengt ...
R/jackknife_isoform_switching.R#L595                   0))) ...
R/jackknife_isoform_switching.R#L697                   n_transcripts_fixed el ...
R/jackknife_isoform_switching.R#L701                   n_transcripts_fixed el ...
R/linear_models_fpca.R#L243                   n_diff), sample_name = ...
R/linear_models_gam.R#L605                   p_interaction <- an[2, ...
R/linear_models_gam.R#L733                   effect_size <- .extrac ...
R/linear_models_gam.R#L735                   # Residual df ...
R/linear_models_gam.R#L736                   if (!is.null(gam_summa ...
R/linear_models_gam.R#L739                       df_residual <- NA_ ...
R/linear_models_gam.R#L741                   } ...
R/linear_models_gam.R#L776                   pred_grid <- data.fram ...
R/linear_models_gam.R#L779                   # Add subject if neede ...
R/linear_models_gam.R#L780                   if (!is.null(subject)  ...
R/linear_models_gam.R#L782                   } ...
R/linear_models_gam.R#L784                   preds <- tryCatch(pred ...
R/linear_models_gam.R#L787                   if (!is.null(preds) && ...
R/linear_models_gam.R#L789                   } ...
R/linear_models_gam.R#L794                   slope_diff <- pred_slo ...
R/linear_models_gam.R#L1343                   NA else hetero_result$ ...
R/linear_models_gee.R#L174                   # Apply K-C correction ...
R/linear_models_gee.R#L175                   kc_result <- .kc_bias_ ...
R/linear_models_gee.R#L181                   # Update p-value with  ...
R/linear_models_gee.R#L182                   p_interaction <- kc_re ...
R/linear_models_gee.R#L183                   kc_metadata <- list(kc ...
R/linear_models_gee.R#L293                   q = subj_data$q[-nrow( ...
R/linear_models_gee.R#L294                   stringsAsFactors = FAL ...
R/linear_models_gee.R#L384                   row_idx <- which(rowna ...
R/linear_models_gee.R#L385                   p_col <- grep("Pr\\(>" ...
R/linear_models_gee.R#L386                   if (!is.na(p_col) && p ...
R/linear_models_gee.R#L389                       p_interaction <- p ...
R/linear_models_gee.R#L391                       # Apply bias corre ...
R/linear_models_gee.R#L392                       if (bias_correctio ...
R/linear_models_gee.R#L394                           n_clusters) ...
R/linear_models_gee.R#L396                       } ...
R/linear_models_gee.R#L397                       return(p_interacti ...
R/linear_models_gee.R#L399                   } ...
R/linear_models_gee.R#L703                   rho_ar1, design_effect ...
R/linear_models_gee.R#L914                   log(n_obs), independen ...
R/linear_models_helpers.R#L24                   n_sing)) ...
R/linear_models_helpers.R#L33                   min(f_vals), max(f_val ...
R/linear_models_helpers.R#L270                   type = "deviance")) ...
R/linear_models_helpers.R#L276                   "gaussian") ...
R/linear_models_helpers.R#L278                   residuals_vec <- resid ...
R/linear_models_helpers.R#L280                   residuals_vec <- tryCa ...
R/linear_models_helpers.R#L285                   "gaussian") ...
R/linear_models_helpers.R#L287                   residuals_vec <- resid ...
R/linear_models_helpers.R#L289                   residuals_vec <- tryCa ...
R/linear_models_helpers.R#L622                   FALSE) "CONFIRMED non- ...
R/linear_models_helpers.R#L907                   message(sprintf("[Vari ...
R/linear_models_helpers.R#L1199                   df[[col]] <- NA ...
R/linear_models_helpers.R#L1329                   q_idx <- which(metadat ...
R/linear_models_helpers.R#L1330                   perm_assignment[q_idx] ...
R/linear_models_helpers.R#L1337                   gene_name <- rownames_ ...
R/linear_models_helpers.R#L1338                   tryCatch({ ...
R/linear_models_helpers.R#L1341                       perm_pvalues[g_idx ...
R/linear_models_helpers.R#L1343                   }, error = function(e) ...
R/linear_models_helpers.R#L1345                   }) ...
R/linear_models_helpers.R#L1374                   message("[calculate_lm ...
R/linear_models_helpers.R#L1379                   message("[calculate_lm ...
R/linear_models_lmm.R#L167                   FALSE else isTRUE(c0) ...
R/linear_models_lmm.R#L172                   FALSE else isTRUE(c1) ...
R/linear_models_lmm.R#L178                   conv0, ", fit1 converg ...
R/linear_models_lmm.R#L180                   message("[.try_lm_fall ...
R/m_estimation.R#L458                   1, median) ...
R/m_estimation.R#L464                   dist <- sqrt(sum((samp ...
R/m_estimation.R#L466                   dist <- sqrt(sum((samp ...
R/m_estimation.R#L713                   converged <- TRUE ...
R/m_estimation.R#L714                   break ...
R/m_estimation.R#L725                   converged <- TRUE ...
R/m_estimation.R#L726                   break ...
R/orchestration_results.R#L109                        n = NA, filterFDR ...
R/orchestration_results.R#L110                        n_genes = 4, q_va ...
R/orchestration_results.R#L111                        top_n = NULL, sor ...
R/orchestration_results.R#L157              call. = FALSE) ...
R/orchestration_results.R#L163              call. = FALSE) ...
R/orchestration_results.R#L210              paste(available_q, collapse ...
R/orchestration_results.R#L284              "diversity, divergence, lm, ...
R/orchestration_results.R#L285              call. = FALSE) ...
R/orchestration_results.R#L367                                        q ...
R/orchestration_results.R#L404                       else if (q_char_do ...
R/orchestration_results.R#L405                       else NULL ...
R/orchestration_results.R#L492              call. = FALSE) ...
R/orchestration_results.R#L499                call. = FALSE) ...
R/orchestration_results.R#L659                        else if ("adj_p_v ...
R/orchestration_results.R#L660                        else NULL ...
R/orchestration_results.R#L702                      "Available columns: ...
R/orchestration_results.R#L703                      call. = FALSE) ...
R/orchestration_results.R#L735                      "Available columns: ...
R/orchestration_results.R#L736                      call. = FALSE) ...
R/pairwise_difference.R#L319                   collapse = ", "), "]", ...
R/pairwise_difference.R#L529                   "Bad pairs: ", paste(b ...
R/pairwise_difference.R#L537                   "when pairing informat ...
R/pairwise_difference.R#L554                   g1_samples <- which(pa ...
R/pairwise_difference.R#L555                   g2_samples <- which(pa ...
R/pairwise_difference.R#L556                   if (length(g1_samples) ...
R/pairwise_difference.R#L559                   } ...
R/pairwise_difference.R#L564                   n = length(all_diffs)) ...
R/pairwise_difference.R#L568                   exact = exact) ...
R/pairwise_difference.R#L571                   n = n) ...
R/pairwise_difference.R#L925                   i1 <- (p - 1) * 2 + 1 ...
R/pairwise_difference.R#L926                   i2 <- i1 + 1 ...
R/pairwise_difference.R#L927                   perm_samples[c(i1, i2) ...
R/pairwise_difference.R#L944                   if (swap[p]) { ...
R/pairwise_difference.R#L948                   } ...
R/pairwise_difference.R#L960                   if (swap[p]) { ...
R/pairwise_difference.R#L964                   } ...
R/plots_heatmaps.R#L153                   names(qres$results_per ...
R/plots_heatmaps.R#L195                   names(qres$results_per ...
R/plots_helpers.R#L220                   stringsAsFactors = FAL ...
R/plots_helpers.R#L237                   stop("coldata file not ...
R/plots_helpers.R#L251                   sid <- sid[1] ...
R/plots_helpers.R#L252                   if (!all(colnames(coun ...
R/plots_helpers.R#L254                   row_ix <- match(colnam ...
R/plots_helpers.R#L255                   samples <- as.characte ...
R/plots_helpers.R#L257                   stop("Could not match  ...
R/plots_helpers.R#L1205                   stringsAsFactors = FAL ...
R/plots_helpers.R#L2070                   q_val) < 1e-06) ...
R/plots_helpers.R#L2074                   # Get CI bounds for th ...
R/plots_helpers.R#L2075                   gene_idx <- which(rown ...
R/plots_helpers.R#L2076                   if (length(gene_idx) > ...
R/plots_helpers.R#L2086                   } ...
R/plots_helpers.R#L2346                   font_scale), legend.te ...
R/plots_helpers.R#L3269                   group = grp, value = m ...
R/plots_helpers.R#L3270                   upper = median_val + ( ...
R/plots_helpers.R#L4322                   stringsAsFactors = FAL ...
R/plots_helpers.R#L4339                   stop("coldata file not ...
R/plots_helpers.R#L4353                   sid <- sid[1] ...
R/plots_helpers.R#L4354                   if (!all(colnames(coun ...
R/plots_helpers.R#L4356                   row_ix <- match(colnam ...
R/plots_helpers.R#L4357                   samples <- as.characte ...
R/plots_helpers.R#L4359                   stop("Could not match  ...
R/plots_spectrum.R#L321                   median(x, na.rm = TRUE ...
R/plots_spectrum.R#L330                   median(x, na.rm = TRUE ...
R/rank_methods_core.R#L541                   "highly_skewed")] <- l ...
R/rank_methods_core.R#L542                   result$characteristics ...
R/rank_methods_core.R#L773                   d$condition[idx] <- as ...
R/rank_methods_core.R#L817                   "entropy", "q", "condi ...
R/rank_methods_core.R#L820                   perm_stats[i] <- test_ ...
R/rank_methods_core.R#L821                   perm_pvals[i] <- test_ ...
R/rank_methods_paired.R#L93                   # Compute variance rat ...
R/rank_methods_paired.R#L94                   # subjects) ...
R/rank_methods_paired.R#L95                   group_vars <- tapply(v ...
R/rank_methods_paired.R#L96                   finite_vars <- group_v ...
R/rank_methods_paired.R#L97                   var_ratio <- if (lengt ...
R/rank_methods_paired.R#L100                   # Heteroscedasticity d ...
R/rank_methods_paired.R#L101                   # > 3 (stricter thresh ...
R/rank_methods_paired.R#L102                   # balanced data) ...
R/rank_methods_paired.R#L103                   if (!is.na(bp_pvalue)  ...
R/rank_methods_paired.R#L107                       bp_pvalue, var_rat ...
R/rank_methods_paired.R#L108                   } ...
R/rank_methods.R#L81                   use = "complete.obs") ...
R/rank_methods.R#L156                   if (is.na(icc_simplifi ...
R/rank_methods.R#L744                   !is.na(pval_vec)) { ...
R/rank_methods.R#L745                   bp_pvalue <- pval_vec ...
R/rank_methods.R#L747                   # Also compute varianc ...
R/rank_methods.R#L748                   group_vars <- tapply(v ...
R/rank_methods.R#L749                   if (length(group_vars) ...
R/rank_methods.R#L753                       var_ratio <- max(f ...
R/rank_methods.R#L756                       var_ratio <- 1  #  ...
R/rank_methods.R#L758                   } else { ...
R/rank_methods.R#L760                   } ...
R/rank_methods.R#L762                   # Heteroscedasticity d ...
R/rank_methods.R#L763                   # > 2 ...
R/rank_methods.R#L764                   if (!is.na(bp_pvalue)  ...
R/rank_methods.R#L768                       bp_pvalue, var_rat ...
R/rank_methods.R#L769                   } ...
R/rank_methods.R#L806                   pct_near_bounds)) ...
R/rank_methods.R#L1183                   method = "Kruskal-Wall ...
R/s4_class.R#L56                   col, paste(colnames(cd ...
R/s4_class.R#L65                   stop(sprintf("Invalid  ...
R/s4_functions_divergence.R#L343                   "," else "\t" ...
R/s4_functions_divergence.R#L345                   row.names = TRUE) ...
R/s4_functions_divergence.R#L348                   call. = FALSE) ...
R/s4_functions_divergence.R#L438                   bootstrap_file) ...
R/s4_functions_diversity.R#L886                   reference_group = para ...
R/s4_functions_diversity.R#L889                   reference_group = para ...
R/s4_functions_diversity.R#L892                   q_val) ...
R/s4_functions_effect_size.R#L315                   collapse = ", ")) ...
R/s4_functions_jeo.R#L190                   jk_result <- analysis@ ...
R/s4_functions_jeo.R#L192                   # Handle both single r ...
R/s4_functions_jeo.R#L193                   if (inherits(jk_result ...
R/s4_functions_jeo.R#L197                   } ...
R/s4_functions_jeo.R#L199                   if (inherits(jk_result ...
R/s4_functions_jeo.R#L202                       res <- jk_result[[ ...
R/s4_functions_jeo.R#L203                       data.frame(gene =  ...
R/s4_functions_jeo.R#L214                   } ...
R/s4_functions_jeo.R#L219                   output_df <- do.call(r ...
R/s4_functions_jeo.R#L220                   rownames(output_df) <- ...
R/s4_functions_jeo.R#L222                   # Determine separator  ...
R/s4_functions_jeo.R#L223                   sep <- if (grepl("\\.c ...
R/s4_functions_jeo.R#L226                   write.table(output_df, ...
R/s4_functions_jeo.R#L229                   if (verbose) { ...
R/s4_functions_jeo.R#L231                       output_file) ...
R/s4_functions_jeo.R#L232                   } ...
R/s4_functions_jeo.R#L236                   conditionMessage(e), c ...
R/s4_functions_jeo.R#L243                   output_file) ...
R/s4_functions_jis.R#L276                   collapse = ", "), call ...
R/s4_functions_jis.R#L469                   " (key: ", q_key, ") n ...
R/s4_functions_jis.R#L536                   res$summary_table else ...
R/s4_functions_lm.R#L189                      length(q_values)),  ...
R/s4_functions_lm.R#L309                   call. = FALSE) ...
R/s4_functions_lm.R#L318                   call. = FALSE) ...
R/s4_functions_rank_test.R#L303                   call. = FALSE) ...
R/s4_functions_rank_test.R#L320                   call. = FALSE) ...
R/s4_functions_utils.R#L143                   detected)) ...
R/s4_functions_utils.R#L234                   output_dir, " (", cond ...
R/s4_functions_utils.R#L275                   ". Skipping plot outpu ...
R/s4_functions_utils.R#L287                                height =  ...
R/s4_functions_utils.R#L290                                height =  ...
R/s4_functions.R#L422                   mat <- as.matrix(mat) ...
R/s4_functions.R#L826                   round(concordance_resu ...
R/s4_functions.R#L930               round(concordance_result$s ...
R/s4_functions.R#L1450                   "p_col", c("p_interact ...
R/s4_functions.R#L1451                   verbose = FALSE, param ...
R/s4_functions.R#L1454                   "gene_col", c("gene",  ...
R/s4_functions.R#L1455                   param_name = "gene_col ...
R/s4_functions.R#L1459                   # Get top genes (sorte ...
R/s4_functions.R#L1460                   top_indices <- order(l ...
R/s4_functions.R#L1462                   gene <- as.character(l ...
R/s4_functions.R#L1464                   if (verbose) { ...
R/s4_functions.R#L1466                       " genes from LM re ...
R/s4_functions.R#L1468                   } ...
R/s4_functions.R#L1800                   lm_results <- lm_resul ...
R/s4_functions.R#L1802                   lm_results <- lm_resul ...
R/s4_functions.R#L1808                   message("  [OK] Extrac ...
R/s4_functions.R#L2218                   call. = FALSE) ...
R/s4_functions.R#L2222                   condition_col)) ...
R/s4_functions.R#L2789                   error_msg <- paste0(er ...
R/s4_functions.R#L2791                       collapse = ", "),  ...
R/s4_functions.R#L2795                   error_msg <- paste0(er ...
R/s4_functions.R#L2801                   "\n  the row names of  ...
R/se_manipulation_build.R#L336                   tx_list[[length(tx_lis ...
R/se_manipulation_build.R#L363                   gene_list[[length(gene ...
R/se_manipulation_build.R#L507                   tpm <- tpm[keep_idx, , ...
R/se_manipulation_build.R#L509                   if (is.matrix(effectiv ...
R/se_manipulation_build.R#L511                   } else { ...
R/se_manipulation_build.R#L513                   } ...
R/se_manipulation_build.R#L559                   call. = FALSE) ...
R/se_manipulation_filter.R#L211                   return(matched_genes) ...
R/se_manipulation_filter.R#L552              "To resolve this, ensure TP ...
R/se_manipulation_filter.R#L553              "  analysis <- build_analys ...
R/se_manipulation_filter.R#L554              "    readcounts = readcount ...
R/se_manipulation_filter.R#L555              "    metadata = metadata_df ...
R/se_manipulation_filter.R#L556              "    tx2gene = gff3_file,\n ...
R/se_manipulation_filter.R#L557              "    tpm = tpm,             ...
R/se_manipulation_filter.R#L558              "    effective_length = eff ...
R/se_manipulation_filter.R#L559              "    config = config\n", ...
R/se_manipulation_filter.R#L560              "  )\n\n", ...
R/se_manipulation_filter.R#L561              "TPM will be stored in meta ...
R/se_manipulation_filter.R#L562              call. = FALSE) ...
R/se_manipulation_filter.R#L589                   pair_col <- pair_candi ...
R/se_manipulation_filter.R#L590                   if (!is.na(pair_col))  ...
R/se_manipulation_filter.R#L593                   } ...
R/se_manipulation_filter.R#L686                   min_tx_per_gene, remov ...
R/se_manipulation_filter.R#L694                   min_isoform_abundance  ...
R/se_manipulation_filter.R#L902                   seed, ")") ...
R/se_manipulation_filter.R#L934                   0) == length(condition ...
R/se_manipulation_filter.R#L937                   return(list(is_paired  ...
R/se_manipulation_filter.R#L1103                   n_conditions, " condit ...
R/se_manipulation_filter.R#L1106                   seed, ")") ...
R/se_manipulation_filter.R#L1231                   format(min(total_count ...
R/se_manipulation_filter.R#L1234                   ": ", n_after_filter) ...
R/se_manipulation_map.R#L441              "  Available columns: ", pa ...
R/se_manipulation_map.R#L442              "\n  Ensure sample_col para ...
R/se_manipulation_map.R#L443              call. = FALSE) ...
R/se_manipulation_map.R#L450              "  Available columns: ", pa ...
R/se_manipulation_map.R#L451              "\n  Ensure condition_col p ...
R/se_manipulation_map.R#L452              call. = FALSE) ...
R/se_manipulation_map.R#L511                   "\n  Each subject must ...
R/TSENATAnalysis_methods.R#L306                   keep_rows <- row_names ...
R/TSENATAnalysis_methods.R#L307                   return(div_res[keep_ro ...
R/TSENATAnalysis_methods.R#L322                   jk_res$resamples <- jk ...
R/TSENATAnalysis_methods.R#L325                   jk_res$influence_score ...
R/TSENATAnalysis_methods.R#L328                   # Subset to gene subse ...
R/TSENATAnalysis_methods.R#L329                   if (nrow(jk_res$ci_mat ...
R/TSENATAnalysis_methods.R#L331                   } ...
R/TSENATAnalysis_methods.R#L345                   return(div_res[i, j]) ...
R/TSENATAnalysis_methods.R#L366                   if (ncol(lm_res$residu ...
R/TSENATAnalysis_methods.R#L368                   } ...
R/TSENATAnalysis_methods.R#L371                   if (ncol(lm_res$fitted ...
R/TSENATAnalysis_methods.R#L373                   } ...
R/validate_data_compatibility.R#L261                   issues = issues)) ...
R/validate_data_compatibility.R#L281                   paste(cols_present, co ...
R/validate_data_compatibility.R#L318                   "/", length(expected_g ...
R/westfall_young_permutation.R#L394                   perm_idx, wy_randomiza ...
R/westfall_young_permutation.R#L443                   batch_idx, n_batches,  ...
R/westfall_young_permutation.R#L520                   perm_idx, wy_randomiza ...
R/westfall_young_permutation.R#L561                   perm_idx, wy_randomiza ...
R/zzz.R#L33                   # Use withCallingHandl ...
R/zzz.R#L34                   # warnings ...
R/zzz.R#L35                   withCallingHandlers(.g ...
R/zzz.R#L42                       ignore.case = TRUE ...
R/zzz.R#L43                       invokeRestart("muf ...
R/zzz.R#L45                   }) ...
vignettes/TSENAT_appendix_A.Rmd#L123   assays = list(counts = as.matrix(readc ...
vignettes/TSENAT_appendix_A.Rmd#L124   rowData = DataFrame(gene_id = genes) ...
vignettes/TSENAT_appendix_A.Rmd#L149   splicing_results[[method]] <- Splicing ...
vignettes/TSENAT_appendix_A.Rmd#L154   ) ...
vignettes/TSENAT_appendix_A.Rmd#L155   # Add sample_type and group metadata t ...
vignettes/TSENAT_appendix_A.Rmd#L156   # (sample_type matches SplicingFactory ...
vignettes/TSENAT_appendix_A.Rmd#L157   colData(splicing_results[[method]])$sa ...
vignettes/TSENAT_appendix_A.Rmd#L158   colData(splicing_results[[method]])$gr ...
vignettes/TSENAT_appendix_A.Rmd#L170   # Create analysis object (following Bi ...
vignettes/TSENAT_appendix_A.Rmd#L171   tsenat_results[[paste0("q", q)]] <- TS ...
vignettes/TSENAT_appendix_A.Rmd#L172    ...
vignettes/TSENAT_appendix_A.Rmd#L173   # Compute diversity with dynamic outpu ...
vignettes/TSENAT_appendix_A.Rmd#L174   # Use explicit namespace to avoid Spli ...
vignettes/TSENAT_appendix_A.Rmd#L175   tsenat_results[[paste0("q", q)]] <- TS ...
vignettes/TSENAT_appendix_A.Rmd#L180   ) ...
vignettes/TSENAT_appendix_A.Rmd#L198   x = shannon_entropy, ...
vignettes/TSENAT_appendix_A.Rmd#L199   samples = "sample_type", ...
vignettes/TSENAT_appendix_A.Rmd#L200   control = "Normal", ...
vignettes/TSENAT_appendix_A.Rmd#L201   method = "mean", ...
vignettes/TSENAT_appendix_A.Rmd#L202   test = "wilcoxon", ...
vignettes/TSENAT_appendix_A.Rmd#L203   verbose = FALSE ...
vignettes/TSENAT_appendix_A.Rmd#L208   x = simpson_index, ...
vignettes/TSENAT_appendix_A.Rmd#L209   samples = "sample_type", ...
vignettes/TSENAT_appendix_A.Rmd#L210   control = "Normal", ...
vignettes/TSENAT_appendix_A.Rmd#L211   method = "mean", ...
vignettes/TSENAT_appendix_A.Rmd#L212   test = "wilcoxon", ...
vignettes/TSENAT_appendix_A.Rmd#L213   verbose = FALSE ...
vignettes/TSENAT_appendix_A.Rmd#L219   analysis = tsenat_analysis_q1, ...
vignettes/TSENAT_appendix_A.Rmd#L220   control = "Normal", ...
vignettes/TSENAT_appendix_A.Rmd#L221   method = "mean", ...
vignettes/TSENAT_appendix_A.Rmd#L222   test = "wilcoxon", ...
vignettes/TSENAT_appendix_A.Rmd#L223   verbose = FALSE ...
vignettes/TSENAT_appendix_A.Rmd#L234   analysis = tsenat_analysis_q2, ...
vignettes/TSENAT_appendix_A.Rmd#L235   control = "Normal", ...
vignettes/TSENAT_appendix_A.Rmd#L236   method = "mean", ...
vignettes/TSENAT_appendix_A.Rmd#L237   test = "wilcoxon", ...
vignettes/TSENAT_appendix_A.Rmd#L238   verbose = FALSE ...
vignettes/TSENAT_appendix_A.Rmd#L273   entropy_significance, tsenat_shannon_d ...
vignettes/TSENAT_appendix_A.Rmd#L274   "SplicingFactory (Laplace)", "TSENAT ( ...
vignettes/TSENAT_appendix_A.Rmd#L275   padj_col1 = "adjusted_p_values", padj_ ...
vignettes/TSENAT_appendix_A.Rmd#L287   entropy_significance %>% select(genes, ...
vignettes/TSENAT_appendix_A.Rmd#L288                                   log2_f ...
vignettes/TSENAT_appendix_A.Rmd#L289   gene_col = "genes", ...
vignettes/TSENAT_appendix_A.Rmd#L290   padj_col = "adjusted_p_values", ...
vignettes/TSENAT_appendix_A.Rmd#L291   n_top = 10, ...
vignettes/TSENAT_appendix_A.Rmd#L292   select_cols = c("genes", "Normal_mean" ...
vignettes/TSENAT_appendix_A.Rmd#L293   col_names = c("Gene", "Normal Mean", " ...
vignettes/TSENAT_appendix_A.Rmd#L302   tsenat_shannon_diff %>% select(gene_id ...
vignettes/TSENAT_appendix_A.Rmd#L303                                  log2_fo ...
vignettes/TSENAT_appendix_A.Rmd#L304   gene_col = "gene_id", ...
vignettes/TSENAT_appendix_A.Rmd#L305   padj_col = "padj", ...
vignettes/TSENAT_appendix_A.Rmd#L306   n_top = 10, ...
vignettes/TSENAT_appendix_A.Rmd#L307   select_cols = c("gene_id", "Normal_mea ...
vignettes/TSENAT_appendix_A.Rmd#L308   col_names = c("Gene", "Normal Mean", " ...
vignettes/TSENAT_appendix_A.Rmd#L321   diff_df = entropy_significance, ...
vignettes/TSENAT_appendix_A.Rmd#L322   x_col = "mean_difference", ...
vignettes/TSENAT_appendix_A.Rmd#L323   padj_col = "adjusted_p_values", ...
vignettes/TSENAT_appendix_A.Rmd#L324   sig_alpha = 0.05, ...
vignettes/TSENAT_appendix_A.Rmd#L325   top_n = 5, ...
vignettes/TSENAT_appendix_A.Rmd#L326   title_volcano = "", ...
vignettes/TSENAT_appendix_A.Rmd#L327   title_ma = "" ...
vignettes/TSENAT_appendix_A.Rmd#L332   analysis = tsenat_analysis_q1, ...
vignettes/TSENAT_appendix_A.Rmd#L333   x_col = "mean_difference", ...
vignettes/TSENAT_appendix_A.Rmd#L334   padj_col = "padj", ...
vignettes/TSENAT_appendix_A.Rmd#L335   sig_alpha = 0.05, ...
vignettes/TSENAT_appendix_A.Rmd#L336   top_n = 5, ...
vignettes/TSENAT_appendix_A.Rmd#L337   title_volcano = "", ...
vignettes/TSENAT_appendix_A.Rmd#L338   title_ma = "", ...
vignettes/TSENAT_appendix_A.Rmd#L339   verbose = FALSE ...
vignettes/TSENAT_appendix_A.Rmd#L344   cowplot::draw_label("Shannon (Splicing ...
vignettes/TSENAT_appendix_A.Rmd#L345                      fontface = "bold",  ...
vignettes/TSENAT_appendix_A.Rmd#L348   cowplot::draw_label("Tsallis q=1 (TSEN ...
vignettes/TSENAT_appendix_A.Rmd#L349                      fontface = "bold",  ...
vignettes/TSENAT_appendix_A.Rmd#L353   cowplot::ggdraw() +  ...
vignettes/TSENAT_appendix_A.Rmd#L355                        fontface = "bold" ...
vignettes/TSENAT_appendix_A.Rmd#L356   cowplot::plot_grid( ...
vignettes/TSENAT_appendix_A.Rmd#L360   ), ...
vignettes/TSENAT_appendix_A.Rmd#L361   nrow = 2, ...
vignettes/TSENAT_appendix_A.Rmd#L362   rel_heights = c(0.08, 1) ...
vignettes/TSENAT_appendix_A.Rmd#L375   simpson_significance, tsenat_simpson_d ...
vignettes/TSENAT_appendix_A.Rmd#L376   "SplicingFactory (Simpson)", "TSENAT ( ...
vignettes/TSENAT_appendix_A.Rmd#L377   padj_col1 = "adjusted_p_values", padj_ ...
vignettes/TSENAT_appendix_A.Rmd#L382   bootstrap_options = c("striped", "hove ...
vignettes/TSENAT_appendix_A.Rmd#L383   latex_options = c("scale_down") ...
vignettes/TSENAT_appendix_A.Rmd#L392   simpson_significance %>% select(genes, ...
vignettes/TSENAT_appendix_A.Rmd#L393                                   log2_f ...
vignettes/TSENAT_appendix_A.Rmd#L394   gene_col = "genes", ...
vignettes/TSENAT_appendix_A.Rmd#L395   padj_col = "adjusted_p_values", ...
vignettes/TSENAT_appendix_A.Rmd#L396   n_top = 10, ...
vignettes/TSENAT_appendix_A.Rmd#L397   select_cols = c("genes", "Normal_mean" ...
vignettes/TSENAT_appendix_A.Rmd#L398   col_names = c("Gene", "Normal Mean", " ...
vignettes/TSENAT_appendix_A.Rmd#L402   bootstrap_options = c("striped", "hove ...
vignettes/TSENAT_appendix_A.Rmd#L403   latex_options = c("scale_down") ...
vignettes/TSENAT_appendix_A.Rmd#L410   tsenat_simpson_diff %>% select(gene_id ...
vignettes/TSENAT_appendix_A.Rmd#L411                                  log2_fo ...
vignettes/TSENAT_appendix_A.Rmd#L412   gene_col = "gene_id", ...
vignettes/TSENAT_appendix_A.Rmd#L413   padj_col = "padj", ...
vignettes/TSENAT_appendix_A.Rmd#L414   n_top = 10, ...
vignettes/TSENAT_appendix_A.Rmd#L415   select_cols = c("gene_id", "Normal_mea ...
vignettes/TSENAT_appendix_A.Rmd#L416   col_names = c("Gene", "Normal Mean", " ...
vignettes/TSENAT_appendix_A.Rmd#L420   bootstrap_options = c("striped", "hove ...
vignettes/TSENAT_appendix_A.Rmd#L421   latex_options = c("scale_down") ...
vignettes/TSENAT_appendix_A.Rmd#L431   diff_df = simpson_significance, ...
vignettes/TSENAT_appendix_A.Rmd#L432   x_col = "mean_difference", ...
vignettes/TSENAT_appendix_A.Rmd#L433   padj_col = "adjusted_p_values", ...
vignettes/TSENAT_appendix_A.Rmd#L434   sig_alpha = 0.05, ...
vignettes/TSENAT_appendix_A.Rmd#L435   top_n = 5, ...
vignettes/TSENAT_appendix_A.Rmd#L436   title_volcano = "", ...
vignettes/TSENAT_appendix_A.Rmd#L437   title_ma = "" ...
vignettes/TSENAT_appendix_A.Rmd#L442   analysis = tsenat_analysis_q2, ...
vignettes/TSENAT_appendix_A.Rmd#L443   x_col = "mean_difference", ...
vignettes/TSENAT_appendix_A.Rmd#L444   padj_col = "padj", ...
vignettes/TSENAT_appendix_A.Rmd#L445   sig_alpha = 0.05, ...
vignettes/TSENAT_appendix_A.Rmd#L446   top_n = 5, ...
vignettes/TSENAT_appendix_A.Rmd#L447   title_volcano = "", ...
vignettes/TSENAT_appendix_A.Rmd#L448   title_ma = "", ...
vignettes/TSENAT_appendix_A.Rmd#L449   verbose = FALSE ...
vignettes/TSENAT_appendix_A.Rmd#L454   cowplot::draw_label("Simpson (Splicing ...
vignettes/TSENAT_appendix_A.Rmd#L455                      fontface = "bold",  ...
vignettes/TSENAT_appendix_A.Rmd#L458   cowplot::draw_label("Tsallis q=2 (TSEN ...
vignettes/TSENAT_appendix_A.Rmd#L459                      fontface = "bold",  ...
vignettes/TSENAT_appendix_A.Rmd#L463   cowplot::ggdraw() +  ...
vignettes/TSENAT_appendix_A.Rmd#L465                        fontface = "bold" ...
vignettes/TSENAT_appendix_A.Rmd#L466   cowplot::plot_grid( ...
vignettes/TSENAT_appendix_A.Rmd#L470   ), ...
vignettes/TSENAT_appendix_A.Rmd#L471   nrow = 2, ...
vignettes/TSENAT_appendix_A.Rmd#L472   rel_heights = c(0.08, 1) ...
vignettes/TSENAT_appendix_A.Rmd#L516                    function(x) sum(!is.n ...
vignettes/TSENAT_appendix_A.Rmd#L518                    function(x) sum(!is.n ...
vignettes/TSENAT_appendix_B.Rmd#L120   sample_col = "sample", ...
vignettes/TSENAT_appendix_B.Rmd#L121   condition_col = "condition", ...
vignettes/TSENAT_appendix_B.Rmd#L122   subject_col = "paired_samples", ...
vignettes/TSENAT_appendix_B.Rmd#L123   q = seq(0, 2, by = 0.05), ...
vignettes/TSENAT_appendix_B.Rmd#L124   nthreads = 3, ...
vignettes/TSENAT_appendix_B.Rmd#L125   paired = TRUE, ...
vignettes/TSENAT_appendix_B.Rmd#L126   control = "normal" ...
vignettes/TSENAT_appendix_B.Rmd#L165   analysis,  ...
vignettes/TSENAT_appendix_B.Rmd#L166   norm = TRUE, ...
vignettes/TSENAT_appendix_B.Rmd#L167   pseudocount = "auto" ...
vignettes/TSENAT_appendix_B.Rmd#L196   Metric = c( ...
vignettes/TSENAT_appendix_B.Rmd#L203   ), ...
vignettes/TSENAT_appendix_B.Rmd#L204   Value = c( ...
vignettes/TSENAT_appendix_B.Rmd#L211   ) ...
vignettes/TSENAT_appendix_B.Rmd#L215              caption = "Supplementary Ta ...
vignettes/TSENAT_appendix_B.Rmd#L216              label = "tab:rank-entropy-s ...
vignettes/TSENAT_appendix_B.Rmd#L217              align = c("l", "r"), ...
vignettes/TSENAT_appendix_B.Rmd#L218              format = if (knitr::is_late ...
vignettes/TSENAT_appendix_B.Rmd#L219              longtable = knitr::is_latex ...
vignettes/TSENAT_appendix_B.Rmd#L220              linesep = "") %>% ...
vignettes/TSENAT_appendix_B.Rmd#L221   kableExtra::kable_styling( ...
vignettes/TSENAT_appendix_B.Rmd#L224   ) %>% ...
vignettes/TSENAT_appendix_B.Rmd#L225   kableExtra::footnote(general = "Data f ...
vignettes/TSENAT_appendix_B.Rmd#L235   Characteristic = c("Paired Structure", ...
vignettes/TSENAT_appendix_B.Rmd#L236   Test = c("Permutation test", "Spearman ...
vignettes/TSENAT_appendix_B.Rmd#L237   Result = c( ...
vignettes/TSENAT_appendix_B.Rmd#L241   ) ...
vignettes/TSENAT_appendix_B.Rmd#L245              caption = "Supplementary Ta ...
vignettes/TSENAT_appendix_B.Rmd#L246              align = c("l", "l", "r", "l ...
vignettes/TSENAT_appendix_B.Rmd#L247              format = if (knitr::is_late ...
vignettes/TSENAT_appendix_B.Rmd#L248              longtable = knitr::is_latex ...
vignettes/TSENAT_appendix_B.Rmd#L249              linesep = "") %>% ...
vignettes/TSENAT_appendix_B.Rmd#L250   kableExtra::kable_styling( ...
vignettes/TSENAT_appendix_B.Rmd#L253   ) %>% ...
vignettes/TSENAT_appendix_B.Rmd#L254   kableExtra::footnote(general = "All me ...
vignettes/TSENAT_appendix_B.Rmd#L283   Metric = c( ...
vignettes/TSENAT_appendix_B.Rmd#L291   ), ...
vignettes/TSENAT_appendix_B.Rmd#L292   Value = c( ...
vignettes/TSENAT_appendix_B.Rmd#L300   ) ...
vignettes/TSENAT_appendix_B.Rmd#L304   kableExtra::kable_styling( ...
vignettes/TSENAT_appendix_B.Rmd#L307   ) %>% ...
vignettes/TSENAT_appendix_B.Rmd#L308   kableExtra::footnote(general = "Scheir ...
vignettes/TSENAT_appendix_B.Rmd#L313   rank_sig <- rank_sig[order(rank_sig$ad ...
vignettes/TSENAT_appendix_B.Rmd#L314   rank_sig <- rank_sig[1:min(10, nrow(ra ...
vignettes/TSENAT_appendix_B.Rmd#L315    ...
vignettes/TSENAT_appendix_B.Rmd#L316   # Select columns: gene, p-values, f-st ...
vignettes/TSENAT_appendix_B.Rmd#L317   cols_to_show <- intersect(c("gene", "p ...
vignettes/TSENAT_appendix_B.Rmd#L318                               "test_meth ...
vignettes/TSENAT_appendix_B.Rmd#L320   if (length(cols_to_show) > 0) { ...
vignettes/TSENAT_appendix_B.Rmd#L325       rank_display$p_value <- sapply(ran ...
vignettes/TSENAT_appendix_B.Rmd#L327       }) ...
vignettes/TSENAT_appendix_B.Rmd#L331       rank_display$adj_p_value <- sapply ...
vignettes/TSENAT_appendix_B.Rmd#L333       }) ...
vignettes/TSENAT_appendix_B.Rmd#L338       rank_display$test_method <- sapply ...
vignettes/TSENAT_appendix_B.Rmd#L340       }) ...
vignettes/TSENAT_appendix_B.Rmd#L345       rank_display$f_statistic <- sapply ...
vignettes/TSENAT_appendix_B.Rmd#L347       }) ...
vignettes/TSENAT_appendix_B.Rmd#L351       rank_display$effect_size_eta2 <- s ...
vignettes/TSENAT_appendix_B.Rmd#L353       }) ...
vignettes/TSENAT_appendix_B.Rmd#L357                  caption = "Supplementar ...
vignettes/TSENAT_appendix_B.Rmd#L358                  col.names = c("Gene", " ...
vignettes/TSENAT_appendix_B.Rmd#L359                                "Effect S ...
vignettes/TSENAT_appendix_B.Rmd#L360                  format = if (knitr::is_ ...
vignettes/TSENAT_appendix_B.Rmd#L361                  longtable = knitr::is_l ...
vignettes/TSENAT_appendix_B.Rmd#L362                  linesep = "") %>% ...
vignettes/TSENAT_appendix_B.Rmd#L364       bootstrap_options = c("striped", " ...
vignettes/TSENAT_appendix_B.Rmd#L365       latex_options = c("scale_down") ...
vignettes/TSENAT_appendix_B.Rmd#L368   } ...
vignettes/TSENAT_appendix_B.Rmd#L404   Metric = c( ...
vignettes/TSENAT_appendix_B.Rmd#L413   ), ...
vignettes/TSENAT_appendix_B.Rmd#L414   Value = c( ...
vignettes/TSENAT_appendix_B.Rmd#L423   ) ...
vignettes/TSENAT_appendix_B.Rmd#L427   kableExtra::kable_styling( ...
vignettes/TSENAT_appendix_B.Rmd#L430   ) %>% ...
vignettes/TSENAT_appendix_B.Rmd#L431   kableExtra::footnote(general = "Aggreg ...
vignettes/TSENAT_appendix_B.Rmd#L435   gam_sig <- gam_results[!is.na(gam_resu ...
vignettes/TSENAT_appendix_B.Rmd#L436    ...
vignettes/TSENAT_appendix_B.Rmd#L437   if (nrow(gam_sig) > 0) { ...
vignettes/TSENAT_appendix_B.Rmd#L444                               colnames(g ...
vignettes/TSENAT_appendix_B.Rmd#L446       gam_display <- gam_sig[, cols_to_s ...
vignettes/TSENAT_appendix_B.Rmd#L447        ...
vignettes/TSENAT_appendix_B.Rmd#L448       # Format numeric columns ...
vignettes/TSENAT_appendix_B.Rmd#L449       numeric_cols <- sapply(gam_display ...
vignettes/TSENAT_appendix_B.Rmd#L450       gam_display[, numeric_cols] <- rou ...
vignettes/TSENAT_appendix_B.Rmd#L451        ...
vignettes/TSENAT_appendix_B.Rmd#L452       # Format p-value columns with scie ...
vignettes/TSENAT_appendix_B.Rmd#L453       if ("p_interaction" %in% colnames( ...
vignettes/TSENAT_appendix_B.Rmd#L455           if (is.na(x)) "NA" else if (x  ...
vignettes/TSENAT_appendix_B.Rmd#L457       } ...
vignettes/TSENAT_appendix_B.Rmd#L458        ...
vignettes/TSENAT_appendix_B.Rmd#L459       if ("adj_p_interaction" %in% colna ...
vignettes/TSENAT_appendix_B.Rmd#L461           if (is.na(x)) "NA" else if (x  ...
vignettes/TSENAT_appendix_B.Rmd#L463       } ...
vignettes/TSENAT_appendix_B.Rmd#L464        ...
vignettes/TSENAT_appendix_B.Rmd#L465       # Format effect size as percentage ...
vignettes/TSENAT_appendix_B.Rmd#L466       if ("effect_size" %in% colnames(ga ...
vignettes/TSENAT_appendix_B.Rmd#L468           if (is.na(x)) "NA" else sprint ...
vignettes/TSENAT_appendix_B.Rmd#L470       } ...
vignettes/TSENAT_appendix_B.Rmd#L471        ...
vignettes/TSENAT_appendix_B.Rmd#L472       # Format test statistic ...
vignettes/TSENAT_appendix_B.Rmd#L473       if ("test_statistic" %in% colnames ...
vignettes/TSENAT_appendix_B.Rmd#L475           if (is.na(x)) "NA" else sprint ...
vignettes/TSENAT_appendix_B.Rmd#L477       } ...
vignettes/TSENAT_appendix_B.Rmd#L478        ...
vignettes/TSENAT_appendix_B.Rmd#L479       # Format df as integer ...
vignettes/TSENAT_appendix_B.Rmd#L480       if ("df_residual" %in% colnames(ga ...
vignettes/TSENAT_appendix_B.Rmd#L482           if (is.na(x)) "NA" else as.int ...
vignettes/TSENAT_appendix_B.Rmd#L484       } ...
vignettes/TSENAT_appendix_B.Rmd#L485        ...
vignettes/TSENAT_appendix_B.Rmd#L486       # Rename columns for better readab ...
vignettes/TSENAT_appendix_B.Rmd#L487       colnames(gam_display) <- c("Gene", ...
vignettes/TSENAT_appendix_B.Rmd#L488        ...
vignettes/TSENAT_appendix_B.Rmd#L489       knitr::kable(gam_display,  ...
vignettes/TSENAT_appendix_B.Rmd#L490                    caption = "Top 10 Gen ...
vignettes/TSENAT_appendix_B.Rmd#L491                    align = c("l", "r", " ...
vignettes/TSENAT_appendix_B.Rmd#L492                    format = if (knitr::i ...
vignettes/TSENAT_appendix_B.Rmd#L493                    longtable = knitr::is ...
vignettes/TSENAT_appendix_B.Rmd#L494                    linesep = "") %>% ...
vignettes/TSENAT_appendix_B.Rmd#L495       kableExtra::kable_styling( ...
vignettes/TSENAT_appendix_B.Rmd#L498       ) %>% ...
vignettes/TSENAT_appendix_B.Rmd#L499       kableExtra::footnote(general = "To ...
vignettes/TSENAT_appendix_B.Rmd#L501   } ...
vignettes/TSENAT_appendix_B.Rmd#L503   cat("WARNING: p_interaction column not ...
vignettes/TSENAT_appendix_B.Rmd#L504   cat("Available columns:", paste(colnam ...
vignettes/TSENAT_appendix_B.Rmd#L542   Metric = c( ...
vignettes/TSENAT_appendix_B.Rmd#L551   ), ...
vignettes/TSENAT_appendix_B.Rmd#L552   Value = c( ...
vignettes/TSENAT_appendix_B.Rmd#L561   ) ...
vignettes/TSENAT_appendix_B.Rmd#L565              caption = "Global Concordan ...
vignettes/TSENAT_appendix_B.Rmd#L566              align = c("l", "r"), ...
vignettes/TSENAT_appendix_B.Rmd#L567              format = if (knitr::is_late ...
vignettes/TSENAT_appendix_B.Rmd#L568              longtable = knitr::is_latex ...
vignettes/TSENAT_appendix_B.Rmd#L569              linesep = "") %>% ...
vignettes/TSENAT_appendix_B.Rmd#L570   kableExtra::kable_styling( ...
vignettes/TSENAT_appendix_B.Rmd#L573   ) %>% ...
vignettes/TSENAT_appendix_B.Rmd#L574   kableExtra::footnote(general = "Compar ...
vignettes/TSENAT_appendix_B.Rmd#L580   agreement_breakdown <- data.frame( ...
vignettes/TSENAT_appendix_B.Rmd#L585   ) ...
vignettes/TSENAT_appendix_B.Rmd#L586    ...
vignettes/TSENAT_appendix_B.Rmd#L587   colnames(agreement_breakdown) <- c("Ag ...
vignettes/TSENAT_appendix_B.Rmd#L588    ...
vignettes/TSENAT_appendix_B.Rmd#L589   knitr::kable(agreement_breakdown, ...
vignettes/TSENAT_appendix_B.Rmd#L590                caption = "Method Agreeme ...
vignettes/TSENAT_appendix_B.Rmd#L591                align = c("l", "r", "r"), ...
vignettes/TSENAT_appendix_B.Rmd#L592                format = if (knitr::is_la ...
vignettes/TSENAT_appendix_B.Rmd#L593                longtable = knitr::is_lat ...
vignettes/TSENAT_appendix_B.Rmd#L594                linesep = "") %>% ...
vignettes/TSENAT_appendix_B.Rmd#L595   kableExtra::kable_styling( ...
vignettes/TSENAT_appendix_B.Rmd#L598   ) %>% ...
vignettes/TSENAT_appendix_B.Rmd#L599   kableExtra::footnote(general = "Catego ...
vignettes/TSENAT_appendix_B.Rmd#L601   cat("No agreement table available from ...
vignettes/TSENAT_appendix_B.Rmd#L608   # Sort by LM adjusted p-value, then by ...
vignettes/TSENAT_appendix_B.Rmd#L609   high_conf_sorted <- high_conf[order(hi ...
vignettes/TSENAT_appendix_B.Rmd#L610    ...
vignettes/TSENAT_appendix_B.Rmd#L611   hc_display <- high_conf_sorted[1:min(1 ...
vignettes/TSENAT_appendix_B.Rmd#L612    ...
vignettes/TSENAT_appendix_B.Rmd#L613   hc_display$padj_lm <- sprintf("%.3e",  ...
vignettes/TSENAT_appendix_B.Rmd#L614   hc_display$padj_rank <- sprintf("%.3e" ...
vignettes/TSENAT_appendix_B.Rmd#L615   hc_display$effect_lm <- sprintf("%.1f% ...
vignettes/TSENAT_appendix_B.Rmd#L616   hc_display$effect_rank <- sprintf("%.3 ...
vignettes/TSENAT_appendix_B.Rmd#L617    ...
vignettes/TSENAT_appendix_B.Rmd#L618   colnames(hc_display) <- c("Gene", "LM  ...
vignettes/TSENAT_appendix_B.Rmd#L619   rownames(hc_display) <- NULL ...
vignettes/TSENAT_appendix_B.Rmd#L620    ...
vignettes/TSENAT_appendix_B.Rmd#L621   knitr::kable(hc_display, ...
vignettes/TSENAT_appendix_B.Rmd#L622                format = if (knitr::is_la ...
vignettes/TSENAT_appendix_B.Rmd#L623                longtable = knitr::is_lat ...
vignettes/TSENAT_appendix_B.Rmd#L624                linesep = "", ...
vignettes/TSENAT_appendix_B.Rmd#L625                caption = sprintf("Robust ...
vignettes/TSENAT_appendix_B.Rmd#L626                align = c("l", "r", "r",  ...
vignettes/TSENAT_appendix_B.Rmd#L627   kableExtra::kable_styling( ...
vignettes/TSENAT_appendix_B.Rmd#L630   ) %>% ...
vignettes/TSENAT_appendix_B.Rmd#L631   kableExtra::footnote(general = "High-c ...
vignettes/TSENAT_appendix_B.Rmd#L633   cat("No high-confidence genes detected ...
vignettes/TSENAT.Rmd#L93   system.file("extdata", "metadata.tsv", ...
vignettes/TSENAT.Rmd#L94   header = TRUE, sep = "\t" ...
vignettes/TSENAT.Rmd#L100   sample_col = "sample", ...
vignettes/TSENAT.Rmd#L101   condition_col = "condition", ...
vignettes/TSENAT.Rmd#L102   paired = TRUE, ...
vignettes/TSENAT.Rmd#L103   subject_col = "paired_samples", ...
vignettes/TSENAT.Rmd#L104   control = "normal", ...
vignettes/TSENAT.Rmd#L105   q = seq(0, 2, by = 0.05) ...
vignettes/TSENAT.Rmd#L110   readcounts = readcounts,  ...
vignettes/TSENAT.Rmd#L111   tx2gene = gff3_file, ...
vignettes/TSENAT.Rmd#L112   metadata = metadata_df, ...
vignettes/TSENAT.Rmd#L113   config = config, ...
vignettes/TSENAT.Rmd#L114   tpm = tpm, ...
vignettes/TSENAT.Rmd#L115   effective_length = effective_length) ...
vignettes/TSENAT.Rmd#L310   sample_col = "sample", ...
vignettes/TSENAT.Rmd#L311   condition_col = "condition", ...
vignettes/TSENAT.Rmd#L312   subject_col = "paired_samples", ...
vignettes/TSENAT.Rmd#L313   q = seq(0, 2, by = 0.05), ...
vignettes/TSENAT.Rmd#L314   nthreads = 2, ...
vignettes/TSENAT.Rmd#L315   paired = TRUE, ...
vignettes/TSENAT.Rmd#L316   control = "normal" ...
vignettes/TSENAT.Rmd#L321   config = config, ...
vignettes/TSENAT.Rmd#L322   readcounts = readcounts, ...
vignettes/TSENAT.Rmd#L323   metadata = metadata_df, ...
vignettes/TSENAT.Rmd#L324   tx2gene = gff3_file,  ...
vignettes/TSENAT.Rmd#L325   tpm = tpm, ...
vignettes/TSENAT.Rmd#L326   effective_length = effective_length ...
vignettes/TSENAT.Rmd#L415                          first_sample_na ...
vignettes/TSENAT.Rmd#L423       bootstrap_options = c("striped", " ...
vignettes/TSENAT.Rmd#L424       latex_options = c("scale_down") ...
vignettes/TSENAT.Rmd#L427   cat("Note: Diversity results not avail ...
vignettes/TSENAT.Rmd#L428       "Ensure calculate_diversity() was  ...
vignettes/TSENAT.Rmd#L470   # Round numeric columns for better rea ...
vignettes/TSENAT.Rmd#L471   sample_qc$Proportion_Affected <- round ...
vignettes/TSENAT.Rmd#L472   sample_qc$Genes_Affected <- round(samp ...
vignettes/TSENAT.Rmd#L473   sample_qc$Distance_from_Centroid <- ro ...
vignettes/TSENAT.Rmd#L474    ...
vignettes/TSENAT.Rmd#L475   # Select columns: exclude Robustness_W ...
vignettes/TSENAT.Rmd#L476   cols_to_show <- c("Sample", "Condition ...
vignettes/TSENAT.Rmd#L478   cols_to_show <- cols_to_show[cols_to_s ...
vignettes/TSENAT.Rmd#L479    ...
vignettes/TSENAT.Rmd#L480   knitr::kable( ...
vignettes/TSENAT.Rmd#L481       sample_qc[, cols_to_show], ...
vignettes/TSENAT.Rmd#L482       caption = "**Table 2 | Sample Infl ...
vignettes/TSENAT.Rmd#L483       digits = 4, ...
vignettes/TSENAT.Rmd#L484       row.names = FALSE, ...
vignettes/TSENAT.Rmd#L485       format = if (knitr::is_latex_outpu ...
vignettes/TSENAT.Rmd#L486       longtable = knitr::is_latex_output ...
vignettes/TSENAT.Rmd#L487       linesep = "" ...
vignettes/TSENAT.Rmd#L488   ) %>% ...
vignettes/TSENAT.Rmd#L489   kableExtra::kable_styling( ...
vignettes/TSENAT.Rmd#L492   ) ...
vignettes/TSENAT.Rmd#L518         ...
vignettes/TSENAT.Rmd#L532                   "effect_size", "test_s ...
vignettes/TSENAT.Rmd#L613   # Iterate over the prepared comparison ...
vignettes/TSENAT.Rmd#L614   for (gene_idx in 1:min(2, length(table ...
vignettes/TSENAT.Rmd#L621       # Create display labels for column ...
vignettes/TSENAT.Rmd#L622       q_values_available <- q_metadata$q ...
vignettes/TSENAT.Rmd#L623       col_display <- c( ...
vignettes/TSENAT.Rmd#L626           q_num <- q_metadata$q_key_to_v ...
vignettes/TSENAT.Rmd#L627           paste0("q=", sprintf("%.2f", q ...
vignettes/TSENAT.Rmd#L631       ) ...
vignettes/TSENAT.Rmd#L632        ...
vignettes/TSENAT.Rmd#L633       print(knitr::kable(comparison_data ...
vignettes/TSENAT.Rmd#L634                          digits = 3,  ...
vignettes/TSENAT.Rmd#L635                          col.names = col ...
vignettes/TSENAT.Rmd#L636                          format = if (kn ...
vignettes/TSENAT.Rmd#L637                          longtable = kni ...
vignettes/TSENAT.Rmd#L638                          linesep = "") % ...
vignettes/TSENAT.Rmd#L640               bootstrap_options = c("str ...
vignettes/TSENAT.Rmd#L641               latex_options = c("scale_d ...
vignettes/TSENAT.Rmd#L646   } ...
vignettes/TSENAT.Rmd#L648   cat("Multi-Q switching tables not avai ...
vignettes/TSENAT.Rmd#L715           bootstrap_options = c("striped ...
vignettes/TSENAT.Rmd#L716           latex_options = c("scale_down" ...
vignettes/TSENAT.Rmd#L734               bootstrap_options = c("str ...
vignettes/TSENAT.Rmd#L735               latex_options = c("scale_d ...
vignettes/TSENAT.Rmd#L881                           bootstrap_opti ...
vignettes/TSENAT.Rmd#L882                           latex_options  ...
vignettes/TSENAT.Rmd#L952   A flat curve (balanced) vs. declining  ...
vignettes/TSENAT.Rmd#L953   encode fundamentally different mechani ...
vignettes/TSENAT.Rmd#L956   where in the limit q->1 the Tsallis di ...
vignettes/TSENAT.Rmd#L957   This weights all isoforms equally. Thi ...
vignettes/TSENAT.Rmd#L959   groups [@I007; @I008; @I010]. If D(q=0 ...
vignettes/TSENAT.Rmd#L961   isoforms rebalance while rare ones sta ...
vignettes/TSENAT.Rmd#L981    effect, less variance). If CIs grow w ...
vignettes/TSENAT.Rmd#L984    should NOT show erratic increases wit ...
vignettes/TSENAT.Rmd#L985    indicate numerical instability. ...
vignettes/TSENAT.Rmd#L988    ACTB, etc.) [@S023]. These should sho ...
Checking if package already exists in CRAN... OK
Checking for bioc-devel mailing list subscription...
Cannot determine whether maintainer is subscribed to the Bioc-Devel mailing list (requires admin credentials). Subscribe here: https://stat.ethz.ch/mailman/listinfo/bioc-devel
Checking for support site registration... OK
